code,name,brand,price,description,image,page,confidence
PRO-7,USB 4GB,ALDEEPO,12.0,"• MODELO : METAL
• CAPACIDAD: 4 GB
• TIPO: USB
• TRANSFERENCIAS DE ALTA
VELOCIDAD
• USO: ALMACENAR MÚSICA,
VIDEOS Y MÁS",images/PRO-7.jpg,3,1.0
PRO-8,USB 8GB,ALDEEPO,13.0,"• MODELO : METAL
• CAPACIDAD: 8 GB
• TIPO: USB
• TRANSFERENCIAS DE ALTA
VELOCIDAD
• USO: ALMACENAR MÚSICA,
VIDEOS Y MÁS",images/PRO-8.jpg,4,1.0
AD-GK121,USB 8GB,ALDEEPO,13.0,"• MODELO : METAL
• CAPACIDAD: 8 GB
• TIPO: USB
• TRANSFERENCIAS DE ALTA
VELOCIDAD
• USO: ALMACENAR MÚSICA,
VIDEOS Y MÁS",images/AD-GK121.jpg,5,1.0
PRO-11,USB 64GB,ALDEEPO,28.0,"• MODELO : METAL
• CAPACIDAD: 64 GB
• TIPO: USB
• TRANSFERENCIAS DE ALTA
VELOCIDAD
• USO: ALMACENAR MÚSICA,
VIDEOS Y MÁS",images/PRO-11.jpg,6,1.0
PRO-9,USB 16GB,ALDEEPO,16.0,"• MODELO : METAL
• CAPACIDAD: 16 GB
• TIPO: USB
• TRANSFERENCIAS DE ALTA
VELOCIDAD
• USO: ALMACENAR MÚSICA,
VIDEOS Y MÁS",images/PRO-9.jpg,7,1.0
ET-M1062-M16,USB,EWTTO,18.0,"• MODELO : METAL
• CAPACIDAD: 16 GB
• TIPO: USB
• TRANSFERENCIAS DE ALTA
VELOCIDAD
• USO: ALMACENAR MÚSICA,
VIDEOS Y MÁS",images/ET-M1062-M16.jpg,8,1.0
ET-M1063-M16,USB,EWTTO,18.0,"• MODELO : METAL
• CAPACIDAD: 16 GB
• TIPO: USB
• TRANSFERENCIAS DE ALTA
VELOCIDAD
• USO: ALMACENAR MÚSICA,
VIDEOS Y MÁS",images/ET-M1063-M16.jpg,9,1.0
ET-M1063-L32,USB,EWTTO,25.0,"• MODELO : METAL
• CAPACIDAD: 32 GB
• TIPO: USB
• TRANSFERENCIAS DE ALTA
VELOCIDAD
• USO: ALMACENAR MÚSICA,
VIDEOS Y MÁS",images/ET-M1063-L32.jpg,10,1.0
PRO-10,USB 32GB,ALDEEPO,20.0,"• MODELO : METAL
• CAPACIDAD: 32 GB
• TIPO: USB
• TRANSFERENCIAS DE ALTA
VELOCIDAD
• USO: ALMACENAR MÚSICA,
VIDEOS Y MÁS",images/PRO-10.jpg,11,1.0
ET-M1062-L32,USB,EWTTO,25.0,"• MODELO : METAL
• CAPACIDAD: 16 GB
• TIPO: USB
• TRANSFERENCIAS DE ALTA
VELOCIDAD
• USO: ALMACENAR MÚSICA,
VIDEOS Y MÁS",images/ET-M1062-L32.jpg,12,1.0
ET-E0621,ADAPTADOR BLUETOOTH,EWTTO,7.5,"• PRODUCTO:USB
BLUETOOTH
• MODELO:  EWTTO
• MATERIAL : PLASTICO ABS
• CARACTERISTICAS: ADMITE
LA CONEXIÓN DE
DISPOSITIVOS, ADAPTADOR
OTG
• INCLUYE: CABLE AUXILIAR
• COLOR: NEGRO",images/ET-E0621.jpg,13,1.0
AD-TA02,MEMORIA 4GB,ALDEEPO,10.0,"• CAPACIDAD: 4 GB.
• INCLUYE: ADAPTADOR SD
PARA COMPATIBILIDAD CON
DISPOSITIVOS DE TAMAÑO
ESTÁNDAR.
• USO: ALMACENAMIENTO
RÁPIDO Y SEGURO PARA
FOTOS, VIDEOS Y ARCHIVOS
EN DIVERSOS DISPOSITIVOS.",images/AD-TA02.jpg,14,1.0
AD-TA03,MEMORIA 8GB,ALDEEPO,14.0,"• CAPACIDAD: 8 GB.
• INCLUYE: ADAPTADOR SD
PARA COMPATIBILIDAD CON
DISPOSITIVOS DE TAMAÑO
ESTÁNDAR.
• USO: ALMACENAMIENTO
RÁPIDO Y SEGURO PARA
FOTOS, VIDEOS Y ARCHIVOS
EN DIVERSOS DISPOSITIVOS.",images/AD-TA03.jpg,15,1.0
AD-TA04,MEMORIA 16GB,ALDEEPO,16.0,"• CAPACIDAD: 16 GB.
• INCLUYE: ADAPTADOR SD
PARA COMPATIBILIDAD CON
DISPOSITIVOS DE TAMAÑO
ESTÁNDAR.
• USO: ALMACENAMIENTO
RÁPIDO Y SEGURO PARA
FOTOS, VIDEOS Y ARCHIVOS
EN DIVERSOS DISPOSITIVOS.",images/AD-TA04.jpg,16,1.0
AD-TA05,MEMORIA 32GB,ALDEEPO,20.0,"• CAPACIDAD: 32 GB.
• INCLUYE: ADAPTADOR SD
PARA COMPATIBILIDAD CON
DISPOSITIVOS DE TAMAÑO
ESTÁNDAR.
• USO: ALMACENAMIENTO
RÁPIDO Y SEGURO PARA
FOTOS, VIDEOS Y ARCHIVOS
EN DIVERSOS DISPOSITIVOS.",images/AD-TA05.jpg,17,1.0
AD-TA06,MEMORIA 64GB,ALDEEPO,40.0,"• CAPACIDAD: 64 GB.
• INCLUYE: ADAPTADOR SD
PARA COMPATIBILIDAD CON
DISPOSITIVOS DE TAMAÑO
ESTÁNDAR.
• USO: ALMACENAMIENTO
RÁPIDO Y SEGURO PARA
FOTOS, VIDEOS Y ARCHIVOS
EN DIVERSOS DISPOSITIVOS.",images/AD-TA06.jpg,18,1.0
ET-M4132,LECTOR DE MEMORIA,EWTTO,3.5,"• PRODUCTO: OTG
• MODELO: EWTTO
• TIPO:  C-USB
• USO:  LECTOR DE MEMORIA
• CARACTERISTÍCAS: DISEÑO
REFORZADO METALIZADO,
CADENA DE LLAVERO METAL
• PRODUCTO: LECTOR DE
MEMORIA,USB (OTG)
• PERMITE: A SMARTPHONES,
TABLETS LEER Y TRANSFERIR
ARCHIVOS DESDE MEMORIAS USB
O TARJETAS MICRO SD, SIN
NECESIDAD DE UNA
COMPUTADORA",images/ET-M4132.jpg,19,1.0
W-02,PAD MOUSE,,5.0,"• PAD MOUSE CON REPOSO DE GEL
AMORTIGUADOR.
• DISEÑADO PARA OFRECER UNA
SUPERFICIE SUAVE Y PRECISA CON
UNA BASE ANTIDESLIZANTE.",images/W-02.jpg,20,0.9
MP-002,PAD MOUSE HALION,,7.0,"• MATERIAL: ACCESORIO DE
LONA (TELA) DE COLOR
NEGRO
• DISEÑADO PARA OFRECER
UNA SUPERFICIE SUAVE Y
PRECISA CON UNA BASE
ANTIDESLIZANTE.
• DIMENSIONES: 320 X 270MM
CON UN GROSOR DE 2MM.",images/MP-002.jpg,21,0.9
BS-M7713,PAD MOUSE BOSSNEY,,12.0,"• MATERIAL: ACCESORIO DE
LONA (TELA) DE COLOR
NEGRO
• DISEÑADO PARA OFRECER
UNA SUPERFICIE SUAVE Y
PRECISA CON UNA BASE
ANTIDESLIZANTE.
• INFORMACION SOBRE LAS
TECLAS PARA APRENDER MAS
ATAJOS.",images/BS-M7713.jpg,22,0.9
MP-848,PAD MOUSE,,20.0,"• PAD MOUSE.
• CUENTA CON BASE DE GOMA
ANTIDESLIZANTE Y BORDES
COSIDOS PARA MAYOR
DURABILIDAD.
• ESTA HECHA DE TELA DE MALLA
FINA PARA UN SEGUIMIENTO DE
MOUSE SUAVE Y PRECISO.",images/MP-848.jpg,23,0.9
AD-M053,MOUSE,ALDEEPO,4.0,"• MOUSE CON CONEXIÓN USB
2.0
• RESOLUCION 800 DPI
• RUEDA DE DESPLAZAMIENTO
• LONGITUD DE CABLE: 1.5M",images/AD-M053.jpg,24,1.0
PC06,MOUSE SUPER,,6.0,"• MOUSE CON CABLE
• COLOR: NEGRO
• OPTICO",images/PC06.jpg,25,0.9
PC05,MOUSE SUPER,SUPER,7.0,"• MARCA: SUPER
• MOUSE OPTICO CON CABLE",images/PC05.jpg,26,1.0
M209K,MOUSE CYBERTEL,CYBERTEL,9.0,"• MARCA: CYBERTEL
• MODELO: M209K
• CONEXIÓN: ALÁMBRICO
USB
• CABLE EXTENSO: 1.50M
• SENSIBILIDAD:1000DPI
• CUENTA CON ILUMINACIÓN
LED.",images/M209K.jpg,27,1.0
DN-G630,MOUSE SUPER,SEISA,10.0,"• MARCA: SEISA
• MOUSE INALAMBRICO
• UTILIZA TECNOLOGIA
INALAMBRICA DE 2.4GHZ
MEDIANTE RECEPTOR NANO USB
INCLUIDO.
• OFRECE RESOLUCIONES
AJUSTABLES,COMUNMENTE DE
800 O 1600 DPI PARA MAYOR
PRECISION.
• FUNCIONA CON SISTEMAS
OPERATIVOS WINDOWS.",images/DN-G630.jpg,28,1.0
QS-103,MOUSE YILIMA,YILIMA,10.0,"• MARCA: YILIMA
• MODELO: QS-103
• CONEXIÓN: ALÁMBRICO
USB
• RESOLUCION HASTA
6000DPI.
• COMPATIBLE CON
WINDOWS, MACOS Y LINUX.",images/QS-103.jpg,29,1.0
PC07,MOUSE SUPER INALAMBRICO,MAGIC PRO,12.0,"• MOUSE RECARGABLE
• CONECTIVIDAD DUAL:
INALÁMBRICO DE 2.4 GHZ A TRAVÉS
DE UN NANO RECEPTOR USB
(INCLUIDO) Y BLUETOOTH.
• ILUMINACIÓN LED RGB: CUENTA
CON LUCES LED DE 7 U 8 COLORES
(RGB) QUE LE DAN UN ASPECTO
GAMER Y PERSONALIZABLE.
• INCLUYE CABLE TIPO C",images/PC07.jpg,30,1.0
AD-M170,MOUSE,ALDEEPO,13.0,"• MOUSE INALAMBRICO
RECARGABLE
• MARCA: ALDEEPO
• CONEXIÓN DUAL: RECEPTOR USB
DE 2.4HZ Y BLUETOOTH
• INCLUYE CABLE DE CARGA",images/AD-M170.jpg,31,1.0
W07,MOUSE AOAS,,13.0,"• TIPO: MOUSE  AOAS
• ALIMENTACIÓN: RECARGABLE
• CARACTERÍSTICAS: CON RUEDA DE
SCROLLING
• DPI: AJUSTABLE
• CONECTIVIDAD: USB
• INCLUYE:  CABLE C
• DISEÑO: MODERNO Y COMPACTO
• INCLUYE: RECEPTOR USB
• USO: WINDOWS, MAC OS,PARA
TRABAJO DE OFICINA",images/W07.png,32,0.9
TPM0050,MOUSE OPTICO RO,MAX,14.0,"• MOUSE OPTICO ROMAX DISEÑO SLIM
• CON RUEDA DE SCROLLING
• BATERIA RECARGABLE
• CABLE RECARGABLE TIPO C",images/TPM0050.jpg,33,1.0
RF-6800B,MOUSE WEIBO,,16.0,"• MOUSE OPTICO
• CON RUEDA DE SCROLLING
• BATERIA RECARGABLE
• CABLE RECARGABLE TIPO C",images/RF-6800B.jpg,34,0.9
TPM0056,MOUSE RO,MAX,16.0,"• MOUSE INALAMBRICO
RECARGABLE
• MARCA: ROMAX
• BATERIA:500 MAH
• DISTANCIA: 10 METROS
• CONEXIÓN DUAL: RECEPTOR USB
DE 2.4HZ Y BLUETOOTH
• INCLUYE CABLE DE CARGA",images/TPM0056.jpg,35,1.0
EKM308,MOUSE ENKORE,,16.0,"• MOUSE ENKORE
• ILUMINACION RGB 7
COLORES
• DPI GRADUABLE HASTA 7200
• BOTONES AVANCE Y
RETROCESO
• CABLE EXTENSO DE 1.50CM
• CABLE USB TEXTIL
• COMPATIBLE CON S.O ,
WINDOWS Y OTROS.",images/EKM308.jpg,36,0.9
BS-M7023,MOUSE BOSSNEY,BOSSNEY,18.0,"• MARCA: BOSSNEY
• MODELO: BS-M7023
• CONEXIÓN: INALÁMBRICO,
CON TECNOLOGÍA DE 2.4G Y
BLUETOOTH (BT), LO QUE
PERMITE CONECTIVIDAD
DUAL.
• RECARGABLE
• CUENTA CON ILUMINACIÓN
LED.",images/BS-M7023.jpg,37,1.0
M703-3M,MOUSE CYBERTEL,CYBERTEL,20.0,"• MARCA: CYBERTEL
• MODELO: M703-3M
• CONEXIÓN: INALÁMBRICO,
CON TECNOLOGÍA DE 2.4G Y
BLUETOOTH (BT)
• RECARGABLE
• CUENTA CON ILUMINACIÓN
LED.
• CABLE CARGADOR CON
ENTRADA TIPO C",images/M703-3M.jpg,38,1.0
EKM500,MOUSE ENKORE,,20.0,"• MOUSE ENKORE
• 3 MODOS: WI-FI,
BT,RECARGABLE
• MOUSE OPTICO GAMER DE 6
BOTONES
• ILUMINACION RGB
• NANO RECEPTOR USB
• ADAPTADOR TIPO C
• PUERTO DE CARGA TIPO C
• NIVEL DE DPI: 1600 DPI.
• CLICK SILENCIOSO
• COMPATIBLE CON S.O ,
WINDOWS Y OTROS.",images/EKM500.jpg,39,0.9
EMR213BK,MOUSE RECARGABLE ACER,ACER,27.0,"• MARCA: ACER
• TECNOLOGÍA: CONEXIÓN
INALÁMBRICA DUAL MEDIANTE
2.4G Y BLUETOOTH.
• SENSIBILIDAD: RESOLUCIÓN DE
HASTA 1600 DPI.
• COLOR: NEGRO.
• CARACTERÍSTICAS: INCLUYE UN
CABLE DE CARGA Y BOTONES
LATERALES PARA FUNCIONALIDAD
ADICIONAL.",images/EMR213BK.jpg,40,1.0
MS975WB,MOUSE GAMER USB HAVIT,HAVIT,70.0,"• MARCA: HAVIT
• CUENTA CON CONEXIÓN TRIPLE
QUE INCLUYE CABLEADO,
INALÁMBRICO DE 2.4GHZ Y
BLUETOOTH 5.1.
• SENSOR Y DPI: UTILIZA UN SENSOR
DE ALTA PRECISIÓN AJUSTABLE
HASTA 20,000 DPI.
• COMPATIBILIDAD: FUNCIONA CON
SISTEMAS OPERATIVOS WINDOWS,
MAC OS Y LINUX.",images/MS975WB.jpg,41,1.0
MY-7100,MINI TECLADO INALAMBRICO,BAIHUO,15.0,"• MODELO: MINI, PORTÁTIL
• CONECTIVIDAD: INALÁMBRICA
2.4G + RECEPTOR USB
• ALCANCE: HASTA 10 METROS
• COMPATIBILIDAD: PC, TV BOX,
LAPTOP
• CABLE DE CARGA",images/MY-7100.jpg,42,1.0
C120,CONTROL CON TECLADO,,20.0,"• AIR  MOUSE, CONTROL REMOTO
INALAMBRICO QUE COMBINA
FUNCIONES DE TECLADO
QWERTY Y GIROSCOPIO PARA
NAVEGAR EN SMART TVS Y
COMPUTADORAS.
• CONECTIVIDAD: INALÁMBRICA
2.4G , RECEPTOR USB
• COMPATIBLE CON DIVERSOS
SISTEMAS OPERATIVOS,INCLUIDO
ANDROID, WINDOWS, MAC OS Y
LINUX.",images/C120.jpg,43,0.9
K530,TECLADO CYBERTEL,,14.0,"• MODELO: EJECUTIVO
GENERICO.
• DISEÑO: CLÁSICO Y
ERGONÓMICO
• CONECTIVIDAD: USB
• COMPATIBILIDAD: PC Y
LAPTOP
• USO: OFICINA Y HOGAR",images/K530.jpg,44,0.9
AD-K51,TECLADO,ALDEEPO,18.0,"• MODELO: EJECUTIVO
ALAMBRICO.
• DISEÑO: CLÁSICO Y
ERGONÓMICO
• CONECTIVIDAD: USB
• COMPATIBILIDAD: PC Y
LAPTOP
• USO: OFICINA Y HOGAR",images/AD-K51.jpg,45,1.0
EAK040-SP,KIT TECLADO Y MOUSE,,28.0,"• CONECTIVIDAD: AMBOS
DISPOSITIVOS SE CONECTAN
MEDIANTE CABLE USB DE
1.5 METROS DE LONGITUD.
• MOUSE: CUENTA CON 3
BOTONES Y UNA
RESOLUCIÓN DE 1200 DPI.
• TECLADO: ES UN TECLADO
ESTÁNDAR CON 105 TECLAS
EN ESPAÑOL.",images/EAK040-SP.jpg,46,0.9
DN-H038,TECLADO Y MOUSE SEISA,,30.0,"• TECLADO Y MOUSE INALAMBRICO
• BATERIA TERNARIA DE IONES DE
LITIO DE 150 MAH
• TAMAÑO DEL TECLADO:
247.5X150X6.4MM
• COMPATIBLE CON
WINDOWS,ANDROID,TABLETAS
IOS,TELEFONOS
MOVILES,ORDENADORES Y
TELEVISORES CON BLUETOOTH.",images/DN-H038.jpg,47,0.9
HA-K433C,TECLADO+MOUSE HALION,,30.0,• TECLADO + MOUSE,images/HA-K433C.jpg,48,0.9
A2000,TECLADO + MOUSE,,25.0,"• MODELO: INALAMBRICO
• DISEÑO: CLÁSICO Y
ERGONÓMICO
• CABLE CARGADOR
• CONECTIVIDAD: USB
• COMPATIBILIDAD: PC Y
LAPTOP
• USO: OFICINA Y HOGAR",images/A2000.jpg,49,0.9
AD-KW52,"TECLADO 
INALAMBRICO",ALDEEPO,28.0,"• TECLADO Y MOUSE
INALAMBRICO
• CONEXIÓN DE 2.4GHZ
• DISEÑO: ERGONOMICO
E IMPERMEABLE",images/AD-KW52.jpg,50,1.0
WT801,TECLADO Y MOUSE,,35.0,"• TECLADO Y MOUSE INALAMBRICO
• TECLADO CUENTA CON DISEÑO
MULTIMEDIA COMPACTO DE 78 TECLAS
TIPO CHOCOLATE UV ANTIBORRADO.
• CUENTA CON COBERTO DE SILICONA
PARA PROTECCION Y TIENE UN
SISTEMA WATERPROOF PARA EVITAR
DAÑOS POR LIQUIDOS
• MOUSE INALAMBRICO DE 2.4GHZ Y
SENSIBILIDAD DE 1000DPI
• AMBOS TIENEN SISTEMA OPERATIVOS
WINDOWS,LINUX Y OTROS",images/WT801.jpg,51,0.9
KM201,TECLADO HALION,,50.0,"• MODELO: EJECUTIVO,
CABLEADO
• DISEÑO: CLÁSICO Y
ERGONÓMICO
• LUCES RGB
• CONECTIVIDAD: USB
• COMPATIBILIDAD: PC Y
LAPTOP
• USO: OFICINA Y HOGAR",images/KM201.jpg,52,0.9
KM202,TECLADO HALION,,55.0,"• MODELO: EJECUTIVO,
CABLEADO
• DISEÑO: CLÁSICO Y
ERGONÓMICO
• LUCES RGB
• LONGITUD: 1.6M
• CONECTIVIDAD: USB
• COMPATIBILIDAD: PC Y LAPTOP
• USO: OFICINA Y HOGAR",images/KM202.jpg,53,0.9
G1000-4,"TECLADO, MOUSE Y AUDIFONOS GAMER",,68.0,"• TECLADO , MOUSE Y
AUDIFONOS CON CABLE
• MODELO GAMER
• CON LUCES RGB
• MOUSE DPI GRADUABLE
HASTA 3600.
• TECLADO CON TECLAS
ELEVADAS
• DIADEMA ACOLCHADA
AJUSTABLE
• COMPATIBLE CON S.O.
WINDOWS Y OTROS",images/G1000-4.jpg,54,0.9
PC19,"PARLANTE  DE 
COMPUTO SUPER",,30.0,"• MODELO: SUPER, GENÉRICO
• TIPO: ESTÉREO, USB
• POTENCIA: 6W (3W POR CANAL)
• CONECTIVIDAD: USB 2.0 Y 3.5MM
PARA AUDIO
• COMPATIBILIDAD: PCS, LAPTOPS,
CONSOLAS Y OTROS
DISPOSITIVOS CON SALIDA DE
AUDIO DE 3.5MM
• DISEÑO COMPACTO, SONIDO
CLARO Y POTENTE PARA USO
PERSONAL",images/PC19.jpg,55,0.9
HA-S270,"PARLANTE  DE 
COMPUTO HALION",,35.0,"• MODELO: HALION
• POTENCIA: 5W *2
• ALTAVOZ : 66MM*2
• LONGITUD: 1.2M
• ALIMENTACION POR CONECTOR
USB
• SALIDA AUXILIAR 3.5MM PARA
AURICULAR.
• COMPATIBLE CON : PC, LAPTOP,TV
Y OTROS DISPOSITIVOS DE
AUDIO.",images/HA-S270.jpg,56,0.9
S257,PARLANTE HALION,,38.0,"• MODELO: SONIDO ESTÉREO
2.0 DISEÑADO PARA PC Y
LAPTOPS
• CUENTAN CON
ILUMINACIÓN LED RGB.
• TIENEN UNA POTENCIA DE
5W.
• CONECTOR JACK DE AUDIO
DE 3,5 MM Y UN CONECTOR
USB",images/S257.jpg,57,0.9
T-50,AURICULAR PARA PC HALION,,16.0,"•
PRODUCTO: AUDÍFONO
HEADSETS
• MODELO: VINCHA
• LONGITUD DE CABLE: 2.2MT
• CARCATERÍSTICAS: INCLUYE UN
MICRÓFONO EXTERNO PARA
TRANSMITIR LA VOZ.
• USO: : AURICULARES
OFFICE,JUEGOS
• COLORES: AMARILLO, ROJO Y
AZUL",images/T-50.jpg,58,0.9
,FUXI H5D AUDIFONO GAMER HAVIT,,50.0,"• CONECTIVIDAD: UTILIZAN UN
CONECTOR DE 3.5MM COMPATIBLE
CON MÚLTIPLES DISPOSITIVOS.
• AUDIO: CUENTAN CON UNIDADES
DINÁMICAS DE 50MM PARA UN
SONIDO ENVOLVENTE.
• MICRÓFONO: INCORPORAN UN
MICRÓFONO OMNIDIRECCIONAL
AJUSTABLE.
• COMODIDAD: DISEÑADOS CON
ALMOHADILLAS DE MALLA
TRANSPIRABLE",images/page_059_product_001.jpg,59,0.75
N08,COOLER PARA CELULAR,,22.0,"• PRODUCTO: COOLER PARA CELULAR
• UTILIZA TECNOLOGIA DE
SEMICONDUCTOREES PARA REDUCIR
RAPIDAMENTE LA TEMPERATURA DE
TU TELEFONO, EVITANDO EL
SOBRECALIENTAMIENTO DURANTE
JUEGOS INTENSOS O TRANSMISIONES
EN VIVIO.",images/N08.jpg,60,0.9
HA-73,COOLER DE LAPTOP,,30.0,"• PRODUCTO: COOLER PARA LAPTOP
• INCLUYE: 2 VENTILADORES DE 14 CM
• CONEXIÓN: USB
• MATERIAL : PLÁSTICO LIGERO CON
MALLA METÁLICA
• SOPORTA LAPTOPS : 9″ HASTA 17″
• CARACTERISTÍVCAS: LUZ LED, CON
NIVELES DE POSICIÓN, MATERIAL DE
PLÁSTICO Y METAL, 2 PUERTOS USB,
CABLE DE ALIMENTACIÓN USB 5VDC,
MARCA CYBERCOOL.
• DIMENSIONES : 37 X 26.5 X 8.3 CM
• COLOR: NEGRO",images/HA-73.jpg,61,0.9
N99,COOLER DE LAPTOP,,30.0,"• PRODUCTO: COOLER PARA LAPTOP
• INCLUYE: 2 VENTILADOR GRANDE
ILUMINADO PARA DISIPAR EL CALOR
• CONEXIÓN: USB DIRECTA AL EQUIPO Y
CUENTA CON PUERTOS USB
ADICIONALES
• SOPORTE AJUSTABLE PERMITIENDO
DIFERENTES NIVELES DE INCLINACION
PARA MAYOR COMODIDAD
• CABLE USB",images/N99.jpg,62,0.9
N33,COOLER PARA LAPTOP,,30.0,"•
ILUMINACIÓN: CUENTA CON MODOS DE
LUZ RGB PARA PERSONALIZAR EL ESTILO.
•
ENFRIAMIENTO: INCORPORA DOS
VENTILADORES PARA REDUCIR LA
TEMPERATURA DEL EQUIPO Y MEJORAR
SU RENDIMIENTO.
•
ERGONOMÍA: OFRECE AJUSTE DE
ALTURA PARA MEJORAR LA POSTURA AL
USAR LA LAPTOP.
•
CONECTIVIDAD: SE CONECTA Y
ALIMENTA MEDIANTE PUERTOS USB.
•
CUENTA CON SOPORTE PARA COLOCAR
EL CELULAR.",images/N33.jpg,63,0.9
MY-7521,HOLDER PARA LAPTOP,BAIHUO,15.0,"•
PRODUCTO: SOPORTE
•
MARCA: BAIHUO
•
MATERIAL:ABS,METAL
•
CARACTERISTÍCAS:INCLINABLE
•
AJUSTABLE
•
CON UNA FUNDA PARA GUARDADO FACIL
•
COLOR: GRIS",images/MY-7521.jpg,64,1.0
SZ12283,SOPORTE PARA LAPTOP,,40.0,"• SOPORTE PARA LAPTOP
METÁLICO
• GIRO 360°
• DOBLE VENTILADOR
• CONTENIDO: CABLE DE PODER Y
LLAVE DE AJUSTE",images/SZ12283.jpg,65,0.9
BS-E6804,SOPORTE,BOSSNEY,75.0,"•
PRODUCTO: SOPORTE
•
MARCA: BOSSNEY
•
USO:  MAC OS,PC/NOTEBOOK
•
MATERIAL:ABS,METAL
•
DIMESIONES: ALTO 16CM Y
LARGO 23CM
•
CARACTERISTÍCAS:INCLINABLE
•
INCLUYE:
1 × SOPORTE
2 X  VENTILADORES RGB
1 × CABLE TIPO C (PARA
ALIMENTACIÓN O CONTROL)
1 × ADAPTADOR OTG TIPO C A
USB
1 × LLAVE HEXAGONAL (PARA A
•
EQUIPO: 15.9”
•
COLOR: GRIS",images/BS-E6804.jpg,66,1.0
MULTI-35,ENCHUFE,,12.0,"•
CAPACIDAD: 2000W
•
4 TOMAS DE CORRIENTE
•
2 PUERTOS USB
•
2 PUERTOS TIPO C
•
CABLE CON 1 METRO DE
LONGITUD
•
PROTECCIÓN: CONTRA
SOBRETENSIONES
•
APLICACIÓN: MULTIPROPÓSITO",images/MULTI-35.jpg,67,0.9
MULTI-36,ENCHUFE,,14.0,"•
CAPACIDAD: 2000W
•
8 TOMAS DE CORRIENTE
•
2 PUERTOS USB
•
3 PUERTOS TIPO C
•
CABLE CON 1 METRO DE
LONGITUD
•
PROTECCIÓN: CONTRA
SOBRETENSIONES
•
APLICACIÓN: MULTIPROPÓSITO",images/MULTI-36.jpg,68,0.9
,GK 918 EXTENSION 10142,,15.0,"• 4 PUERTOS
• ADAPTABLE A ENCHUFES
ESTANDAR DE OTROS PAISES
• INTTERRUPTOR Y LUZ
INDICADORA",images/page_069_product_001.jpg,69,0.75
J14U,EXTENSION POWER SOCKET,,18.0,"•
CAPACIDAD: 2500W
•
4 TOMAS DE CORRIENTE
•
2 PUERTOS USB
•
2 PUERTOS TIPO C
•
POTENCIA:2.1A
•
CABLE CON 1 METRO DE
LONGITUD
•
PROTECCIÓN: CONTRA
SOBRETENSIONES
•
APLICACIÓN: MULTIPROPÓSITO",images/J14U.jpg,70,0.9
FP11569,EXTENSION CON ENCHUFE,,20.0,"•
CAPACIDAD: 2500W
•
6 TOMAS DE CORRIENTE
•
5 PUERTOS USB
•
1 PUERTOS TIPO C
•
CABLE CON 1 METRO DE LONGITUD
•
INCLUYE UN INTERRUPTOR DE
ENCENDIDO/APAGADO CENTRAL Y
FUNCIONES DE PROTECCION
CONTRA SOBRETENSIONES Y
SOBRECARGAS PARA MAYOR
SEGURIDAD.",images/FP11569.jpg,71,0.9
TCD0978,ADAPTADOR USB,,3.5,"• ADAPTADOR CON
ENTRADA TIPO C
• SALIDA USB
• TRANSMISION RAPIDA",images/TCD0978.jpg,72,0.9
BLS-BT01,ADAPTADOR BLUETOOH,,6.5,"• CON ENTRADA USB Y
SALIDA AUX 3.5MM.
• 2EN1",images/BLS-BT01.jpg,73,0.9
CQT-H010,EXTENSION,,7.0,"• CUENTA CON 4 PUERTOS USB
2.0 QUE OFRECEN VELOCIDADES
DE TRANSFERENCIA DE DATOS
DDE HASTA 480 MBPS.
• INCLUYE INTERRUPTORES
INDIVIDUALES PARA CADA
PUERTO Y LUCES LED
INDICADORAS DE
FUNCIONAMIENTOS.
• CUENTA CON CABLE DE
APROXIMADAMENTE 55CM DE
LARGO.",images/CQT-H010.jpg,74,0.9
CQT-H072,EXTENSION  SEISA,,10.0,"• CUENTA CON 7 PUERTOS USB
2.0 QUE OFRECEN VELOCIDADES
DE TRANSFERENCIA DE DATOS
DDE HASTA 480 MBPS.
• INCLUYE INTERRUPTORES
INDIVIDUALES PARA CADA
PUERTO Y LUCES LED
INDICADORAS DE
FUNCIONAMIENTOS.
• CUENTA CON CABLE DE
APROXIMADAMENTE 55CM DE
LARGO.",images/CQT-H072.jpg,75,0.9
MULTI-25,EXTENSION,,12.0,"• MULTICARGADOR DE
ESCRITORIO
• CARGA RAPIDA (PD30W)
• CUENTA CON 4 PUERTOS DE
CARGA, (2 PUERTOS USB-A Y 2
PUERTOS USB-C)",images/MULTI-25.jpg,76,0.9
J02U,TORRE DE EXTENSION,,20.0,"•
PRODUCTO: ESTABILIZADOR
•
MODELO: J02U
•
CAPACIDAD DE 110V-250V.
•
CUENTA CON 2 PUERTOS USB Y 2
PUERTOS TIPO C
•
CORRIENTE MAXIMA : 10A
•
PROTECCIÓN: CONTRA
SOBRETENSIONES
•
APLICACIÓN: MULTIPROPÓSITO",images/J02U.jpg,77,0.9
J09U,TORRE DE EXTENSION,,25.0,"•
EXTENSION ELECTRICA
•
MODELO: J09U
•
CAPACIDAD DE 110V-250V.
•
CUENTA CON 8 TOMACORRIENTES
UNIVERSALES ,CON 2 PUERTOS
USB Y 2 PUERTOS TIPO C
•
CORRIENTE MAXIMA : 10A
•
PROTECCIÓN: CONTRA
SOBRETENSIONES
•
APLICACIÓN: MULTIPROPÓSITO",images/J09U.jpg,78,0.9
A03U,TORRE DE EXTENSION,,32.0,"•
PRODUCTO: ESTABILIZADOR
•
MODELO: A03U
•
CAPACIDAD DE 110V-250V.
•
INCLUYE 3 PUERTOS USB PARA
CARGA.
•
12 TOMA CORRIENTES
•
PROTECCIÓN: CONTRA
SOBRETENSIONES
•
APLICACIÓN: MULTIPROPÓSITO",images/A03U.jpg,79,0.9
A04U,TORRE DE EXTENSION,,36.0,"•
PRODUCTO: ESTABILIZADOR
•
MODELO: A04U
•
BATERIA 2500W
•
CAPACIDAD DE 110V-250V.
•
INCLUYE 3 PUERTOS USB PARA
CARGA.
•
PROTECCIÓN: CONTRA
SOBRETENSIONES
•
APLICACIÓN: MULTIPROPÓSITO",images/A04U.jpg,80,0.9
G-02,EXTENSION CON ENCHUFE,,40.0,"•
4 TOMAS DE CORRIENTE
•
2 PUERTOS USB
•
2 PUERTOS TIPO C
•
CABLE CON 1 METRO DE LONGITUD
•
INCLUYE UN INTERRUPTOR DE
ENCENDIDO/APAGADO CENTRAL Y
FUNCIONES DE PROTECCION
CONTRA SOBRETENSIONES Y
SOBRECARGAS PARA MAYOR
SEGURIDAD.",images/G-02.jpg,81,0.9
G-03,ESTABILIZADOR,GTX,45.0,"•
PRODUCTO: ESTABILIZADOR
•
CAPACIDAD: 1000VA/500W.
•
DISPONE DE 4 TOMAS DE
CORRIENTE PARA CONECTAR
DISPOSITIVOS.
•
PROTECCIÓN: PROTEGE CONTRA
SOBRETENSIONES, SOBRECARGAS
Y FLUCTUACIONES DE VOLTAJE.
•
INDICADOR: INCLUYE UN
INDICADOR VISUAL LED PARA
MONITOREAR EL ESTADO",images/G-03.jpg,82,1.0
PLI1001,ESTABILIZADOR,,45.0,"•
REGULADOR AUTOMATICO DE
VOLTAJE
•
CABLE DE 1.2 METROS
•
CAPACIDAD: 1000VA / 500W
•
4 TOMAS DE CORRIENTE
UNIVERSALES
•
CORTA FLUJO DE CORRIENTE EN
CASO DE SOBRECARGA.
•
INCLUYE PROTECCION PARA
LINEAS TELEFONICAS, MODEM,
INTERNET Y FAX.",images/PLI1001.jpg,83,0.9
G-09,ESTABILIZADOR,GTX,50.0,"•
PRODUCTO: ESTABILIZADOR
•
MODELO: G-09
•
CAPACIDAD DE 1000VA/500W.
•
CUENTA CON 4
SALIDAS REGULADAS.
•
INCLUYE 2 PUERTOS USB PARA
CARGA.
•
PROTECCIÓN: CONTRA
SOBRETENSIONES
•
APLICACIÓN: MULTIPROPÓSITO",images/G-09.jpg,84,1.0
PLI1300,ESTABILIZADOR,,55.0,"•
REGULADOR AUTOMATICO DE
VOLTAJE
•
CABLE DE 1 METROS
•
CAPACIDAD: 1300VA / 650W
•
8 RECEPTACULOS UNIVERSALES
•
CORTA FLUJO DE CORRIENTE EN
CASO DE SOBRECARGA.
•
DISEÑADO PARA PC, TV,AUDIO,
LAPTOP, CONSOLAS DE JUEGO,
ACCESORIOS",images/PLI1300.jpg,85,0.9
G-05,ESTABILIZADOR,GTX,60.0,"•
PRODUCTO: ESTABILIZADOR
•
MODELO: G-05
•
ENTRADAS: 8 SALIDAS 220 VAC
•
+ 2 PUERTOS US
•
VOLTAJE 1200 VA
•
PROTECCIÓN CONTRA
SOBRETENSIONES
•
PROTECCIÓN: CONTRA
SOBRETENSIONES
•
APLICACIÓN: MULTIPROPÓSITO",images/G-05.jpg,86,1.0
CX-U01,ADAPTADOR OTG SEISA,,3.0,"• ADAPTADOR USB A TIPO C
• PERMITE CONECTAR
DISPOSITIVOS USB A
SMARTPHONES, TABLETS Y
LAPTOPS CON PUERTO TIPO-C",images/CX-U01.jpg,87,0.9
AUX001,CABLE AUXILIAR,,4.0,"• PRODUCTO: CABLE AUXILIAR
• CONECTOR ESTEREO MACHO A
MACHO DE 3.5MM PARA
TRANSMITIR AUDIO.
• LONGITUD : 1M
• COMPATIBLE CON AMPLIA GAMA
DE DISPOSITIVOS COMO
TELEFONOS INTELIGENTES,
TABLETAS,ALTAVOCES , Y SISTEMA
DE AUDIO DE AUTOMOVILES CON
ENTRADA AUXILIAR.",images/AUX001.jpg,88,0.9
BS-H9527C,OTG ADAPTADOR BOSSNEY,,3.5,"• PRODUCTO: CABLE  OTG
• MODELO: BOSSNEY
• TIPO:  OTG –C
• LONGITUD: 3.5  M
• COLOR: BLANCO
• USO: PARA CONECTAR TU
SMARTPHONE A VARIOS
DISPOSITIVOS, PODRÁS LEER
MEMORIAS USB
• DETALLE : LEER MEMORIA SIN
NECESIDAD DE LAPTOP
MATERIALES: PLÁSTICO ABS",images/BS-H9527C.jpg,89,0.9
AD-KZ10,ADAPTADOR TIPO C,ALDEEPO,4.0,"• PERMITE CONECTAR AUDÍFONOS
TRADICIONALES CON CONECTOR
DE 3.5MM A DISPOSITIVOS CON
PUERTO USB TIPO C.
• CUENTA CON CARCASA DE
ALUMINIO PARA MAYOR
DURABILIDAD Y DISEÑO
COMPACTO.",images/AD-KZ10.jpg,90,1.0
OTG02,ADAPTADOR TIPO C MICCELL,,4.0,"• ADAPTADOR 2 EN 1, PERMITE
CONECTAR DISPOSITIVOS USB A
CELULARES CON PUERTO MICRO
USB O USB-C.
• INCLUYE CABLE ADAPTADOR CON
EXTREMO USB Y CONECTORES
INTERCAMBIABLES TIPO C Y V8.",images/OTG02.jpg,91,0.9
TCD609,OTG RO,MAX,4.5,"• PRODUCTO: MINI
ADAPTADOR
• MODELO: ROMAX
• TIPO:  USB- TIPO C
• COLOR: BLANCO,NEGRO
• USO: PARA CONECTAR TU
SMARTPHONE A VARIOS
DISPOSITIVOS, PODRÁS
LEER MEMORIAS USB
• DETALLE : LEER MEMORIA
SIN NECESIDAD DE LAPTOP
MATERIALES: PLÁSTICO ABS",images/TCD609.jpg,92,1.0
BS-6201,CARGADOR UNIVERSAL DE LAPTOP,,15.0,"• MODELO: UNIVERSAL,
GENÉRICO
• CAPACIDAD: COMPATIBLE CON
LAPTOPS DE 10V A 12V
• TIPO: CARGADOR DE CORRIENTE
ALTERNA
• POTENCIA: 40W
• CONECTORES: 6
• COMPATIBILIDAD: PCS, LAPTOPS,
Y OTROS DISPOSITIVOS",images/BS-6201.jpg,93,0.9
BS-350MS,CALCULADORA CIENTIFICA BOSSNEY,,8.0,"• CALCULADORA CIENTÍFICA
• 240 FUNCIONES MATEMÁTICAS
• 12 DIGITOS
• TECLAS SUABES AL TACTO
• APAGADO AUTOMÁTICO POR
PERIODO SIN USO",images/BS-350MS.jpg,94,0.9
BS-991ES,PLUS CALCULADORA CIENTIFICA BOSSNEY,,8.0,"• CALCULADORA CIENTÍFICA
• 376 FUNCIONES MATEMÁTICAS
• 12 DIGITOS
• TECLAS SUABES AL TACTO
• APAGADO AUTOMÁTICO POR
PERIODO SIN USO",images/BS-991ES.jpg,95,0.9
BT-350,RECEPTOR DE AUDIO,,5.0,"• RECEPTOR DE AUDIO
BLUETOOTH PARA AUTO
• CUENTA CON AUXILIAR
3.5MM
• CUENTA CON CABLE
CARGADOR TIPO V8",images/BT-350.jpg,97,0.9
F88,PARLANTE M&M,,20.0,"• MODELO: PARLANTE
RECARGABLE M&M PARA
BICICLETA
• FUNCIONES: BLUETOOTH,
LECTOR MEMORIA- USB.
• POTENCIA: 5W
• CONTENIDO: CABLE
• LUCES RGB",images/F88.jpg,98,0.9
,"WIND3 PARLANTE DE 
BICICLETA JBL",,24.0,"• PRODUCTO: PARLANTE
BLUETOOTH
• INCLUYE SOPORTE QUE
PERMITE ENGANCHAR
FACILMENTE
• CERTIFICAION IP67,
RESISTENTE AL POLVO Y
AGUA
• HASTA 5H DE REPRODUCCION",images/page_099_product_001.jpg,99,0.75
,POWER SPORT PARLANTE MOVISUN,,68.0,"• PARLANTE PORTATIL PARA
BICICLETA
• POTENCIA: 5W
• CONECTIVIDAD: BLUETOOTH,
,TF, TWS,RADIO FM
• LUCES LED RGB
• INCLUYE CABLE TIPO C Y
SOPORTE PARA AJUSTAR A LA
BICICLETA",images/page_100_product_001.jpg,100,0.75
BS-A1314B,AUDIFONO MOTO,,28.0,"• PRODUCTO:  AUDÍFONO
• MODELO:BOSSNEY
• CONECTIVIDAD: BLUETOOTH
• FUNCIÓN: DE RESPUESTA
AUTOMÁTICA,VOZ INTELIGENTE
CON UN SOLO CLIC,REDUCCIÓN DE
RUIDO INTELIGENTE
• USO: PARA CASCO DE MOTO,
INCLUYE CABLE DE CARGA",images/BS-A1314B.jpg,101,0.9
ET-A4956B,AUDIFONO MOTO,EWTTO,35.0,"• PRODUCTO:  AUDÍFONO
• MODELO:EWTTO
• CONECTIVIDAD: BLUETOOTH
• FUNCIÓN: DE RESPUESTA
AUTOMÁTICA,VOZ INTELIGENTE
CON UN SOLO CLIC,REDUCCIÓN DE
RUIDO INTELIGENTE
• SONIDO: EFECTOS DE NIVEL HIFI
• IP65:A PRUEBA DE AGUA
• USO: PARA CASCO DE MOTO,
INCLUYE CABLE DE CARGA",images/ET-A4956B.jpg,102,1.0
BT-12,AUDIFONO PARA CASCO,,45.0,"• TIPO: INTERCOMUNICADOR +
AUDÍFONO
• CONECTIVIDAD: BLUETOOTH
• USO: PARA CASCO DE MOTO
• PUERTO DE CARGA TIPO C
• CABLE DE CARGA
• FUNCIÓN: HANDSFREE,
LLAMADAS Y MÚSICA",images/BT-12.jpg,103,0.9
,X8 CIGARRERA BLUETOOTH,,8.0,"• PERMITE TRANSMITIR MÚSICA
DESDE EL CELULAR VÍA
BLUETOOTH Y CONTESTAR
LLAMADAS EN MODO MANOS
LIBRES.
• CUENTA CON DOS PUERTOS
USB QUE FUNCIONAN COMO
CARGADOR RÁPIDO CON UNA
SALIDA TOTAL DE 3.1A.
• LECTOR DE MEMORIAS, USB Y
TARJETAS MICRO SD",images/page_104_product_001.jpg,104,0.75
BS-E6723,ESTACIÓN DE CARGA PARA MOTO BOSSNEY,,9.0,"• ESTACIÓN DE CARGA PARA MOTO
• ENTRADA USB Y CIGARRERA
• INSTALABLE PARA MANUBRIO
• SWITCHER DE ENCENDIDO Y
APAGADO
• POTENCIA 18W",images/BS-E6723.jpg,105,0.9
TCC0432,CIGARRERA RO V8,MAX,9.0,"• PRODUCTO: CIGARRERA
COMPLETA
• MODELO: ROMAX
• PUERTOS : USB-V8
• POTENCIA: 60W
• VOLTAJE: 6.2A
• CARACTERISTICAS: CARGA
RÁPIDA",images/TCC0432.jpg,106,1.0
BS-E6733,CARGADOR BOSSNEY,,9.5,"• MODELO: BS-E6733
• POTENCIA : 100W
• ENTRADA: DC 12=24V
• CUENTA CON DOS PUERTOS , 1 USB
Y 1 TIPO C",images/BS-E6733.jpg,107,0.9
TCC579,CIGARRERA RO,MAX,11.0,"• PRODUCTO : CIGARRERA
• MODELO: ROMAX
• PUERTOS:  USB Y C
• MATERIALES: ABS DE ALTA
CALIDAD
• POTENCIA: 80W
• POTENCIA: 10A
• USO: PARA CARGAS
RÁPIDAS, REPRODUCIR
MÚSICA DESDE TU
TELÉFONO ,MEMORIA USB.",images/TCC579.jpg,108,1.0
,T7 CIGARRERA BLUETOOTH,,12.0,"• PERMITE TRANSMITIR MÚSICA
DESDE EL CELULAR VÍA
BLUETOOTH Y CONTESTAR
LLAMADAS EN MODO MANOS
LIBRES.
• CUENTA CON DOS PUERTOS
USB QUE FUNCIONAN COMO
CARGADOR RÁPIDO CON UNA
SALIDA TOTAL DE 3.1 A+PD
• LECTOR DE MEMORIAS, USB Y
TARJETAS MICRO SD",images/page_109_product_001.jpg,109,0.75
OX1144,CARGADOR DE CIGARRERA,,22.0,"• INVERSOR DE CORRIENTE PARA
AUTO DE 150W,CONVIERTE LA
ENERGIA DE 12V DC DE TU
VEHICULO EN 220V AC,
PERMITIENDO CARGAR
DISPOSITIVOS, LAPTOS Y
CELULARES
• CUENTA CON TOMACORRIENTE
CONVENCIONAL, PUERTOS USB Y
UN PUERTO TIPO C",images/OX1144.jpg,110,0.9
FP11527,CIGARRERA + CARGADOR DE CELULAR,,22.0,"• PRODUCTO: CIGARRERA
• POTENCIA  SALIDA: 120W
• TIPO DE MATERIAL: ABS + PC
• ESTILO (OPCIONAL): PARA TIPO
C, LIGHTNING
• ENTRADAS: USB,C
• APPLE: 5V/2,4A (MÁX.12W)
• USB: 5V/2,4A (MÁX.20W)
• TIPO C HEMBRA: 5V/3A
(MÁX.20W)",images/FP11527.jpg,111,0.9
OX1233,CIGARRERA ENCHUFE,,30.0,"• INVERSOR DE CORRIENTE PARA
AUTOS
• CONVIERTE CORRIENTE DE 12V
DEL VEHICULO EN CORRIENTE ALTA
DE 220V
• INCLUYE UN ENCHUFE DE CA Y
PUERTOS USB PARA CARGAR
MULTIPLES DISPOSITIVOS",images/OX1233.jpg,112,0.9
BS-E6731,CARGADOR DE MOTO,,25.0,"• CARGADOR PARA MOTO
• SALIDA USB
• SALIDA TIPO-C
• POTENCIA 75W
• LONGITUD DEL CABLE: 1.58M",images/BS-E6731.jpg,113,0.9
TS-6972,PARLANTE DE AUTO,,65.0,"• POTENCIA MÁXIMA DE SALIDA
DE 800 W.
• CONFIGURACIÓN COAXIAL DE 3
VÍAS.
• RANGO DE FRECUENCIA DE 76 HZ A
20 KHZ.
• SENSIBILIDAD DE 90 DB.
• PROFUNDIDAD DE INSTALACIÓN
DE 46 MM.",images/TS-6972.jpg,114,0.9
BS-C4703,PARLANTE DE AUTO,,55.0,"• BOCINA DE AUTO INSTALABLE
• CABLE REFORZADO DE GOMA
• POTENCIA 100W",images/BS-C4703.jpg,115,0.9
NWT500,AUTORADIO,,60.0,"• MASCARA FRONTAL EXTRAIBLE
• ILUMINACION LED 7 COLORES
• CONEXIÓN BT
• PANTALLA DIGITAL LCD
• RADIO FM CON 3 BANDAS Y 18
ESTACIONES
• LECTOR DE MEMORIA USB Y MICRO SD
DE 512M/1G/2G/4G
• PUERTO DE CARGA USB PARA
SMARTHPHONE
• ENTRADA AUX:JACK 3.5MM
• INCLUYE :CONTROL REMOTO Y ESTUCHE",images/NWT500.jpg,116,0.9
CDX-C5084BR,AUTORADIO,,60.0,"• CONECTIVIDAD: BLUETOOTH,
USB Y SD PARA REPRODUCCIÓN
DE MÚSICA, Y ENTRADA
AUXILIAR.
• POTENCIA: 60W×4
• INCLUYE SINTONIZADOR FM,
ILUMINACIÓN DE FONDO
PERSONALIZABLE EN 7 COLORES
Y PANEL FRONTAL DESMONTABLE
PARA MAYOR SEGURIDAD.
• INCLUYE: VIENE CON UN
CONTROL REMOTO",images/CDX-C5084BR.jpg,117,0.9
CDX-C5118BR,AUTORADIO,,60.0,"• FUNCIONALIDADES: INCLUYE RADIO
FM, CONECTIVIDAD BLUETOOTH,
PUERTO USB Y ENTRADA AUXILIAR.
• CARACTERÍSTICAS: CUENTA CON PANEL
FRONTAL DESMONTABLE
• DISEÑO: PRESENTA ILUMINACIÓN EN
LA PANTALLA Y BOTONES, CON
FUNCIONES COMO ""SÚPER BASS""",images/CDX-C5118BR.jpg,118,0.9
SJ-10100,CANDADO DE MANGUERA,,10.0,"• CANDADO DE SEGURIDAD PARA
MOTO O BICICLETA
• CLAVE 4 DÍGITOS
• LONGITUD 2 METROS",images/SJ-10100.jpg,119,0.9
,20132 CANDADO DE MANGUERA,,22.0,"• CANDADO DE SEGURIDAD PARA
MOTO O BICICLETA
• CON UNA LLAVE Y SU COPIA
• LONGITUD  1.2 METROS",images/page_120_product_001.jpg,120,0.75
DF8307,CANDADO ALARMA DE MOTO,,35.0,"• CANDADO DE SEGURIDAD PARA
MOTO CON ALARMA
• RESISTENTE AL AGUA Y A LA
CORROSION
• SENSOR DE CHOQUES",images/DF8307.jpg,121,0.9
LT-8313,CANDADO DE MOTO LANTUN,,38.0,"•
ALARMA SONORA: CUENTA CON
UNA SIRENA DE 110 DECIBELIOS
QUE SE ACTIVA AL DETECTAR
MOVIMIENTO O VIBRACIONES.
•
SEGURIDAD: SU FUNCIÓN PRINCIPAL
ES BLOQUEAR EL DISCO DE FRENO
•
FUNCIONAMIENTO: SE BLOQUEA
PRESIONANDO EL MECANISMO Y
REQUIERE UNA LLAVE PARA
DESACTIVAR LA ALARMA Y ABRIRLO.",images/LT-8313.jpg,122,0.9
QS003,INFLADOR ELECTRICO,,135.0,"•
PRODUCTO: INFLADOR Y ARRANCADOR
ELECTRICO PORTATIL
•
VOLTAJE: 14.8
•
INCLUYE: UNA FUENTE DE ALIMENTACIÓN USB
Y UNA FUENTE DE LUZ LED CON 3 MODOS.
•
ACCESORIOS: 1 ARRANCADOR PORTÁTIL PARA
COCHE, 1 CABLE DE ARRANQUE, 1 CABLE DE
CARGA USB-C, 1 MANGUERA DE BOMBA DE
AIRE, 4 BOQUILLAS DE AIRE, 1 FUNDA DE
ALMACENAMIENTO PORTÁTIL, 1 MANUAL DE
USUARIO
•
UTILIDAD:  AUTOMÓVILES, CAMIONES,
MOTOCICLETAS Y SUV, PANTALLA LCD CON
COMPRESOR DE AIRE INALÁMBRICO DE 150
PSI CON DETECCIÓN DE PRESIÓN DE
NEUMÁTICOS EN TIEMPO REAL",images/QS003.jpg,123,0.9
LT-1980,ARRANCADOR DE BATERIA,,150.0,"• MODELO: ARRANCADOR DE
BATERÍA Y COMPRESOR DE AIRE
INCORPORADO PARA VEHICULOS
• USO: EMERGENCIAS
VEHICULARES
• COMPATIBILIDAD: MOTORES
DIESEL 12V
• LINTERNA LED
• FUNCIONA COMO POWER BAND",images/LT-1980.jpg,124,0.9
B-2001,VENTILADOR DE CARRO,,6.0,"• VENTILADOR PARA AUTO
• ROTACIÓN: CUENTA CON
CABEZALES AJUSTABLES QUE
PERMITEN UNA ROTACIÓN DE
360 GRADOS
• ALIMENTACIÓN: SE CONECTA
DIRECTAMENTE AL
ENCENDEDOR DE CIGARRILLOS
12V O 24V.",images/B-2001.jpg,125,0.9
FS-C238,VENTILADOR PARA AUTO,,18.0,"• VENTILADOR PARA AUTO
• GANCHO SUJETADOR A BORDES
DE MESA
• PUERTO USB",images/FS-C238.jpg,126,0.9
BS-D5901,VENTILADOR BOSSNEY,,18.0,"• VENTILADOR PARA AUTO
• GANCHO SUJETADOR A BORDES DE
MESA
• PUERTO CIGARRERA",images/BS-D5901.jpg,127,0.9
FS-C239,VENTILADOR PARA AUTO,,18.0,"• VENTILADOR PARA AUTO CON
BOTON INTERRUPTOR
• GANCHO SUJETADOR A
BORDES DE MESA
• PUERTO USB",images/FS-C239.jpg,128,0.9
BS-D5902,VENTILADOR PARA AUTO BOSSNEY,,20.0,"• VENTILADOR PARA AUTO
• GANCHO SUJETADOR
• TIPO DE ALIMENTACIÓN: SE
CONECTA A LA TOMA DE 12
V DEL ENCENDEDOR DEL
AUTOMÓVIL.
• FLUJO DE AIRE: CUENTA CON 3
ASPAS",images/BS-D5902.jpg,129,0.9
VS-666,VENTILADOR,,35.0,"• VENTILADOR RECARGABLE PARA
TABLERO DE AUTO
• 3 NIVELES DE POTENCIA
• CABLE CARGADOR
• ROTACION AJUSTABLE 360
• CON PANEL SOLAR",images/VS-666.jpg,130,0.9
D-315,ESPEJO DE CARRO,,12.0,"• ESPEJO LED PARA CARRO
• CUENTA CON LUZ LED EN 3
TIEMPOS.
• CABLE USB",images/D-315.jpg,131,0.9
,270360 PORTAVASOS DE CARRO,,18.0,"• PORTAVASOS PARA CARRO
• CUENTA CON RANURAS PARA
PAÑUELOS, PORTAVASOS, Y
SOPORTE PARA EL TELEFONO.
• SIRVE TAMBIEN COMO
APOYABRAZOS YA QUE ES
ACOLCHADO.
• AJUSTABLE A TODO TIPO DE
CARRO.",images/page_132_product_001.jpg,132,0.75
RS13785,KIT DE CARRO,,25.0,"• KIT DE LAVADO DE AUTOS
• INCLUYE PAÑOS DE MICROFIBRA,
ALMOHADILLAS APLICADORAS Y
UN CEPILLO PARA RUEDAS.
• CUENTA CON HERRAMIENTAS
DISEÑADAS PARA UN LAVADO Y
DETALLADO PROFESIONAL SIN
RAYONES.",images/RS13785.jpg,133,0.9
LS-663,COBERTOR DE MOTO,,12.0,"• COBERTOR PARA MOTO
• TAMAÑO L :130X230CM
• PROTEGE DEL POLVO,LLUVIA ,SOL ,
NIEVE
• IMPERMEABLE",images/LS-663.jpg,134,0.9
A130,COBERTOR DE CARRO,,28.0,"• COBERTOR PARA CARRO
• TAMAÑO 480X175X120 CM
• PROTEGE DEL POLVO,LLUVIA ,SOL ,
NIEVE
• IMPERMEABLE",images/A130.jpg,135,0.9
US-2064,PANTALLA LED DE AUTO,,72.0,"• PRODUCTO: PANEL LED
• LUCES: RGB
• CARACTERÍSTICAS: SE PUEDE
MANEJAR CON CONTROL REMOTO
O UNA APLICACIÓN EN EL CELULAR
PARA CAMBIAR COLORES Y MODOS
• SU DISEÑO ES FLEXIBLE Y CUENTA
CON CINTA ADHESIVA DE ALTA
RESISTENCIA,FACIL DE INSTALAR EN
VENTANAS Y AUTOS.
• FUNCIÓN CON APLICATIVO
• INCLUYE: CONTROL REMOTO",images/US-2064.jpg,136,0.9
,08295 PANTALLA PARA AUTO,,220.0,"• PRODUCTO: PANTALLA
INTELIGENTE TACTIL IPS PARA AUTO
DE 10 PULGADAS
• CUENTA CON UNA
DASHCAM(CAMARA DE TABLERO)
4K Y UNA CAMARA TRASERA PARA
GRABACION DE SEGURIDAD.
• INCLUYE CAMARA DE RESPALDO Y
CUENTA CON CONECTIVIDAD
BLUETOOTH Y GPS.
• ES PORTATIL Y UNIVERSAL,
DISEÑADO PARA ACTUALIZAR
SISTEMAS DE AUDIOS ANTIGUOS",images/page_137_product_001.jpg,137,0.75
BS-8011FM,RADIO BOSSNEY,,16.0,"• RADIO A PILAS
• BANDAS: FM, AM, SW 1-6
• ENTRADA AUXILIAR PARA AUDIFONOS",images/BS-8011FM.jpg,139,0.9
BS-R8021FM,RADIO BOSSNEY,,17.0,"• RADIO A PILAS
• BANDAS: FM, AM, SW 1-6
• ENTRADA AUXILIAR PARA AUDIFONOS",images/BS-R8021FM.jpg,140,0.9
ET-R1457,RADIO,EWTTO,20.0,"• PRODUCTO: RADIO
• BATERIA: 2*AA
• TAMAÑO: 11.8X3.4X7.4CM
• A PILA
• BANDAS DE RADIO: AM,
FM, SW1-6
• ALTAVOZ INCORPORADO
• PUERTO DE AUDIFONOS",images/ET-R1457.jpg,141,1.0
BS-R8058,RADIO BOSSNEY,,18.0,"• RADIO A PILAS
• BANDAS: FM, AM
• ENTRADA AUXILIAR PARA AUDIFONOS
• UTILIZA BATERIA AA",images/BS-R8058.jpg,142,0.9
ET-F10,RADIO,EWTTO,22.0,"• PRODUCTO: RADIO
RECARGABLE
• 2 BANDAS: FM Y AM
• COLOR NEGRO",images/ET-F10.jpg,143,1.0
KTF-1646,RADIO KTF,,22.0,"• PRODUCTO: RADIO RECARGABLE
• ALIMENTACIÓN: ELECTRICA Y
SOLAR
• BANDAS: TRIPLE FM, AM Y SW
• CONECTIVIDAD: BLUETOOTH,
LECTOR USB Y MEMORIA
• DISEÑO: PANEL SOLAR LATERAL,
CABLE CARGADOR, PANEL SOLAR Y
LINTERNA",images/KTF-1646.jpg,144,0.9
,R-69BT RADIO,BIG-GER,22.0,"• PRODUCTO: RADIO
RECARGABLE
• BANDAS DE RADIO: AM,
FM, MP3 ,USB, TF
• INCLUYE CABLE DE CARGA
TIPO C",images/page_145_product_001.jpg,145,0.85
KTF-1490,RADIO KTF,,25.0,"• PRODUCTO: RADIO
ALIMENTACIÓN: ELECTRICA
BANDAS: TRIPLE FM, AM Y
SW
• CONECTIVIDAD: BLUETOOTH,
LECTOR USB Y MEMORIA
• DISEÑO: cable CARGADOR",images/KTF-1490.jpg,146,0.9
BS-R8036,RADIO BOSSNEY,,28.0,"• PRODUCTO: RADIO  RECARGABLE
• ALIMENTACIÓN: ELECTRICA Y
SOLAR
• FUNCIONES: LECTOR DE USB Y
MEMORIA SD, BLUETOOTH
• BANDAS: FM,AM Y SW
• CONTENIDO: CABLE DE CARGA,
CUERDA SUJETADORA, PANEL
SOLAR",images/BS-R8036.jpg,147,0.9
KTF-1645,RADIO KTF,,30.0,"• RADIO KTF RECARGABLE BLUETOOTH,
LECTOR USB Y MEMORIA
• LINTERNA Y PANEL SOLAR LATERAL
• BANDA: FM, AM
• CABLE CARGADOR",images/KTF-1645.jpg,148,0.9
BS-R8022BT,RADIO BOSSNEY,,32.0,"• PRODUCTO: RADIO
RECARGABLE
• ALIMENTACIÓN: ELECTRICA Y
SOLAR
• FUNCIONES: LECTOR DE USB Y
MEMORIA SD, BLUETOOTH
• BANDAS: FM,AM Y SW
• CONTENIDO: CABLE DE CARGA,
CUERDA SUJETADORA
• LINTERNA: POSTERIOR Y
LATERAL",images/BS-R8022BT.jpg,149,0.9
CN-RICF10-BT,RADIO CAFINI,,34.0,"• RADIO CAFINI A PILAS Y A
CORRIENTE DIRECTA
• ENTRADA DE AXULIAR PARA
AUDIFONO
• 4 BANDAS: FM, AM, SW1 Y SW2
• TIRA SUJETADORA
• CONTROL REMOTO",images/CN-RICF10-BT.jpg,150,0.9
BS-R8052BT,RADIO BOSSNEY,,34.0,"• BANDAS: FM, AM, SW2
• LECTOR DE USB Y MEMORIA
• CABLE DE CARGA TIPO C
• CONTROL REMOTO
• CUERDA SUJETADOR
• ENTRADA AUXILIAR PARA AUDIFONOS",images/BS-R8052BT.jpg,151,0.9
BS-R8053BT,RADIO BOSSNEY,,34.0,"• BANDAS: FM, AM, SW2
• LECTOR DE USB Y MEMORIA
• CONTROL REMOTO
• CUERDA SUJETADOR
• ENTRADA AUXILIAR PARA AUDIFONOS",images/BS-R8053BT.jpg,152,0.9
BS-R8041,RADIO BOSSNEY,,35.0,"• MODELO: CLASICO
• PRODUCTO: RADIO  RECARGABLE
• BANDAS DE RADIO: CUENTA CON
SINTONIZACIÓN AM, FM Y SW
(ONDA CORTA).
• TECNOLOGÍA: INCORPORA UN
PANEL SOLAR EN LA PARTE
SUPERIOR PARA RECARGAR SU
BATERÍA.
• FUNCIONALIDADES: INCLUYE
,BT,USB,TF,TWS",images/BS-R8041.jpg,153,0.9
KTF-2210,RADIO KTF,,40.0,"• RADIO KTF  RECARGABLE BLUETOOTH,
LECTOR USB Y MEMORIA
• PANEL SOLAR LATERAL
• BANDA: FM, AM, SW
• CABLE CARGADOR",images/KTF-2210.jpg,154,0.9
GTS-1971,PARLANTE GTS,,10.0,"• MODELO: PARLANTE
RECARGABLE GTS
• FUNCIONES: BLUETOOTH,
LECTOR MEMORIA- USB,
RADIO FM,AUX
• BOCINA : 3” PULGADAS
• CONTENIDO: CABLE
CARGADOR TIPO V8
• LUCES RGB",images/GTS-1971.jpg,155,0.9
GTS-1271,PARLANTE GTS,,10.0,"• MODELO: PARLANTE
RECARGABLE GTS
• FUNCIONES: BLUETOOTH,
LECTOR MEMORIA- USB, RADIO
FM,AUX
• BOCINA : 3” PULGADAS
• CONTENIDO: CABLE CARGADOR
• LUCES RGB",images/GTS-1271.jpg,156,0.9
GTS-2423,PARLANTE GTS,,10.0,"• PRODUCTO: PARLANTE
RECARGABLE
• MODELO:GTS
• FUNCIONES: BLUETOOTH,
LECTOR MEMORIA- USB,
RADIO FM,AUX
• BOCINA : 3” PULGADAS
• CONTENIDO: CABLE DE
CARGA
• LUCES RGB
• COLOR NEGRO",images/GTS-2423.jpg,157,0.9
BX-39,PARLANTE,,10.0,"• PARLANTE BLUETOOTH CON
DISEÑO EN FORMA DE G
• INCLUYE ILUMINACION LED RGB
INCORPORADA QUE PUEDE
SINCRONIZARSE CON EL RITMO
DE LA MUSICA.
• OFRECE CONECTIVIDAD
BLUETOOTH Y CUENTA CON
PUERTO PARA TARJETA MICRO-
SD
• INCLUYE CABLE DE CARGA",images/BX-39.jpg,158,0.9
GTS-2288,PARLANTE GTS,,10.0,"• MODELO: PARLANTE
RECARGABLE GTS
• FUNCIONES: BLUETOOTH,
LECTOR MEMORIA- USB,
RADIO FM,AUX
• BOCINA : 3” PULGADAS
• LUCES RGB
• CONTENIDO: CABLE
CARGADOR",images/GTS-2288.jpg,159,0.9
AK-671,PARLANTE PORTATIL,,10.0,"• ILUMINACIÓN: CUENTA CON LUCES LED
RGB TÁCTILES QUE CAMBIAN DE COLOR
AL TOCAR LA PARTE SUPERIOR.
• CONECTIVIDAD: INCLUYE PUERTO USB
PARA MEMORIAS Y RANURA PARA
TARJETA MICROSD.
• FUNCIONALIDAD EXTRA: POSEE
MICRÓFONO INCORPORADO PARA
UTILIZARLO COMO MANOS LIBRES EN
LLAMADAS.",images/AK-671.jpg,160,0.9
BK-1618,PARLANTE,,10.0,"• PARLANTE BLUETOOTH
• INCLUYE ILUMINACION LED RGB
OFRECE CONECTIVIDAD
BLUETOOTH Y CUENTA CON
PUERTO PARA TARJETA MICRO-
SD
• INCLUYE CABLE DE CARGA",images/BK-1618.jpg,161,0.9
GTS-1961,PARLANTE GTS,,10.0,"• MODELO: PARLANTE
RECARGABLE GTS
• FUNCIONES: BLUETOOTH,
LECTOR MEMORIA- USB,
RADIO FM,AUX
• BOCINA : 3” PULGADAS
• LUCES RGB
• CONTENIDO: CABLE
CARGADOR",images/GTS-1961.jpg,162,0.9
GTS-2307,PARLANTE GTS,,10.0,"• MODELO: PARLANTE
RECARGABLE GTS
• FUNCIONES: BLUETOOTH,
LECTOR MEMORIA- USB,
RADIO FM,AUX
• BOCINA : 3” PULGADAS
• CONTENIDO: CABLE
CARGADOR
• LUCES RGB",images/GTS-2307.jpg,163,0.9
VTM4196,PARLANTE VTM,,12.0,"• PARLANTE BLUETOOTH DE 4’’
PULGADAS
• 300MAH
• FRENTE ILUMINADA CON LUZ
RGB
• LECTOR DE USB, FM Y
MEMORIA SD
• CABLE DE CARGA",images/VTM4196.jpg,164,0.9
GTS-1835,PARLANTE GTS,,12.0,"• PRODUCTO:
PARLANTELUZ DE LLAMA
• ALIMENTACIÓN:
RECARGABLE
• FUNCIONES: BLUETOOTH,
ENTRADA LECTORA DE
USB Y MEMORIA, RADIO
FM
• INCLUYE: CABLE DE
CARGA",images/GTS-1835.jpg,165,0.9
VTM4199,PARLANTE VTM,,16.0,"• MODELO: PARLANTE
RECARGABLE
• ALTAVOZ DE GRABES
• FUNCIONES: MEMORIA,
USB, RADIO FM,AUX
• BOCINA : 4” PULGADAS
• CONTENIDO: CABLE
CARGADOR,MICRÓFONO
CON CABLE
• LUCES RGB
• COLOR NEGRO",images/VTM4199.jpg,166,0.9
GTS-1468,PARLANTE GTS,,13.0,"• MODELO: PARLANTE
RECARGABLE GTS
• FUNCIONES: BLUETOOTH,
LECTOR MEMORIA, USB,
RADIO FM,AUX
• CONTENIDO: CABLE DE
CARGA
• LUCES RGB
• MATERIAL : RESISTENTE
• COLORES:
PURPURA,PLOMO,AZUL,ROSA
DO,NEGRO Y ROJO",images/GTS-1468.jpg,167,0.9
GTS-2203,PARLANTE GTS,,12.0,"• MODELO: PARLANTE
RECARGABLE GTS
• FUNCIONES:
BLUETOOTH, LECTOR
MEMORIA- USB, RADIO
FM,AUX
• BOCINA : 4” PULGADAS
• CONTENIDO: CABLE
CARGADOR
• LUCES RGB",images/GTS-2203.jpg,168,0.9
GTS-2003,PARLANTE GTS,,12.0,"• MODELO: PARLANTE
RECARGABLE GTS
• FUNCIONES: BLUETOOTH,
LECTOR MEMORIA- USB,
RADIO FM,AUX
• BOCINA : 3” PULGADAS
• CONTENIDO: CABLE
CARGADOR
• LUCES RGB",images/GTS-2003.jpg,169,0.9
GTS-2166,PARLANTE GTS,,12.0,"• MODELO: PARLANTE
RECARGABLE GTS
• FUNCIONES: BLUETOOTH,
LECTOR MEMORIA- USB,
RADIO FM,AUX
• BOCINA : 3” PULGADAS
• CONTENIDO: CABLE
CARGADOR
• LUCES RGB",images/GTS-2166.jpg,170,0.9
GTS-2097,PARLANTE GTS,,13.0,"• MODELO: PARLANTE
ASTRONAUTA  RECARGABLE
• FUNCIONES: BLUETOOTH,
LECTOR MEMORIA- USB,
RADIO FM,AUX
• MATERIAL RESISTENTE
• CONTENIDO: CABLE
CARGADOR
• LUCES : SIN ILUSTRACIÓN
• CABLE DE CARGA TIPO C",images/GTS-2097.jpg,171,0.9
ET-P1691B,PARLANTE,EWTTO,13.0,"• PRODUCTO:  PARLANTE
EWTTO
• CONECTIVIDAD: BLUETOOTH
V5.0
• ENTRADA USB, LECTORA DE
MORIA SD
• TECNOLOGIA EXTREME BASS
• LUCES LED RGB
• INCLUYE CABLE DE CARGA
TIPO C",images/ET-P1691B.jpg,172,1.0
GTS-2140,PARLANTE GTS,,13.0,"• MODELO: PARLANTE
RECARGABLE
• MODELO:PIG
• FUNCIONES: BLUETOOTH,
LECTOR MEMORIA- USB,
RADIO FM,AUX
• CONTENIDO: CABLE
CARGADOR
• COLORES: ROSADO,CELESTE
Y NEGRO",images/GTS-2140.jpg,173,0.9
GTS-2159,PARLANTE GTS,,14.0,"• PRODUCTO: PARLANTE
RECARGABLE
• MODELO:GTS
• FUNCIONES: BLUETOOTH,
LECTOR MEMORIA- USB,
RADIO FM,AUX
• BOCINA : 4” PULGADAS
• CONTENIDO: CABLE DE
CARGA
• LUCES RGB
• COLOR NEGRO",images/GTS-2159.jpg,174,0.9
KTX-1997,PARLANTE KTX,,14.0,"• MODELO: PARLANTE
RECARGABLE FUNCIONES:
BLUETOOTH, LECTOR
MEMORIA, USB, RADIO
FM,AUX
• CONTENIDO: CABLE
CARGADOR
• LUCES RGB
• COLORES:
VERDE,ROSADO,CELESTE Y
ANARANJADO",images/KTX-1997.jpg,175,0.9
P8013,D- PARLANTE DEMGEL,,14.0,"• PRODUCTO:
PARLANTEBLUETOOTH
• INCLUYE PUERTOS USB Y
LECTOR DE TARJETAS SD,
ENTRADA AUXILIAR Y RADIO
FM.
• SU DISEÑO COMPACTO ES
RESISTENTE AL AGUA Y
CUENTA CON TECNOLOGÍA
""EXTREME BASS"" PARA
BAJOS REFORZADOS.",images/P8013.jpg,176,0.9
KTS-1087,PARLANTE KTS,,15.0,"• PARLANTE RECARGABLE BLUETOOTH
• ENTRADA LECTORA DE USB Y MEMORIA
• RADIO FM
• CABLE DE CARGA",images/KTS-1087.jpg,177,0.9
GTS-2116,PARLANTE GTS,,15.0,"• PARLANTE RECARGABLE
BLUETOOTH
• ENTRADA LECTORA DE USB Y
MEMORIA
• RADIO FM
• CABLE DE CARGA
• MICROFONO INALAMBRICO",images/GTS-2116.jpg,178,0.9
K12,PARLANTE PORTATIL,,15.0,"•
CONTENIDO: LUCES RGB,
MICRÓFONO INALÁMBRICO Y
CABLE CARGADOR.
• DISEÑO COMPACTO Y PESO
LIGERO",images/K12.jpg,179,0.9
GTS-2335,PARLANTE PORTATIL,,15.0,"• MODELO: PARLANTE
RECARGABLE
• FUNCIONES: BLUETOOTH
• ENTRADA PARA TARJETA MICRO
SD, USB
• RADIO FM
• BOCINA: 3’’ PULGADAS
• LUCES LED RGB
• INCLUYE CABLE DE CARGA TIPO C
• MICROFONO",images/GTS-2335.jpg,180,0.9
VTM3166,PARLANTE VTM,,15.0,"• MODELO: PARLANTE
RECARGABLE
• FUNCIONES: MEMORIA,
USB, RADIO FM,AUX
• CONTENIDO: CABLE
CARGADOR,MICRÓFONO
CON CABLE ,SOPORTE DE
CELULAR
• LUCES RGB
• COLOR NEGRO",images/VTM3166.jpg,181,0.9
GTS-2265,PARLANTE GTS,,15.0,"• MODELO: PARLANTE
RECARGABLE
• FUNCIONES: MEMORIA,
USB, RADIO FM,AUX
• CONTENIDO: CABLE
CARGADOR,MICRÓFONO
CON CABLE ,SOPORTE DE
CELULAR
• LUCES RGB
• COLOR NEGRO",images/GTS-2265.jpg,182,0.9
CH-M233,PARLANTE BUYTITI,,15.0,"• MODELO: PARLANTE
RECARGABLE
• BATERIA: 1200MAH
• FUNCIONES: BLUETOOTH,
LECTOR MEMORIA, USB,
RADIO FM
• CONTENIDO: CABLE DE CARGA
• MATERIAL : RESISTENTE",images/CH-M233.jpg,183,0.9
CH-J2145,PARLANTE,,15.0,"• PARLANTE RECARGABLE
BLUETOOTH
• SALIDA : 5VW
• BATERIA: 800 MAH
• ENTRADA LECTORA DE USB Y
MEMORIA
• RADIO FM
• CABLE DE CARGA",images/CH-J2145.jpg,184,0.9
GTS-2072,PARLANTE GTS,,15.0,"• MODELO: PARLANTE RECARGABLE
GTS
• FUNCIONES: BLUETOOTH, LECTOR
MEMORIA, USB, RADIO FM,AUX
• BOCINA: 2”
• CONTENIDO: CABLE DE CARGA
• ILUMINACIÓN LED: LUCES RGB EN
LATERALES
• MATERIAL : RESISTENTE
• COLORES: AZÚL.NEGRO Y ROJO",images/GTS-2072.jpg,185,0.9
P8012,D- PARLANTE DEMGEL,,15.0,"• MODELO: PARLANTE
RECARGABLE DEMGEL
• FUNCIONES: BLUETOOTH,
LECTOR MEMORIA, USB,
RADIO FM
• CONTENIDO: CABLE DE CARGA
• MATERIAL : RESISTENTE",images/P8012.jpg,186,0.9
ET-P1001B,PARLANTE,EWTTO,15.0,"• MODELO: PARLANTE
RECARGABLE
• POTENCIA: 5W
• BATERIA: 800MAH
• FUNCIONES: BT, TWS, FM, TF,
USB.
• CONTENIDO: CABLE DE CARGA
• MATERIAL : RESISTENTE",images/ET-P1001B.jpg,187,1.0
KTS-1338,PARLANTE KTS,,16.0,"• PARLANTE RECARGABLE
BLUETOOTH
• ENTRADA LECTORA DE USB Y
MEMORIA
• RADIO FM
• CABLE DE CARGA",images/KTS-1338.jpg,188,0.9
KTS-2031,PARLANTE KTS,,16.0,"• MODELO: PARLANTE  RECARGABLE
KBROAD
• FUNCIONES: BLUETOOTH, LECTOR
MEMORIA, USB, RADIO FM,AUX
• BOCINA : 3” PULGADAS
• CONTENIDO: CABLE DE CARGA,
CUERDA SUJETADORA, LINTERNA
LATERAL
• COLOR NEGRO",images/KTS-2031.jpg,189,0.9
P8017,D- PARLANTE DEMGEL,,16.0,"• MODELO: PARLANTE
RECARGABLE DEMGEL
• FUNCIONES: BLUETOOTH,
LECTOR MEMORIA- USB,
RADIO FM
• POTENCIA: 220W
• CONTENIDO: CABLE
CARGADOR
• LUCES RGB",images/P8017.jpg,190,0.9
GTS-2040,PARLANTE KTS,,16.0,"• MODELO: PARLANTE
RECARGABLE  GTS
• ALIMENTACIÓN: SOLAR Y
ELECTRICA
• FUNCIONES: BLUETOOTH,
LECTOR MEMORIA, USB,
RADIO FM,AUX
• BOCINA : 4” PULGADAS
• CONTENIDO: CABLE DE
CARGA, CUERDA
SUJETADORA,PANEL SOLAR
• COLOR NEGRO",images/GTS-2040.jpg,191,0.9
GTS-1498,PARLANTE GTS,,16.0,"• PRODUCTO: PARLANTE
RECARGABLE
• FUNCIONES:  BLUETOOTH,
ENTRADA LECTORA DE USB Y
MEMORIA,RADIO FM
• INCLUYE: CABLE DE CARGA
• COLORES:
ROJO,NEGRO,CELESTE,VERDE,
ROSADO Y PURPURA",images/GTS-1498.jpg,192,0.9
AC71,PARLANTE,,16.0,"• PARLANTE RECARGABLE
BLUETOOTH
• VOLTAJE : 5V
• BATERIA: 800 MAH
• ENTRADA LECTORA DE USB Y
MEMORIA
• RADIO FM
• CABLE DE CARGA",images/AC71.jpg,193,0.9
KTX-1998,PARLANTE,,16.0,"• PARLANTE
RECARGABLE
BLUETOOTH
• ENTRADA
LECTORA DE USB
Y MEMORIA
• RADIO FM
• CABLE DE CARGA",images/KTX-1998.jpg,194,0.9
X-811,PARLANTE,,16.0,"• PARLANTE RECARGABLE
BLUETOOTH
• POTENCIA : 5W
• BATERIA: 1200 MAH
• ENTRADA LECTORA DE USB Y
MEMORIA
• RADIO FM
• CABLE DE CARGA",images/X-811.jpg,195,0.9
VTM41100,PARLANTE VTM,,16.0,"• MODELO: PARLANTE
RECARGABLE
• ALTAVOZ DE GRABES
• FUNCIONES: MEMORIA, USB,
RADIO FM,AUX
• BOCINA : 4” PULGADAS
• CONTENIDO: CABLE
CARGADOR,MICRÓFONO CON
CABLE
• LUCES RGB
• COLOR NEGRO",images/VTM41100.jpg,196,0.9
GTS-1941,PARLANTE KARAOKE,,16.0,"• MODELO: PARLANTE
KARAOKE RECARGABLE
• ALTAVOZ DE GRABES
• FUNCIONES: MEMORIA, USB,
RADIO FM,AUX
• BOCINA : 3” PULGADAS
• CONTENIDO: CABLE DE
CARGA Y MICRÓFONO
INÁLAMBRICO
• LUCES RGB
• COLOR NEGRO",images/GTS-1941.jpg,197,0.9
CH-J2072,PARLANTE BUYTITI,,17.0,"• MODELO: PARLANTE
RECARGABLE
• FUNCIONES: USB,TARJETA
TF,BLUETOOTH
• SOPORTE “TWS”
• POTENCIA: 10W
• BOCINAS 4 X 2PULGADAS
• CONTENIDO: CABLE DE CARGA
TIPO C
• ILUMINACIÓN:  FRENTE LUCES
RGB",images/CH-J2072.jpg,198,0.9
KTS-1677,PARLANTE KTS,,17.0,"• PARLANTE RECARGABLE
BLUETOOTH DE 4 PULGADAS
• ENTRADA LECTORA DE USB Y
MEMORIA
• RADIO FM
• CABLE DE CARGA",images/KTS-1677.jpg,199,0.9
KTS-1097,PARLANTE KTS,,18.0,"• MODELO: PARLANTE
RECARGABLE GTS
• FUNCIONES: BLUETOOTH,
LECTOR MEMORIA, USB,
RADIO FM,AUX
• BOCINA : 3” PULGADAS
• CONTENIDO: CABLE
CARGADOR
• LUCES RGB
• COLORES NEGRO",images/KTS-1097.jpg,200,0.9
AD-S99,PARLANTE,ALDEEPO,18.0,"• PRODUCTO: PARLANTE
RECARGABLE
• POTENCIA: 8W*1
• BATERIA:1200MAH
• FUNCIONES:
WIRELESS,FM,USB,TF,TWS
• INCLUYE: CABLE DE CARGA
• LUCES RGB",images/AD-S99.jpg,201,1.0
KTS-2310,PARLANTE GTS,,18.0,"• PARLANTE RECARGABLE
BLUETOOTH
• ENTRADA LECTORA DE USB Y
MEMORIA
• LUCES RGB
• CABLE DE CARGA",images/KTS-2310.jpg,202,0.9
X-922,PARLANTE,BIG-GER,17.0,"• MODELO: PARLANTE RECARGABLE
• ALIMENTACIÓN: ELECTRICA
• FUNCIONES: BLUETOOTH, LECTOR
MEMORIA, USB, RADIO FM,AUX
• CONTENIDO: CABLE DE CARGA
• LUCES RGB
• MATERIAL : RESISTENTE",images/X-922.jpg,203,1.0
ET-P1324B,PARLANTE,EWTTO,17.0,"• PRODUCTO:  PARLANTE
EWTTO
• CONECTIVIDAD: BLUETOOTH
V5.3, ENTRADA USB, LECTORA
DE MORIA SD
• BATERIA: 4H DE
REPRODUCCION
• INCLUYE CABLE DE CARGA
TIPO C",images/ET-P1324B.jpg,204,1.0
X-911,S/.17 PARLANTE,BIG-GER,,"• MODELO: PARLANTE
INALÁBRICO
• BATERIA: 1200 MAH
• FUNCIONES: BLUETOOTH,
LECTOR MEMORIA, USB, RADIO
FM,AUX,TWS
• CONTENIDO: CABLE DE CARGA
• LUCES:RGB",images/X-911.jpg,205,0.8
KTS-1371,PARLANTE KTS,,17.0,"• PARLANTE RECARGABLE
BLUETOOTH
• ENTRADA LECTORA DE USB Y
MEMORIA
• RADIO FM
• CABLE DE CARGA",images/KTS-1371.jpg,206,0.9
GTS-2083,PARLANTE GTS,,17.0,"• PARLANTE GTS RECARGABLE
• DOBLE BOCINA DE 3”
PULGADAS
• RADIO FM | LECTOR USB Y SD
• FRENTE CON JUEGO DE LUCES
RGB",images/GTS-2083.jpg,207,0.9
P8022,D- PARLANTE DEMGEL,,17.0,"• PARLANTE RECARGABLE
BLUETOOTH 5.3
• POTENCIA: 5W
• BATERIA: 800MAH
• FUNCIONES: BT, TWS, FM, TF,
USB
• LUCES RGB
• CABLE DE CARGA",images/P8022.jpg,208,0.9
G04-PRO,PARLANTE JBL,,17.0,"• PARLANTE JBL RECARGABLE
• BATERIA: 8W
• CUENTA CON BLUETOOTH
• RADIO FM | LECTOR USB Y SD
• FRENTE CON JUEGO DE LUCES
RGB
• RESISTENTE AL AGUA Y AL
POLVO.",images/G04-PRO.jpg,209,0.9
GTS-1676,PARLANTE GTS,,18.0,"• MODELO: PARLANTE
RECARGABLE GTS
• FUNCIONES: BLUETOOTH,
LECTOR MEMORIA, USB,
RADIO FM,AUX
• CONTENIDO: CABLE DE CARGA
TIPO C
• LUCES RGB
• MATERIAL : RESISTENTE
• COLORES:
PURPURA,PLOMO,AZUL,
NEGRO",images/GTS-1676.jpg,210,0.9
CH-J2080,PARLANTE BUYTITI,,18.0,"• MODELO: PARLANTE AUTO
• ALIMENTACIÓN: ELÉCTRICA
• FUNCIONES: RADIO
FM,BLUETOOTH, ENTRADA
LECTORA DE USB ,
MEMORIA,AUX
• POTENCIA: SALIDA 5W
• BATERÍA:2-6H
• CONTENIDO: CABLE DE CARGA
TIPO C
• COLORES:
AMARILLO,ROJO,AZÚL,NEGRO",images/CH-J2080.jpg,211,0.9
KTS-2295,PARLANTE KTS,,18.0,"• MODELO: PARLANTE
RECARGABLE  KBROAD
• FUNCIONES: BLUETOOTH,
LECTOR MEMORIA, USB,
RADIO FM,AUX
• BOCINA : 3” PULGADAS
• CONTENIDO: CABLE DE
CARGA, CUERDA SUJETADORA,
LINTERNA LATERAL
• COLOR NEGRO",images/KTS-2295.jpg,212,0.9
ET-P1969B,PARLANTE,EWTTO,18.0,"• PARLANTE INALAMBRICO
• BLUTOOTH 5.3
• POTENCIA: 5W
• DISTANCIA BT: 10M
• TIEMPO DURACION: 2H
• FUNCIONES: TWS , FM , TF, USB
• LUCES RGB
• INCLUYE CABLE DE CARGA TIPO C",images/ET-P1969B.jpg,213,1.0
KTS-1919,PARLANTE KTS,,18.0,"• PARLANTE RECARGABLE
BLUETOOTH
• ENTRADA LECTORA DE USB Y
MEMORIA
• RADIO FM
• CON JUEGO DE LUCES RGB
• CABLE DE CARGA",images/KTS-1919.jpg,214,0.9
KTS-2202,PARLANTE KTS,,18.0,"• PARLANTE BLUETOOTH RECARGABLE
• PUERTO USB, MICRO SD ,
• RADIO FM
• CABLE DE CARGA TIPO C
• LINTERNA LATERAL Y PANEL SOLAR
• CUERDA SUJETADORA",images/KTS-2202.jpg,215,0.9
ET-P1368B,PARLANTE,EWTTO,18.0,"• MODELO: PARLANTE RECARGABLE
KBROAD
• FUNCIONES: BLUETOOTH, LECTOR
MEMORIA, USB, RADIO
FM,AUX,TWS
• POTENCIA : 8W
• CONTENIDO: CABLE DE CARGA
• LUCES RGB
• MATERIAL : RESISTENTE AL AGUA
• COLORES: NEGRO,ANARAJADO Y
AZÚL",images/ET-P1368B.jpg,216,1.0
ET-P1251B,PARLANTE,EWTTO,18.0,"• PARLANTE RECARGABLE
BLUETOOTH 5.0
• POTENCIA: 5W
• BATERIA: 800MAH
• FUNCIONES: BT, TWS, FM, TF,
USB,AYX ,MIC.
• LUCES RGB
• CABLE DE CARGA",images/ET-P1251B.jpg,217,1.0
GTS-2068,PARLANTE GTS,,18.0,"• MODELO: PARLANTE
RECARGABLE  GTS
• ALIMENTACIÓN:SOLAR Y
ELECTRICA
• FUNCIONES: BLUETOOTH, LECTOR
MEMORIA, USB, RADIO FM,AUX
• BOCINA : 3” PULGADAS
• CONTENIDO: CABLE DE CARGA,
CUERDA SUJETADORA, LINTERNA
LATERAL ,PANEL SOLAR
• COLOR NEGRO",images/GTS-2068.jpg,218,0.9
VTM6147,PARLANTE VTM,,19.0,"• PARLANTE BLUETOOTH
• BOCINA 6 PULGADAS
• FRENTE ILUMINADA CON LUZ
RGB
• LECTOR DE USB Y MEMORIA SD
• CABLE DE CARGA",images/VTM6147.jpg,219,0.9
GTS-2151,PARLANTE GTS,,20.0,"• MODELO : PARLANTE
RECARGABLE GTS
• TAMAÑO: BOCINA 4″
PULGADAS
• FUNCIONES: USB, MICRO SD,
RADIO FM,BLUETOOTH
• CONTENIDO: CABLE DE
CARGA,
• RANGO DE SONIDO: 10 M
• LUCES RGB
• COLOR NEGRO",images/GTS-2151.jpg,220,0.9
ET-P1068B,PARLANTE,EWTTO,20.0,"• MODELO: ALTAVOZ RECARGABLE
• BATERIA: 3.7V 800MAH
• POTENCIA: 5W
• FUNCIONES: BLUETOOTH,
LECTOR MEMORIA, USB, RADIO
FM,AUX
• CONTENIDO: CABLE DE CARGA
• LUCES RGB
• MATERIAL : RESISTENTE",images/ET-P1068B.jpg,221,1.0
CH-J2073,PARLANTE BUYTITI,,20.0,"• PARLANTE RECARGABLE
BLUETOOTH
• POTENCIA. 20W
• LUCES LED RGB
• LECTOR DE USB Y MEMORIA
• CABLE DE CARGA TIPO C",images/CH-J2073.jpg,223,0.9
GTS-1550,PARLANTE GTS,GTS,20.0,"• MODELO : PARLANTE
RECARGABLE
• MARCA:  GTS
• TAMAÑO: BOCINA 4″ X 2
PULGADAS
• FUNCIONES: USB, MICRO SD,
RADIO FM,BLUETOOTH
• CONTENIDO: CABLE DE CARGA,
• RANGO DE SONIDO: 10 M
• LUCES RGB",images/GTS-1550.jpg,224,1.0
P8034,D- PARLANTE DEMGEL,,20.0,"• MODELO: PARLANTE
RECARGABLE DEMGEL
• POTENCIA: 5W
• BATERIA:3.7V 1200 MAH
• FUNCIONES: BL,FM,USB
• CONTENIDO: CABLE DE CARGA
• MATERIAL : RESISTENTE",images/P8034.jpg,225,0.9
GTS-2085,PARLANTE GTS,,20.0,"• MODELO : PARLANTE
RECARGABLE GTS
• TAMAÑO: BOCINA 4″X 2
PULGADAS
• FUNCIONES: USB, MICRO
SD, RADIO FM,BLUETOOTH
• RANGO DE SONIDO: 10 M
• ILUMINACIÓN: LUCES RGB
• INCLUYE: CABLE DE CARGA
• COLOR NEGRO",images/GTS-2085.jpg,226,0.9
GTS-2092,PARLANTE GTS,,20.0,"• MODELO: PARLANTE
RECARGABLE GTS
• FUNCIONES: BLUETOOTH,
LECTOR MEMORIA, USB,
RADIO FM,AUX
• CONTENIDO: CABLE DE
CARGA TIPO C
• LUCES RGB
• MATERIAL : RESISTENTE
• COLORES:
ROSADO,NEGRO",images/GTS-2092.jpg,227,0.9
GTS-2381,PARLANTE GTS,,20.0,"• MODELO : PARLANTE
RECARGABLE GTS
• POTENCIA:5W
• BATERIA: 800 MAH
• TAMAÑO:11*11*9.5CM
• FUNCIONES: USB, TF,
AUX,BLUETOOTH
• CONTENIDO: CABLE DE
CARGA.
• DISEÑO DE PELOTA DE
FUTBOLL",images/GTS-2381.jpg,228,0.9
P8025,D- PARLANTE DEMGEL,,20.0,"• MODELO: PARLANTE
RECARGABLE DEMGEL
• POTENCIA: 5W
• BATERIA:3.7V 1200 MAH
• FUNCIONES: BL, TWS, TF, FM,
USB.
• CONTENIDO: CABLE DE CARGA
• MATERIAL : RESISTENTE",images/P8025.jpg,229,0.9
GTS-1767,PARLANTE DE CARGA SOLAR,,20.0,"• PARLANTE RECARGABLE CON PANEL
SOLAR
• BOCINA: 4”  PULGADAS
• BLUETOOTH, LECTOR MEMORIA, USB,
RADIO FM,MICRO SD.
• CONTENIDO: CABLE DE CARGA, CORREA
SUJETADORA
• COLORES: NEGRO",images/GTS-1767.jpg,230,0.9
P01,MINI PARLANTE SUPER,,22.0,"• PARLANTE RECARGABLE
BLUETOOTH
• CARGA: TIPO C
• POTENCIA: 1.8W
• FUNCIONES: BLUETOOTH, LECTOR
MEMORIA, RADIO FM, TWS
• MATERIAL: PLASTICO
• CONTENIDO: CABLE
CARGADOR,CUERDA SUJETADORA,
IMAN.
• COLORES: AZUL Y NEGRO",images/P01.jpg,231,0.9
GTS-1868,PARLANTE GTS,,22.0,"• MODELO : PARLANTE
RECARGABLE GTS
• TAMAÑO: BOCINA 4″
PULGADAS
• FUNCIONES: USB, MICRO SD,
RADIO FM,BLUETOOTH
• CONTENIDO: CABLE DE
CARGA,
• 1 MICROFONO ALÁMBRICO
• LUCES: FRENTE DE LUCES  RGB
• COLOR NEGRO",images/GTS-1868.jpg,232,0.9
KTS-1706,PARLANTE KTS,,22.0,"• PRODUCTO: PARLANTE
RECARGABLE
• ENTRADAS: AUX,LECTORA DE
USB, MEMORIA, BLUETOOTH
Y RADIO FM.
• DISEÑO: CABLE CARGADOR,
LINTERNA LATERAS, TIRA
SUJETADORA",images/KTS-1706.jpg,233,0.9
QL-602,PARLANTE M&M,,22.0,"• PARLANTE RECARGABLE
BLUETOOTH
• ENTRADA LECTORA DE USB Y
MEMORIA, AUX
• CABLE DE CARGA
• MICROFONO ALAMBRICO",images/QL-602.jpg,234,0.9
KTS-1828,PARLANTE GTS,,22.0,"• MODELO: PARLANTE
SONIDO HD
• - TECNOLOGÍA
INALÁMBRICA
• - BATERÍA
RECARGABLE
• - RADIO FM
• - TAMAÑO: 9*12CM
• - PUERTO DE CARGA
TIPO C
• - RANURA
USB/SD/AUX
• - RADIO FM",images/KTS-1828.jpg,235,0.9
GTS-2220,PARLANTE PORTATIL,,22.0,"• PARLANTE ESPEJO LED
RECARGABLE
• RADIO FM
• ENTRADA TF
• POTENCIA: 5W
• BATERIA: 1200MAH
• INCLUYE CABLE DE CARGA
TIPO C",images/GTS-2220.jpg,236,0.9
KTS-2221,PARLANTE PORTATIL,,22.0,"• PARLANTE ESPEJO LED
RECARGABLE
• RADIO FM
• ENTRADA TF
• INCLUYE CABLE DE CARGA
TIPO C",images/KTS-2221.jpg,237,0.9
KTS-2179,PARLANTE PORTATIL,,22.0,"• MODELO : BARRA DE
SONIDO CON SUBWOOFER
INTEGRADO
• CONECTIVIDAD: FUNCIONA
COMO ALYAVOZ
INALAMBRICO
• INCLUYE CABLE DE CARGA
USB TIPO C",images/KTS-2179.jpg,239,0.9
KTS-1920,PARLANTE KTS,,24.0,"• PARLANTE RECARGABLE BLUETOOTH
• ENTRADA LECTORA DE USB Y
MEMORIA
• RADIO FM
• CABLE DE CARGA
• FRENTE RGB
• MICROFONO ALAMBRICO
• CUERDA SUJETADORA",images/KTS-1920.jpg,240,0.9
ET-P1102B,PARLANTE,EWTTO,24.0,"• MODELO: PARLANTE
RECARGABLE EWTTO
• POTENCIA: 5W
• DURACION: 4 H
• BATERIA: 1200 MAH
• FUNCIONES: BT,TWS ,FM ,USB
,TF, AUX
• CONTENIDO: CABLE DE CARGA
• MATERIAL : RESISTENTE",images/ET-P1102B.jpg,241,1.0
KMS-285,PARLANTE KIMISO,,24.0,"• MODELO: PARLANTE
RECARGABLE
• MODELO: VOLANTE
• POTENCIA: 5W
• BATERIA:2-4H
• FUNCIONES:TWS,
BLUETOOTH, LECTOR
MEMORIA, USB, RADIO
FM,AUX
• CONTENIDO: CABLE DE
CARGA TIPO C
• LUCES RGB",images/KMS-285.jpg,242,0.9
ET-P1103B,PARLANTE,EWTTO,24.0,"• MODELO: PARLANTE
RECARGABLE EWTTO
• POTENCIA: 5W
• DURACION: 4 H
• BATERIA: 1200 MAH
• FUNCIONES: BT,TWS ,FM ,USB
,TF, AUX
• CONTENIDO: CABLE DE CARGA
• MATERIAL : RESISTENTE",images/ET-P1103B.jpg,243,1.0
GTS-1222,PARLANTE GTS,,25.0,"• PARLANTE RECARGABLE BLUETOOTH
• ENTRADA LECTORA DE USB Y
MEMORIA
• RADIO FM
• MICROFONO
• CABLE DE CARGA
• TIRANTE SUJETADOR",images/GTS-1222.jpg,244,0.9
ET-P1464B,PARLANTE,EWTTO,25.0,"• PRODUCTO: PARLANTE
INALÁMBRICO
• MODELO:EWTTO
• FUNCIONES: BT,USB,TF,FM
• POTENCIA: 5W
• BATERÍA: 1 200 MAH
• DURACIÓN: 5H
• ILUMINACION LED:RGB
• CONTENIDO: CABLE DE
CARGA",images/ET-P1464B.jpg,245,1.0
BS-12,PARLANTE M&M,,25.0,"• MODELO: PARLANTE RECARGABLE
M&M
• FUNCIONES: BLUETOOTH, LECTOR
MEMORIA, USB.
• BATERIA: 2400MAH
• CONTENIDO: CABLE DE CARGA
• ILUMINACIÓN LED: LUCES RGB
MATERIAL : RESISTENTE",images/BS-12.jpg,246,0.9
ET-P1039B,PARLANTE,EWTTO,25.0,"• PARLANTE RECARGABLE CON
BLUETOOTH
• RADIO FM
• ENTRADA PARA USB Y
MEMORIA SD
• CABLE DE CARGA TIPO C
• SONIDO DE ALTA CALIDAD
• POTENCIA DE 8W",images/ET-P1039B.jpg,247,1.0
KTS-1902,PARLANTE KTS,,28.0,"• PARLANTE RECARGABLE
• BATERIA :1500MAH
• POTENCIA: 10W
• FUNCIONES: BLUETOOTH,
US,FM,TF
• LUCES RGB
• CABLE CARGADOR TIPO C",images/KTS-1902.jpg,248,0.9
ET-P1031B,PARLANTE,EWTTO,26.0,"• PRODUCTO: PARLANTE
EWTTO RECARGABLE
• POTENCIA: 10W
• BLUETOOTH V5.3
• FUNCIONES:  RADIO FM,
LECTOR USB Y SD
• FRENTE CON JUEGO DE LUCES
RGB
• INCLUYE: CABLE DE CARGA",images/ET-P1031B.jpg,249,1.0
P41,ALAXE PARLANTE,,28.0,"• PARLANTE RECARGABLE
• BLUETOOTH PERMITE
EMPAREJARSE CON
DIVERSOS DISPOSITIVOS:
SMARTPHONES, TABLETS Y
LAPTOPS
• LUCES LED RGB
• INCLUYE CABLE DE CARGA
TIPO C",images/P41.jpg,250,0.9
P8033,D- PARLANTE DEMGEL,,27.0,"• MODELO: PARLANTE
RECARGABLE DEMGEL
• POTENCIA: 10W
• BATERIA:3.7V 1500 MAH
• FUNCIONES: BT,FM,USB
• CONTENIDO: CABLE DE CARGA
• MATERIAL : RESISTENTE",images/P8033.jpg,251,0.9
KTS-1513,PARLANTE KTS,,28.0,"• PARLANTE RECARGABLE
BLUETOOTH
• BOCINA DE 4” PULGADAS RGB
• RADIO FM
• LECTOR DE USB Y MEMORIA
• MICRÓFONO CON CABLE",images/KTS-1513.jpg,252,0.9
OC-P500,PARLANTE ONCE,,29.0,"• MODELO: PARLANTE
RECARGABLE Y LÁMPARA
• FUNCIONES: BLUETOOTH,
LECTOR DE MEMORIA,
USB, RADIO FM
• CONTENIDO: CABLE DE
CARGA TIPO C
• MATERIAL: RESISTENTE
• COLORES: NEGRO Y AZUL",images/OC-P500.jpg,253,0.9
GTS-2405,PARLANTE  GTS,,29.0,"• PARLANTE: RECARGABLE
• BOCINA: 6.5”
• FUNCIONES:
BLUETOOTH,FM,USB,TF
• INCLUYE: MICRÓFONO
INALÁMBRICO, CABLE DE
CARGA
• ILUMINACIÓN LED: RGB",images/GTS-2405.jpg,254,0.9
SP48,PARLANTE MICCELL,,29.0,"• PRODUCTO: PARLANTE
RECARGABLE
• BLUETOOTH 5.3
• POTENCIA:8W
• BATERIA:1200MAH
• FUNCIONES: BT, CALL, USB,
FM,TWS.
• LUCES RGB
• INCLUYE CABLE DE CARGA.",images/SP48.jpg,255,0.9
ET-P1378B,PARLANTE,EWTTO,29.0,"• CONECTIVIDAD: INALÁMBRICA
MEDIANTE BLUETOOTH V6.0.
• BATERÍA: APROX 3 HORAS DE
REPRODUCCIÓN.
• DISEÑO: PORTÁTIL CON UN
ENFOQUE EN GRAVES
EXTREMOS (EXTREME BASS).
• ENTRADAS: COMPATIBLE CON
USB, MICROSD Y ENTRADA AUX.
• LUCES LED RGB Y RADIO FM.",images/ET-P1378B.jpg,256,1.0
KTS-1965,PARLANTE KBROAD,,30.0,"•
MODELO: PARLANTE
SUBWOOFER
•
FRECUENCIAS:
GRAVES,ESPECTRO AUDIBLE
•
FUNCIONES: BLUETOOTH,
LECTOR MEMORIA, USB,
RADIO FM,AUX
•
CONTENIDO: CABLE DE
CARGA
•
LUCES:  RGB
•
MATERIAL : RESISTENTE
•
COLOR NEGRO",images/KTS-1965.jpg,257,0.9
KTS-1716,PARLANTE KTS,,30.0,"• PARLANTE RECARGABLE
BLUETOOTH
• LUCES RGB
• RADIO FM
• LECTOR DE USB Y MEMORIA
• MICRÓFONO INALAMBRICO",images/KTS-1716.jpg,258,0.9
CN-S6366,PARLANTE CAFINI,,30.0,"• PARLANTE RECARGABLE
• POTENCIA: 50W
• BATERIA: 8000MAH
• FUNCIONES: BT,USB, TF, FM, TWS.
• CABLE INCORPORADO TIPO C Y
LIGHTNING ,QUE FUNCIONAN
COMO POWER BANK
• CONTENIDO:CABLE DE CARGA
• LUCES: FRENTE RGB",images/CN-S6366.jpg,259,0.9
GTS-1873,PARLANTE GTS,,30.0,"• MODELO: ALTAVOZ RECARGABLE
BOCINA: TAMAÑO 4 X 2 ”
PULGADAS
• FUNCIONES: BLUETOOTH,
LECTOR MEMORIA, USB, RADIO
FM,AUX
• CONTENIDO: CABLE DE CARGA
• LUCES : FRENTE  RGB
• MATERIAL : RESISTENTE
• COLORES: NEGRO",images/GTS-1873.jpg,260,0.9
LD-S831,PARLANTE LIDIMI,,30.0,"• PARLANTE RECARGABLE
• POTENCIA: 5W
• BATERIA: 1500MAH
• FUNCIONES: BT, TWS, FM ,TF, USB
• CONTENIDO:CABLE DE CARGA
• LUCES: FRENTE RGB",images/LD-S831.jpg,261,0.9
KTF-2017,RADIO KTS,,32.0,"• PRODUCTO: RADIO
• ALIMENTACIÓN: RECARGABLE
• FUNCIONES:  BLUETOOTH,LECTOR
DE USB Y MEMORIA SD
• BANFDAS: FM,AM Y SW
• INCLUYE: CABLE DE CARGA, PILA
RECARGABLE
• INCORPORADO: RELOJ ANOLIGICO",images/KTF-2017.png,262,0.9
ET-P1315B,PARLANTE,EWTTO,32.0,"• MODELO: ALTAVOZ RECARGABLE
• POTENCIA:20W
• BATERIA:1200 MAH
• FUNCIONES: BLUETOOTH 5.3,
LECTOR MEMORIA, USB, RADIO
FM,AUX, TWS
• CONTENIDO: CABLE DE CARGA
• LUCES : FRENTE  RGB
• MATERIAL : RESISTENTE",images/ET-P1315B.jpg,263,1.0
KP-820,PARLANTE OKOP,,32.0,"• MODELO: PARLANTE RECARGABLE
• POTENCIA:20W
• CUENTA CON UN SOPORTE PARA
REPRODUCCION DE MUSICA
DESDE USB Y MICRO SD.
• LUCS RGB
• INCLUYE CABLE DE CARGA.",images/KP-820.jpg,264,0.9
GTS-2412,PARLANTE GTS,,32.0,"• MODELO: ALTAVOZ RECARGABLE
• FUNCIONES: BLUETOOTH,
LECTOR MEMORIA, USB, RADIO
FM,AUX
• CONTENIDO: CABLE DE CARGA
• LUCES : FRENTE  RGB
• MATERIAL : RESISTENTE
• INCLUYE: MICROFONO
INALAMBRICO
• COLORES: NEGRO",images/GTS-2412.jpg,265,0.9
ET-P1377B,PARLANTE,EWTTO,32.0,"• PARLANTE EWTTO
RECARGABLE
• BATERIA: 3.7v 800MAH
• POTENCIA: 5W
• CUENTA CON  BT, TWS, FM,
TF,USB.
• LINTERNA INCORPORADA
• FUNCIONA COMO POWER
BANK CON CABLE TIPO C Y
LIGHTNING INCORPORADO.",images/ET-P1377B.jpg,266,1.0
CH-J2027,PARLANTE CARRO,,35.0,"• MODELO: PARLANTE CARRO
• INCLUYE SINTONIZADOR DE
RADIO FM Y ES COMPATIBLE
CON USB Y TARJETAS
TF/MICROSD PARA
REPRODUCIR MÚSICA.
• DISEÑO: INCORPORA LUCES
LED Y FUNCIONA CON UNA
BATERÍA RECARGABLE.",images/CH-J2027.jpg,267,0.9
YS-208,PARLANTE ASTRONAUTA BUYTITI,,35.0,"• MODELO: PARLANTE
ASTRONAUTA
• SONIDO: 7 DIFERENTES SONIDOS
AMBIENTALES PRE-GRABADOS
• MODOS: PROYECTA 3 IMÁGENES
• FUNCIONES: BLUETOOTH, LECTOR
DE MEMORIA, USB, RADIO FM,
AUX
• CONTENIDO: CABLE DE CARGA,
• MATERIAL: RESISTENTE",images/YS-208.png,268,0.9
LD-S860,PARLANTE LIDIMI,,35.0,"• PARLANTE RECARGABLE
• POTENCIA: 15W
• BATERIA: 2200MAH
• DURACION: 25HRS APROX
• FUNCIONES: BT, FM ,TF, USB,AUX
• CONTENIDO:CABLE DE CARGA
• LUCES: FRENTE RGB",images/LD-S860.jpg,269,0.9
SP49,PARLANTE MICCELL,,35.0,"• PRODUCTO: PARLANTE
RECARGABLE
• BLUETOOTH 5.3
• POTENCIA:15W
• BATERIA:1800MAH
• FUNCIONES: BT, CALL, USB,
FM,TWS.
• LUCES RGB
• INCLUYE CABLE DE CARGA.",images/SP49.jpg,270,0.9
BS29,PARLANTE M&M,,35.0,"•
MODELO: PARLANTE
RECARGABLE
• POTENCIA:10W
• BATERIA: 1200MAH
• FUNCIONES: BLUETOOTH 5.3,
ENTRADA LECTORA DE USB,
TARJETA TF,RADIO FM .
• LUCES:  FRENTE RGB",images/BS29.jpg,271,0.9
KTS-1936,PARLANTE KTS,,35.0,"• MODELO: PARLANTE CON
ESPEJO Y BASE CON CARGA
INALÁMBRICA
• ROTACIÓN: 360°
• FUNCIONES: BLUETOOTH,
LECTOR MEMORIA, USB,
RADIO FM
• CONTENIDO: CABLE DE CARGA
• LUCES : FRENTE  RGB
• MATERIAL : RESISTENTE
• COLORES: NEGRO",images/KTS-1936.jpg,272,0.9
LD-S883,PARLANTE LIDIMI,,35.0,"• PARLANTE RECARGABLE
• POTENCIA: 10W
• FUNCIONES: BT, TWS, FM ,TF,
USB,AUX
• CONTENIDO:CABLE DE CARGA
• LUCES: FRENTE RGB",images/LD-S883.jpg,273,0.9
P8008,D- PARLANTE DEMGEL,,36.0,"• MODELO: PARLANTE DEMGEL
• BLUETOOTH 5.3
• DISTANCIA BT: 10M
• POTENCIA: 2*5W
• BATERIA: 1200MAH
• FUNCIONES: BT, TWS, FM,TF,
USB, AUX
• CORRERA Y CABLE DE CARGA",images/P8008.jpg,274,0.9
GTS-2450,PARLANTE GTS,,36.0,"• MODELO : PARLANTE
RECARGABLE
• ALTAVOZ : 8 PULGADAS
• ALIMENTACION ELECTRICA
• FUNCIONES: USB, MICRO
SD, RADIO FM,BLUETOOTH
• CONTENIDO: CABLE DE
CARGA
• MICROFONO ALAMBRICO
• LUCES RGB",images/GTS-2450.jpg,275,0.9
ET-P1822B,PARLANTE,EWTTO,35.0,"• PARLANTE RECARGABLE
• BATERIA: 1800MAH
• POTENCIA: 6W*2
• FUNCIONES: BT, TWS, FM ,TF, USB
• CONTENIDO:CABLE DE CARGA
• LUCES: FRENTE RGB",images/ET-P1822B.jpg,276,1.0
CH-J2037,PARLANTE AUTOMOVIL BUYTITI,,36.0,"• MODELO AUTO
• PARLANTE BLUETOOTH
• RADIO FM,USB,MICRO TF
• BATERIA RECARGABLE
• CARAGADOR COMPLETO
• CABLE AUXILIAR
• COLORES:NEGRO,ROJO,AMARILL
O, VERDE Y BLANCO",images/CH-J2037.jpg,277,0.9
P3301C,D- PARLANTE DEMGEL,,36.0,"• MODELO: PARLANTE
RECARGABLE DEMGEL
• POTENCIA: 5W*2
• BATERIA: 1200 MAH
• FUNCIONES: BT, TWS,FM ,TF
,USB,AUX
• LUCES RGB
• CONTENIDO: CABLE A
CORRIENTE DIRECTA",images/P3301C.jpg,279,0.9
P2403C,D- PARLANTE DEMGEL,,36.0,"• PARLANTE RECARGABLE
BLUETOOTH 5.2
• POTENCIA: 5W*2
• BATERIA: 1200MAH
• FUNCIONES: BT, TWS, FM, TF,
USB,AUX
• LUCES RGB
• CABLE A CORRIENTE DIRECTA",images/P2403C.jpg,280,0.9
GTS-2133,PARLANTE GTS,,38.0,"• PRODUCTO: PARLANTE
RECARGABLE
• BOCINA: 2 X 4” PULGADAS
• ILUMINACIÓN: RGB
• FUNCIONES: BLUETOOTH,
ENTRADA LECTORA DE USB Y
MEMORIA, RADIO FM
• INCLUYE: MICROFONO
ALAMBRICO
• CABLE DE CARGA",images/GTS-2133.jpg,281,0.9
GTS-2131,PARLANTE GTS,,38.0,"• MODELO: PARLANTE
RECARGABLE
• BOCINA:  4 X 2 PULGADAS
• ENTRADA LECTORA DE USB Y
MEMORIA, RADIO FM,
BLUETOOTH
• LUCES: RGB
• CONTENIDO: MICROFONO
INALÁMBRICO ,CABLE DE CARGA
• COLOR: NEGRO",images/GTS-2131.png,282,0.9
GTS-2132,PARLANTE GTS,,38.0,"• PARLANTE RECARGABLE
• BOCINA : 4 X 2 PULGADAS
• FUNCIONES: ENTRADA LECTORA
DE USB, MEMORIA,RADIO FM,
BLUETOOTH
• CONTENIDO: 1 MICRÓFONO
ALÁMBRICO,CABLE DE CARGA
• LUCES: FRENTE RGB
• COLOR NEGRO",images/GTS-2132.jpg,283,0.9
KTS-2299,PARLANTE KTS,,38.0,"• MODELO: PARLANTE
RECARGABLE
• FUNCIONES: BLUETOOTH,
LECTOR DE MEMORIA, USB,
RADIO FM, AUX
• CONTENIDO: CABLE DE
CARGA,CUERDA
SUJETADORA Y BOMBILLO
• LINTERNA
• LUZ LED",images/KTS-2299.jpg,284,0.9
KMS-264,PARLANTE KIMISO,,38.0,"• MODELO: PARLANTE
RECARGABLE
• BOCINA: 3X2 PULGADAS
• POTENCIA: 7W
• FUNCIONES: RADIO FM ,
BLUETOOTH , ENTRADA
LECTORA DE USB, MEMORIA
• CONTENIDO: CABLE DE
CARGA
• COLOR: NEGRO, AZUL Y
ROJO",images/KMS-264.jpg,285,0.9
ET-P1608B,PARLANTE,EWTTO,40.0,"• MODELO: ALTAVOZ RECARGABLE
• POTENCIA:8W*2
• BATERIA:2400 MAH
• FUNCIONES: BLUETOOTH 5.3,
LECTOR MEMORIA, USB, RADIO
FM,AUX, TWS
• CONTENIDO: CABLE DE CARGA
• LUCES : FRENTE  RGB
• MATERIAL : RESISTENTE",images/ET-P1608B.jpg,286,1.0
ET-P1117B,PARLANTE,EWTTO,40.0,"• PRODUCTO: PARLANTE
INALÁMBRICO
• MODELO:EWTTO
• FUNCIONES:
BT,USB,TF,FM,AUX
• POTENCIA: 10W
• BATERÍA: 2 400 MAH
• DURACIÓN: 6H
• LUCES: RGB
• CONTENIDO: 1CABLE
AUXILIAR Y CABLE DE CARGA
• COLOR NEGRO",images/ET-P1117B.jpg,287,1.0
P915,PARLANTE GRIP,,40.0,"• PRODUCTO: PARLANTE
INALÁMBRICO
• MODELO:GRIP
• FUNCIONES:
BT,USB,TF,FM,AUX
• TIENE WIRELESS
• LUCES: RGB
• CONTENIDO: CABLE DE
CARGA
• COLOR NEGRO",images/P915.jpg,288,0.9
P2401C,D- PARLANTE DEMGEL,,40.0,"• MODELO: PARLANTE DEMGEL
• BOCINA:  4 X 2 PULGADAS
• FUNCIONES:BT,TWS,FM,TF,USB,A
UX
• BATERIA: 3.7V/1500 MAH.
• MEDIDAS:170*170*390MM
• POTENCIA:5WX2
• LUCES: RGB
• CABLE A CORRIENTE DIRECTA",images/P2401C.png,289,0.9
GTS-2148,PARLANTE GTS,,40.0,"• MODELO: PARLANTE RECARGABLE
• BOCINA: 6.5 PULGADAS
• ENTRADA LECTORA DE USB,
MEMORIA, RADIO FM,
BLUETOOTH
• LUCES: FRENTE  RGB
• CONTENIDO: 1 MICROFONO
ALÁMBRICO  ,CABLE DE CARGA
• COLOR NEGRO",images/GTS-2148.jpg,290,0.9
GTS-2359,PARLANTE GTS,,40.0,"• MODELO: PARLANTE RECARGABLE
• BOCINA: 4 PULGADAS
• ENTRADA LECTORA DE USB,
MEMORIA, RADIO FM,
BLUETOOTH
• LUCES: FRENTE  RGB
• CONTENIDO: 1 MICROFONO
INALÁMBRICO  ,CABLE DE CARGA",images/GTS-2359.jpg,291,0.9
P8024,D- PARLANTE DEMGEL 2 EN 1,,40.0,"• PARLANTE RECARGABLE
BLUETOOTH 5.3
• POTENCIA: 7W*2
• BATERIA: 1200MAH*2
• FUNCIONES: BT, TWS, FM, TF,
USB
• LUCES RGB
• CABLE DE CARGA
• SE PUEDE DIVIDIR EN DOS Y
UTILIZARSE UNIDAS O
SEPARADAS",images/P8024.jpg,292,0.9
KTS-2268,PARLANTE  KTS,,42.0,"• MODELO: PARLANTE
RECARGABLE
• BOCINA: 4 PULGADAS
• POTENCIA: 12 W
• FUNCIONES: BLUETOOTH,RADIO
FM,AUX, ENTRADA LECTORA DE
USB Y MEMORIA
• CONTENIDO: 1 MICRÓFONO
ALÁMBRICO, CABLE DE CARGA
• LUCES:  FRENTE RGB",images/KTS-2268.jpg,293,0.9
P2602C,D- PARLANTE DEMGEL,,42.0,"• PARLANTE RECARGABLE
BLUETOOTH 5.2
• POTENCIA: 5W*2
• BATERIA: 1500MAH
• FUNCIONES: BT, TWS, FM, TF,
USB,AUX
• LUCES RGB
• CABLE A CORRIENTE DIRECTA",images/P2602C.jpg,294,0.9
KTS-1973,PARLANTE,,42.0,"•
PRODUCTO: PARLANTE
•
POTENCIA: 20 W
•
BOCINAS: 3 X2” PULGADAS
•
CONECTIVIDAD:
TWS,BLUTOOTH,RADIO FM,PUERTO
USB,RADIO FM
•
BATERÍA: 1800 MAH
•
INCLUYE: MICRÓFONO
INALÁMBRICO
•
ILUMINACIÓN: RGB",images/KTS-1973.jpg,295,0.9
,FLIP 7 PARLANTE,,45.0,"• PARLANTE RECARGABLE
BLUETOOTH
• ENTRADA LECTORA DE USB Y
MEMORIA
• RADIO FM
• CABLE DE CARGA TIPO C
• MODELO CON LUCES RGB",images/page_296_product_001.jpg,296,0.75
K412,PARLANTE,KASSEL,45.0,"• PARLANTE RECARGABLE
• BOCINA DE 4 PULGADAS Y LUCES
RGB INTEGRADAS.
• CONECTIVIDAD: BLUETOOTH,
RADIO FM, ENTRADAS USB,
TARJETA SD Y FUNCIÓN TWS.
• FUNCIONES
ADICIONALES: INCORPORA
ENTRADA AUXILIAR DE 3.5MM Y
ENTRADA PARA MICRÓFONO.",images/K412.jpg,297,1.0
,POWER MAGIC PARLANTE,,45.0,"•
PRODUCTO: PARLANTE
•
POTENCIA: 5 W
•
CONECTIVIDAD: BLUTOOTH,TF,MICRO
SD,AUXILIAR
•
BATERÍA: 1200 MAH
•
INCLUYE: CABLE DE CARGA, FUNDA
PROCTECTORA
•
COLORES: BLANCO Y AZUL MARINO
•
ILUMINACIÓN: RGB",images/page_298_product_001.jpg,298,0.75
ET-P1609B,PARLANTE,EWTTO,45.0,"• PARLANTE RECARGABLE
BLUETOOTH 5.3
• POTENCIA: 8W*2
• BATERIA: 2400MAH
• FUNCIONES: BT, TWS, FM, TF,
USB
• LUCES RGB
• CABLE DE CARGA",images/ET-P1609B.jpg,299,1.0
DE-P4560MBC,PARLANTE DEXBO,,40.0,"• PARLANTE RECARGABLE
• 6.5 PULGADAS
• POTENCIA: 5W
• FUNCIONES: BT, USB,TF, FM
• JUEGO DE LUCES RGB
• LECTOR DE USB Y MEMORIA
• MICROFONO ALAMBRICO DE 6.5MM
• CABLE CARGADOR
• CABLE A CORRIENTE DIRECTA",images/DE-P4560MBC.jpg,300,0.9
KTS-1863,PARLANTE KTS,,45.0,"• PARLANTE RECARGABLE BLUETOOTH
DE 4 PULGADAS
• ENTRADA LECTORA DE USB Y
MEMORIA
• RADIO FM
• CABLE DE CARGA
• MICROFONO INALAMBRICO
• MODELO NAVIDEÑO",images/KTS-1863.jpg,301,0.9
,ALAXE PRO PARLANTE,MAX,45.0,"• PARLANTE RECARGABLE
• POTENCIA: 15W
• CONECTIVIDAD BLUETOOTH
V5.1
• DURACION APROX DE 4-12 HRS
DEPENDIENDO EL USO.
• LUCES RGB
• RESISTENTE A SALPICADURAS
CON PROTECCION IPX4 O IPX6.",images/page_302_product_001.jpg,302,0.85
VTM8107S,PARLANTE VTM,,45.0,"• PARLANTE RECARGABLE
BLUETOOTH DE 8 PULGADAS
• ENTRADA LECTORA DE USB Y
MEMORIA
• RADIO FM
• CABLE DE CARGA
• MICROFONO CON CABLE
• CONTROL REMOTO",images/VTM8107S.jpg,303,0.9
,BOOMS BOX 4 PARLANTE JBL,,45.0,"• PARLANTE RECARGABLE
BLUETOOTH 5.4
• BATERIA: 2000MAH
• FUNCIONES: BT, TWS, FM, TF,
USB,AUX
• LUCES RGB
• CABLE DE CARGA",images/page_304_product_001.jpg,304,0.75
SP64,PARLANTE MICCELL,,45.0,"• PRODUCTO: PARLANTE
RECARGABLE
• TAMAÑO:170*110*118MM
• BATERIA: 2400 MAH
• POTENCIA: 20W
• FUNCIONES: BLUETOOTH,
ENTRADA LECTORA DE USB Y
MEMORIA, FM, TWS
• ENTRADAS:  USB,AUX, C
• INCLUYE: CABLE DE CARGA",images/SP64.jpg,305,0.9
KP-576,PARLANTE OKOP,,45.0,"• MODELO: PARLANTE RECARGABLE
• POTENCIA:15W
• CUENTA CON RELOJ DIGITAL Y UN
SOPORTE PARA REPRODUCCION
DE MUSICA DESDE USB Y MICRO
SD.
• LUCS RGB
• INCLUYE CABLE DE CARGA.",images/KP-576.jpg,306,0.9
GTS-2176,PARLANTE GTS,,45.0,"•
MODELO: PARLANTE MALETA
RECARGABLE
• BOCINA: 8 PULGADAS
• FUNCIONES:
BLUETOOTH,RADIO FM,AUX,
ENTRADA LECTORA DE USB Y
MEMORIA
• CONTENIDO: 1 MICRÓFONO
INALÁMBRICO
• LUCES:  FRENTE RGB
• COLOR NEGRO",images/GTS-2176.jpg,307,0.9
LD-S859,PARLANTE LIDIMI,,45.0,"• PARLANTE RECARGABLE
• POTENCIA: 32W
• BATERIA: 4400MAH
• DURACION: 25HRS APROX
• FUNCIONES: BT, FM ,TF, USB,AUX
• CONTENIDO:CABLE DE CARGA
• LUCES: FRENTE RGB",images/LD-S859.jpg,308,0.9
P8023,D- PARLANTE DEMGEL,,45.0,"• PARLANTE RECARGABLE
BLUETOOTH 5.3
• POTENCIA: 8W*2
• BATERIA: 3000MAH
• FUNCIONES: BT, TWS, FM, TF,
USB
• LUCES RGB
• CABLE DE CARGA",images/P8023.jpg,309,0.9
QS-880,PARLANTE KIMISO,,48.0,"• PRODUCTO: PARLANTE
RECARGABLE
• BOCINAS 8X1
• POTENCIA: 10W X 1
• FUNCIONES:
BLUETOOTH,RADIO FM,
LECTOR USB Y MEMORIA
• LUCES: RGB
• INCLUYE: CABLE DE CARGA
TIPO C, MICRÓFONO
ALÁMBRICO",images/QS-880.jpg,310,0.9
GTS-2385,PARLANTE PORTATIL,,48.0,"• PARLANTE RECARGABLE
• BOCINA DE 8’’ PULGADAS
• CONECTIVIDAD: BLUETOOTH,
ENTRADA USB, MICRO SD,
• LUCES LED RGB
• 2 MICROFONOS
• INCLUYE: CABLE DE CARGA
TIPO C",images/GTS-2385.jpg,311,0.9
GTS-1699,PARLANTE GTS,,48.0,"• PRODUCTO: PARLANTE
• MODELO: GTS
• CONECTIVIDAD:  RECARGABLE
• FUNCIONES: BLUETOOTH,
ENTRADA LECTORA DE USB Y
MEMORIA, RADIO FM
• INCLUYE: MICROFONO
ALÁMBRICO, CONTROL
REMOTO, ABLE DE CARGA
• COLOR: NEGRO",images/GTS-1699.jpg,312,0.9
P10,PRO PARLANTE PORTATIL,,50.0,"• PARLANTE INALAMBRICO
• FUNCION MANOS LIBRES
• DURACION 12 H
• CONECTIVIDAD: BLUETOOTH ,
RADIO FM , PUERTO USB , RANURA
MICRO SD
• COLORES: NEGRO , AZUL,
ROJO,CAMUFLADO
• INCLUYE: CABLE AUXILIAR Y CABLE
DE CARGA TIPO C",images/P10.jpg,313,0.9
KTS-1975,PARLANTE KTS,,50.0,"• MODELO: PARLANTE
RECARGABLE  KTS
• ALIMENTACIÓN: SOLAR Y
ELECTRICA
• FUNCIONES: BLUETOOTH,
LECTOR MEMORIA, USB,
RADIO FM,AUX
• CONTENIDO: CABLE DE
CARGA, CUERDA
SUJETADORA, BOMBILLO
,PANEL SOLAR",images/KTS-1975.jpg,314,0.9
MS-2046BT,PARLANTE,,50.0,"• PARLANTE RECARGABLE BLUETOOTH
• POTENCIA:25W
• ALTAVOZ: 8 PULGADAS
• LUCES RGB
• FUNCIONES: USB, LECTOR DE
MEMORIA TF, ENTRADA AUXILIAR,
RADIO FM.
• INCLUYE CABLE DE CARGA.",images/MS-2046BT.jpg,315,0.9
KTS-1330,PARLANTE KTS,,50.0,"• MICROFONO INALAMBRICO
• CABLE DE CARGA
• MODELO: PARLANTE RECARGABLE
• BOCINA: 6.5 PULGADAS
• FUNCIONES: BLUETOOTH,RADIO
FM,AUX, ENTRADA LECTORA DE USB
Y MEMORIA
• CONTENIDO: 1 MICRÓFONO
INALÁMBRICO
• LUCES:  FRENTE RGB
• COLOR NEGRO",images/KTS-1330.jpg,316,0.9
WS-932,PARLANTE WSTER,,50.0,"• PARLANTE RECARGABLE
BLUETOOTH
• PANEL SOLAR INTEGRADO
• BOCINA 3” PULGADAS
• ENTRADA LECTORA DE USB Y
MEMORIA
• RADIO FM
• ANTENA EXTERNA
• CABLE DE CARGA",images/WS-932.jpg,317,0.9
GTS-1718,PARLANTE GTS,,52.0,"• MODELO: PARLANTE
• MODELO:  MALETA RECARGABLE
• BOCINA: 8 PULGADAS
• FUNCIONES:BLUETOOTH, RADIO
FM,AUX, ENTRADA LECTORA DE
USB Y MEMORIA
• CONTENIDO:  MICROFONO
ALÁMBRICO, CABLE DE CARGA
• LUCES : RGB",images/GTS-1718.jpg,318,0.9
GTS-1700,PARLANTE GTS,GTS,52.0,"• PRODUCTO: PARLANTE
• MARCA: GTS
• MODELO: PARLANTE MALETA
BOCINA: 8 PULGADAS
• FUNCIONES:BLUETOOTH,
RADIO FM,AUX, ENTRADA
LECTORA DE USB Y MEMORIA
• CONTENIDO:  MICROFONO
ALÁMBRICO, CABLE DE CARGA
• LUCES RGB",images/GTS-1700.jpg,319,1.0
GTS-1958,PARLANTE GTS,,55.0,"• PARLANTE RECARGABLE BLUETOOTH
• 8” PULGADAS
• ENTRADA LECTORA DE USB Y
MEMORIA
• RADIO FM
• MICROFONO
• CABLE DE CARGA",images/GTS-1958.jpg,320,0.9
P8007,D- PARLANTE DEMGEL,,55.0,"• PARLANTE RECARGABLE DEMGEL
• INCLUYE CONECTIVIDAD
INALÁMBRICA BLUETOOTH Y TWS.
• CUENTA CON RADIO FM, PUERTOS
USB Y TF CARD.
• VIENE CON UN MICRÓFONO CON
CABLE PARA FUNCIÓN KARAOKE.
• INCLUYE CORREA PARA TRANSPORTE
Y CABLE DE CARGA.",images/P8007.jpg,321,0.9
LD-S706,PARLANTE LIDIMI,,55.0,"• PARLANTE RECARGABLE
• POTENCIA: 32W
• BATERIA: 20000MAH
• DURACION: 30HRS APROX
VOLUMEN MEDIO
• FUNCIONES: BT,TF, USB
• CABLE INCORPORADO TIPO C Y
LIGHTNING ,QUE FUNCIONAN
COMO POWER BANK
• CONTENIDO:CABLE DE CARGA
• LUCES: FRENTE RGB",images/LD-S706.jpg,322,0.9
ET-P1611B,PARLANTE,EWTTO,55.0,"• MODELO: ALTAVOZ RECARGABLE
• POTENCIA:15W*2
• BATERIA:1800 MAH
• FUNCIONES: BLUETOOTH 5.3,
LECTOR MEMORIA, USB, RADIO
FM,TWS.
• CONTENIDO: CABLE DE CARGA Y
CABLE AUXILIAR
• LUCES : FRENTE  RGB
• MATERIAL : RESISTENTE",images/ET-P1611B.jpg,323,1.0
ET-P1049B,PARLANTE 2 EN 1,EWTTO,55.0,"• PARLANTE RECARGABLE
• BOCINA: 52MM * 2/6W *2
• BATERIA: 1200MAH*2
• RESISTENCIA AL AGUA Y POLVO
• FUNCIONES: BT, USB,TF, FM
• JUEGO DE LUCES RGB
• LECTOR DE USB Y MEMORIA
• CABLE CARGADOR
• SE PUEDE DIVIDIR EN DOS Y
UTILIZARSE UNIDAS O SEPARADAS",images/ET-P1049B.jpg,324,1.0
,XTREEM3 RGB PARLANTE RGB,,55.0,"• PARLANTE RECARGABLE
BLUETOOTH
• DOBLE BOCINA
• DOBLE DIAFRAGMA EN EXTREMOS
• BOCINAS CON LUCES RGB
• LANGER SUJETADOR PORTABLE
• CABLES DE CARGA TIPO C
• CABLE AUXILIAR",images/page_325_product_001.jpg,325,0.75
LD-S828,PARLANTE LIDIMI,,55.0,"• PARLANTE RECARGABLE
• POTENCIA: 30W
• BATERIA: 4400MAH
• DURACION: 25H APROX
• FUNCIONES: BT,USB, TF, FM, TWS,
AUX.
• CONTENIDO:CABLE DE CARGA
• LUCES: FRENTE RGB",images/LD-S828.jpg,326,0.9
YX-S9866,PARLANTE DISPENSADOR,,60.0,"• PARLANTE BLUETOOTH SEISA
• DISEÑO TIPO CAÑON DE
CERVEZA 2.5L
• LUCES RGB
• TARJETA TF, USB
• POTENCIA: 5W
• INCLUYE CABLE DE CARGA
TIPO C",images/YX-S9866.jpg,327,0.9
GTS-2088,PARLANTE  GTS,,60.0,"• DOBLE BOCINA DE 4”
PULGADAS
• PARLANTE BLUETOOTH
• 1 MICROFONO INALAMBRICO
• MODELO CON DISEÑO DE
LUCES RGB
• RADIO FM,USB,MEMORIA Y
AUX
• CABLE DE CARGA",images/GTS-2088.png,328,0.9
EW-P110BA,PARLANTE,EWTTO,60.0,"• PARLANTE RECARGABLE BLUETOOTH
• DURACION 5H
• RESISTENTE AL AGUA
• LECTOR DE USB Y MEMORIA
• POTENCIA DE 3.7V/2000 MAH*3
• CABLE DE CARGA
• CABLE AUXILIAR
• JUEGOS DE LUCES RGB
• INCLUYE FUNDA PROTECTORA",images/EW-P110BA.jpg,329,1.0
KMS-300,PARLANTE KIMISO,,60.0,"• PARLANTE RECARGABLE BLUETOOTH
• DURACION 6H
• RESISTENTE AL AGUA
• LECTOR DE USB ,MEMORIA , TWS
• POTENCIA DE 3000 MAH
• CABLE DE CARGA
• CABLE AUXILIAR
• JUEGOS DE LUCES RGB",images/KMS-300.jpg,330,0.9
ET-P1345B,PARLANTE,EWTTO,60.0,"• MODELO: PARLANTE RECARGABLE
• POTENCIA 30W
• FUNCIONES: BLUETOOTH, LECTOR
DE MEMORIA, USB, RADIO FM,
AUX
• CONTENIDO: CABLE DE CARGA
TIPO C
• LUCES: RGB
• MATERIAL: RESISTENTE AL AGUA",images/ET-P1345B.jpg,331,1.0
ET-P1768B,PARLANTE,EWTTO,60.0,"• PARLANTE RECARGABLE BLUETOOTH
• DURACION 5H
• LECTOR DE USB Y MEMORIA
• POTENCIA DE 15W*2
• CABLE DE CARGA
• CABLE AUXILIAR
• JUEGOS DE LUCES RGB
• RADIO FM",images/ET-P1768B.jpg,332,1.0
EW-P113B,PARLANTE,EWTTO,60.0,"• MODELO: PARLANTE
RECARGABLE EWTTO
• POTENCIA: 20W*2
• BATERIA:3.7V 4000 MAH
• FUNCIONES: BT,FM,USB,TF,
AUX
• CONTENIDO: CABLE DE
CARGA, CABLE AUXILIAR
• LUCES RGB
• MATERIAL : RESISTENTE",images/EW-P113B.jpg,333,1.0
GTS-1768,PARLANTE MULTIFUNCIONAL GTS,,60.0,"• PRODUCTO: PARLANTE
• FUENTE DE PODER:
RECARGABLE
• FUNCIONES: LECTOR DE USB
Y MEMORIA SD
• INCLUYE: LINTERNA
LATERAL, PANEL SOLAR
LATERAL, 1 MICROFONO
• 1 FOCO CON INTERRUPTOR,
CABLE DE CARGA",images/GTS-1768.jpg,334,0.9
ET-P1481B,PARLANTE,EWTTO,60.0,"• MODELO: PARLANTE RECARGABLE
• POTENCIA 20W
• DURACION 7H
• FUNCIONES: BLUETOOTH, LECTOR
DE MEMORIA, USB, AUX
• CONTENIDO: CABLE DE CARGA
TIPO C Y CABLE AUXILIAR
• LUCES: RGB",images/ET-P1481B.jpg,335,1.0
LD-S884,PARLANTE LIDIMI,,60.0,"• PARLANTE RECARGABLE
• POTENCIA: 40W
• BATERIA: 3.7V 5200MAH
• ALTAVOZ:2*2.25´´
• FUNCIONES: BT, TWS, FM ,TF,
USB,AUX.
• CONTENIDO:CABLE DE CARGA Y
CABLE AUXILIAR.
• LUCES: FRENTE RGB",images/LD-S884.jpg,336,0.9
KMS-808,PARLANTE KIMISO,,60.0,"• PARLANTE RECARGABLE
• FUNCIO DE CUERPO DIVIDIDO
SINCRONIZADO POR BLUETOOTH
• POTENCIA 40W RMS
• DURACION 6H
• BLUETOOTH Y TWS
• IPX5 DE RESISTENCIA AL AGUA
• LUZ RGB
• REFUERZO FRONTAL EN MALLA
• CABLE AUXILIAR Y DE CARGA
• LECTOR DE USB Y DE MEMORIA",images/KMS-808.jpg,337,0.9
DE-P2659B,PARLANTE DEXBO,,60.0,"• PRODUCTO: PARLANTE
RECARGABLE
• DISEÑO: CILINDRICO CON
CORREA DE TRANSPORTE
• POTENCIA: 60W
• FUNCIONES: BLUETOOTH,
ENTRADA USB Y LECTORA DE
MEMORIA, RADIO FM Y AUX.
• LUCES LED RGB
• INCLUYE: CABLE DE CARGA
TIPO C, CABLE AUXILIAR",images/DE-P2659B.jpg,338,0.9
DE-P2657B,PARLANTE DEXBO,,60.0,"• PARLANTE RECARGABLE
• FUNCION TWS Y WIRELESS
• POTENCIA: 40W
• CARACTERÍSTICAS: CUENTA CON
CONECTIVIDAD INALÁMBRICA,
PUERTO USB, ENTRADA
AUXILIAR Y CARGA POR TIPO C.
• DISEÑO: RESISTENTE AL AGUA,
IDEAL PARA EXTERIORES, CON
ILUMINACIÓN LED INTEGRADA.",images/DE-P2657B.jpg,339,0.9
ET-P1607B,PARLANTE,EWTTO,62.0,"• PARLANTE RECARGABLE
BLUETOOTH
• POTENCIA: 15W*2
• BATERIA: 7.4V/2400 MAH
• FUNCIONES: BT, TWS, FM, TF,
USB
• LUCES RGB
• CABLE AUXILIAR
• CABLE DE CARGA",images/ET-P1607B.jpg,340,1.0
KTS-1752,PARLANTE KTS,,62.0,"• Producto: PARLANTE
RECARGABLE
• Funciones: BLUETOOTH
• ENTRADA LECTORA DE USB
Y MEMORIA
• BOCINA :.8” PULGADAS
• RADIO FM
• MICROFONO
• CABLE DE CARGA",images/KTS-1752.jpg,341,0.9
KTS-1765,PARLANTE KTS,,65.0,"• MODELO: PARLANTE
RECARGABLE
• POTENCIA 8W
• FUNCIONES: BLUETOOTH,
LECTOR MEMORIA, USB,
RADIO FM,AUX
• CONTENIDO: CABLE DE CARGA,
1 MICRÓFONO INALÁMBRICO
• LUCES FRENTE RGB
• COLORES: NEGRO",images/KTS-1765.jpg,342,0.9
SP65,PARLANTE MICCELL,,65.0,"• PRODUCTO: PARLANTE
RECARGABLE
• TAMAÑO:232*118*112mm
• BATERIA: 4000 MAH
• POTENCIA: 2*15W
• FUNCIONES: BLUETOOTH,
ENTRADA LECTORA DE USB Y
MEMORIA, FM, TWS
• ENTRADAS:  USB,AUX, C
• INCLUYE: CABLE DE CARGA Y
CABLE AUXILIAR",images/SP65.jpg,343,0.9
KTS-1769,PARLANTE MULTIFUNCIONAL,,68.0,"• PRODUCTO: PARLANTE FUENTE DE PODER
• POTENCIA:
10W
• CONECTIVIDAD:BLUETOOTH, USB, MICRO
SD
• FUNCIONES RADIO FM, LINTERNA, FOCO
LED
• BATERÍA: 4800MAH RECARGABLE
• PANEL SOLAR:
INTEGRADO PARA
CARGA AUTÓNOMA
• TIEMPO DE REPRODUCCIÓN: HASTA 4 (75%
DE VOLUMEN)
• INCLUYE: MICRÓFONO, CABLE DE CARGA",images/KTS-1769.png,344,0.9
DE-P4570MBC,PARLANTE DEXBO,,65.0,"• PARLANTE AC Y RECARGABLE
• BOCINA DE 8“ PULGADAS
• CONECTIVIDAD: BLUETOOTH,
RADIO FM, ENTRADAS USB,
TARJETA SD Y AUXILIAR.
• INTEGRACIÓN DE LUCES LED
RÍTMICAS MULTICOLOR.
• INCLUYE ACCESORIOS COMO UN
MICRÓFONO
• CONTROL REMOTO
• CABLE DE CARGA.",images/DE-P4570MBC.jpg,345,0.9
ET-P4232MBC,PARLANTE,EWTTO,65.0,"• PRODUCTO: PARLANTE
RECRAGABLE  KTS
• BOCINAS: 6X 5” PULGADAS
• POTENCIA: 15 W
• FUNCIONES: BLUTOOTH,
FM, LECTOR DE USB Y
MEMORIA SD, USB,
ENTRADA DE MICRÓFONO
• ILUMINACIÓN LED: RGB
• INCLUYE: MICRÓFONO
INALÁMBRICA , CABLE DE
CARGA",images/ET-P4232MBC.jpg,346,1.0
P3401C,D- PARLANTE DEMGEL,,65.0,"• MODELO: PARLANTE
RECARGABLE
• BATERIA 3.7V 2400MAH
• DURACION : HASTA 4H
• FUNCIONES: BLUETOOTH,
LECTOR MEMORIA, USB,
RADIO FM,AUX
• CONTENIDO: CABLE DE CARGA
• LUCES FRENTE RGB",images/P3401C.jpg,347,0.9
GTS-1701,PARLANTE GTS,,65.0,"• PARLANTE RECARGABLE BLUETOOTH
• ENTRADA LECTORA DE USB Y
MEMORIA
• DOBLE BOCINA DE 8” PULGADAS
• RADIO FM
• MICROFONO
• CABLE DE CARGA",images/GTS-1701.jpg,348,0.9
ET-P4233MBC,PARLANTE,EWTTO,65.0,"• PARLANTE EWTTO
• CONECTIVIDAD BLUETOOTH CON
UN RANGO DE 10 M.
• INCLUYE UN MICRÓFONO PARA
FUNCIÓN DE KARAOKE.
• CUENTA CON LUCES LED RGB.
• BATERÍA RECARGABLE Y
SINTONIZADOR DE RADIO FM.
• POTENCIA DE 15W Y TIPO DE
BOCINA DE 6.5 PULGADAS.",images/ET-P4233MBC.jpg,349,1.0
LD-S650,PARLANTE LIDIMI,,70.0,"• PARLANTE PORTATIL
• POTENCIA: 40W
• BATERIA: 3.7V 5200MAH
• CONECTIVIDAD: BLUETOOTH,
ENTRADA USB, TF, RADIO
FM,AUXILIAR
• LUCES LED RGB
• INCLUYE CABLE DE CARGA TIPO C",images/LD-S650.jpg,350,0.9
GTS-1702,PARLANTE GTS,,68.0,"• PRODUCTO: PARLANTE
• MODELO:GTS
• ALIMENTACIÓN:  RECARGABLE
• BOCINA: 8 X 2 PULGADAS
• FUNCIONES: BLUETOOTH, RADIO
FM, AUX, ENTRADA LECTORA DE
USB Y MEMORIA
• CONTENIDO: MICRÓFONO
ALÁMBRICO, CABLE DE CARGA
• LUCES: RGB",images/GTS-1702.jpg,351,0.9
SP62,PARLANTE MICCELL,,75.0,"• PRODUCTO: PARLANTE
RECARGABLE Y A  CORRIENTE
• BATERIA: 3000 MAH
• POTENCIA: 2*10W
• FUNCIONES: BLUETOOTH,
ENTRADA LECTORA DE USB Y
MEMORIA, FM, TWS
• ENTRADAS:  USB,AUX, C
• INCLUYE: CABLE AUXILIAR Y
CABLE DE CARGA",images/SP62.jpg,352,0.9
DE-P4565MBC,PARLANTE DEXBO,,75.0,"• MODELO: PRODUCTO PREMIUM
• FUNCIONES: BLUETOOTH,
LECTOR MEMORIA- USB, RADIO
FM,AUX
• WOOFER 8’’
• POTENCIA: 8W
• CONTENIDO: CABLE CARGADOR,
MICROFONO, CONTROL
• CON RUEDAS",images/DE-P4565MBC.jpg,353,0.9
KTS-2056,PARLANTE KTS,,75.0,"• MODELO: PARLANTE RECARGABLE
• POTENCIA:60W
• DOS BOCINAS DE 6.5 PULGADAS.
• BATERIA: 2400 MAH
• INCLUYE TECNOLOGIA BLUETOOTH PARA
REPRODUCCION INALAMBRICA,
ADEMAS DE PUERTOS USB,TF Y AUX
PARA DIVERSAS FUENTES DE AUDIO.
• VIENE CON MICROFONO DE ACCESORIO,
IDEAL PARA EVENTOS
• LUCES RGB",images/KTS-2056.jpg,354,0.9
LD-S606,PARLANTE LIDIMI,,75.0,"• PARLANTE RECARGABLE
BLUETOOTH
• ENTRADA LECTORA DE USB Y
MEMORIA
• RADIO FM
• PUERTO PARA CABLE AUXILIAR
• CABLE AUXILIAR
• CABLE DE CARGA TIPO C
• CALIDAD DE SONIDO
• 30W DE POTENCIA",images/LD-S606.jpg,355,0.9
ET-P1658B,PARLANTE,EWTTO,75.0,"• PARLANTE EWTTO
• CONECTIVIDAD BLUETOOTH CON
UN RANGO DE 10 M.
• INCLUYE UN MICRÓFONO PARA
FUNCIÓN DE KARAOKE.
• CUENTA CON LUCES LED RGB.
• BATERÍA RECARGABLE Y
SINTONIZADOR DE RADIO FM.
• POTENCIA DE 15W Y TIPO DE
BOCINA DE 6.5 PULGADAS.",images/ET-P1658B.jpg,356,1.0
LD-S010AC,PARLANTE CAFINI,,75.0,"• PARLANTE  A CORRIENTE Y
RECARGABLE   BLUETOOTH
• ENTRADA LECTORA DE USB Y
MEMORIA
• FM
• PUERTO PARA CABLE AUXILIAR
• SALIDA DE 20W
• COLORES: NEGRO , AZUL .
• CABLE DE CARGA TIPO C",images/LD-S010AC.jpg,357,0.9
ET-P5576MBC,PARLANTE,EWTTO,78.0,"• MODELO: PARLANTE
• MARCA:  EWTTO
• BATERIA: 1800MAH
• POTENCIA:10W
• FUNCIONES: BT, AUX ,USB ,
TF,FM.
• CONTENIDO: CABLE DE
CARGA A CORRIENTE DIRECTA
• 1 MICROFONO ALAMBRICO Y
CONTROL REMOTO",images/ET-P5576MBC.jpg,359,1.0
DE-P2658B,PARLANTE DEXBO,,79.0,"• PARLANTE INALAMBRICO
• POTENCIA: 40W*2
• BATERIA: 7200MAH
• FUNCIONES: WIRELESS, FM,
TF, USB, AUX, TWS
• AUTONOMIA: 6-8H
• CONECTIVIDAD: BLUETOOTH,
• INCLUYE: CORREA DE
TRANSPORTE, CABLE DE
CARGA Y AUX.",images/DE-P2658B.jpg,360,0.9
GTS-2087,PARLANTE GTS,,80.0,"• MODELO : PARLANTE
RECARGABLE
• ALTAVOZ : 8 PULGADAS
• ALIMENTACION ELECTRICA
• FUNCIONES: USB, MICRO
SD, RADIO FM,BLUETOOTH
• CONTENIDO: CABLE DE
CARGA
• MICROFONO ALAMBRICO
• LUCES RGB",images/GTS-2087.jpg,361,0.9
KTS-1745,PARLANTE KTS,,85.0,"• PRODUCTO: PARLANTE
RECARGABLE
• BOCINAS: 8X2” PULGADAS
• POTENCIA: 10W
• FUNCIONES:BLUETOOTH, ENTRADA
LECTORA DE USB Y MEMORIA,
RADIO FM
• INCLUYE: 1 MICROFONO
ALAMBRICO, 1 CONTROL REMOTO
Y CABLE DE CARGA",images/KTS-1745.jpg,362,0.9
GTS-2075,PARLANTE GTS,,85.0,"• PARLANTE RECARGABLE
BLUETOOTH
• DOBLE BOCINA 6.5” PULGADAS
• ENTRADA LECTORA DE USB Y
MEMORIA
• RADIO FM
• MICROFONO ALAMBRICO
• CONTROL REMOTO
• CABLE DE CARGA",images/GTS-2075.jpg,363,0.9
AD-G585,PARLANTE,ALDEEPO,85.0,"• PRODUCTO:  PARLANTE
ALDEEPO
• MATERIAL : ABS+ RUBBER
• POTENCIA:30 W
• FUNCIONES: BT, USB,
TF,TWS,AUX, FM
• INCLUYE: CABLE DE CARGA Y
CABLE AUXILIAR",images/AD-G585.jpg,364,1.0
GTS-1876,PARLANTE GTS,,88.0,"• PRODUCTO: PARLANTE
GTS
• BOCINA :  12” PULGADAS
• FUNCIONES: RADIO FM,
BLUETOOTH, AUX,
ENTRADA LECTORA DE USB
Y MEMORIA
• INCLUYE: MICRÓFONO
INÁLAMBRICO, CONTROL
REMOTO Y CABLE DE
CARGA",images/GTS-1876.jpg,365,0.9
GTS-1877,PARLANTE GTS,,88.0,"• MODELO: PARLANTE
RECARGABLE GTS
• WOOFER : 12 PULGADAS
• FUNCIONES: BLUETOOTH,
LECTOR MEMORIA- USB, RADIO
FM
• INCLUYE MICROFONO
ALAMBRICO
• CONTENIDO: CABLE CARGADOR
Y CONTROL REMOTO
• LUCES RGB",images/GTS-1877.jpg,366,0.9
P30,XTREEME  PRO PARLANTE RGB,,90.0,"• PARLANTE RECARGABLE BLUETOOTH
• POTENCIA:20W
• CONECTIVIDAD TWS PARA
EMPAREJAR DOS UNIDADES Y
CERTIFICACION IPX6 DE RESISTENCIA
AL AGUA.
• FUNCIONES: USB, LECTOR DE
MEMORIA MICRO SD, ENTRADA
AUXILIAR, RADIO FM.
• INCLUYE CABLE DE CARGA, CORREA
AJUSTABLE, CABLE AUXILIAR.",images/P30.jpg,367,0.9
ET-P1761B,PARLANTE,EWTTO,90.0,"• MODELO: PARLANTE
RECARGABLE
• POTENCIA:20W*2
• FUNCIONES: BLUETOOTH,
RADIO FM, AUX, ENTRADA
LECTORA DE USB Y MEMORIA
• CONTENIDO: CABLE DE
CARGA,CABLE AUXILIAR
• LUCES: RGB",images/ET-P1761B.jpg,368,1.0
SP55,PARLANTE MICCELL,,99.0,"• PARLANTE RECARGABLE
BLUETOOTH, USB, MICRO SD, AUX
• RESISTENCIA: CUENTA CON
CERTIFICACIÓN IPX7
• BATERÍA: INCLUYE UNA BATERÍA
DE 3000 MAH.
• LUCES LED RGB
• POTENCIA: 20W
• DOBLE BOCINA
• INCLUYE CABLE DE CARGA TIPO C
Y AUX",images/SP55.jpg,369,0.9
LD-S862,PARLANTE LIDIMI,,99.0,"• PARLANTE PORTATIL
• POTENCIA: 40W
• BATERIA: 7.4V /4400MAH
• CONECTIVIDAD: BLUETOOTH,
ENTRADA USB, TF, RADIO FM Y
AUX
• LUCES LED RGB
• INCLUYE CABLE DE CARGA
TIPO C",images/LD-S862.jpg,370,0.9
LD-S871,PARLANTE LIDIMI,,99.0,"• PARLANTE RECARGABLE
• POTENCIA: 50W
• BATERIA: 5000MAH
• DURACION: 12-15H
• FUNCIONES: BT,USB, TF,AUX.
• CONTENIDO:CABLE DE CARGA
• LUCES: FRENTE RGB",images/LD-S871.jpg,371,0.9
CN-S6852AC,/Z PARLANTE CAFINI,,99.0,"• PARLANTE PORTATIL
• POTENCIA: 10W
• DISTANCIA: 10M
• CONECTIVIDAD: BLUETOOTH,
ENTRADA USB, TF, RADIO FM
• LUCES LED RGB
• INCLUYE CABLE DE CARGA TIPO C,
CABLE A CORRIENTE DIRECTA
MICROFONO ALAMBRICO, BASE
ESTABILIZADORA.",images/CN-S6852AC.jpg,372,0.9
EW-P129B,PARLANTE,EWTTO,99.0,"• PRODUCTO: PARLANTE PREMIUM
• ALIMENTACIÓN: ELÉCTRICA
• FUNCIONES:  BLUETOOTH, ENTRADA
LECTORA DE USB Y MEMORIA,
RADIO FM
• POTENCIA : 50W
• LUCES: RGB
• RESISTENTE AL AGUA: IPX5
• AJUSTE DE ECUALIZADOR
• DURACIÓN: 10H(50%)
• INCLUYE: CABLE DE CARGA TIPO C ,
CABLE AC, CABLE AUXILIAR Y
ESTUCHE.",images/EW-P129B.jpg,373,1.0
S201,MX PARLANTE TRON,MAX,105.0,"• SISTEMA DE AUDIO MULTIMEDIA
2.1 BT
• CONEXIÓN INALAMBRICA BT
ENTRADA AUX
• ILUMINACION RGB
• LECTOR DE MEMORIA USB/SD
• RADIO FM
• VOLTAJE: AC 220V
• BOCINA: 3´´ EN CADA SATELITE
• PANTALLA LED Y BOTONES DE
CONTROL
• CONTROL REMOTO",images/S201.jpg,374,1.0
HA-K44,MINI COMPONENTE,,110.0,"• PRODUCTO: PARLANTES
• MODELO: HALION
• CARACTERISTICAS: 1
CUERPO PRINCIPAL + 2
BOCINAS INDEPENDIENTE
• POTENCIA:  80W
• WOOFER: 4″
• SATÉLITES: 2×3″
• FUNCIONES: USB, SD, BT,
FM
• ILUMINACIÓN : RGB
• INCLUYE: 1 CONTROL
REMOTO,PANTALLA
DIGITAL",images/HA-K44.jpg,375,0.9
P8029,D- PARLANTE,EWTTO,115.0,"• PARLANTE RECARGABLE
• POTENCIA: 50W
• BATERIA: 1800MAH*4
• RESISTENCIA AL AGUA Y POLVO
• FUNCIONES: BT, USB,TF, FM,TWS
• JUEGO DE LUCES RGB
• CABLE CARGADOR
• CORREA AJUSTABLE",images/P8029.jpg,376,1.0
BTS-2237,PARLANTE BRODU,,115.0,"• PRODUCTO: PARLANTE KARAOKE
• WOFFER: 4 “
• POTENCIA: 20W
• FUNCIONES:RADIO FM, LECTOR
USB Y MEMORIA,AUX
• ILUMINACIÓN: RGB
• BOCINAS BOOFERS
• ALTA CALIDA DE SONIDO ESTABLE
• INCLUYE: CABLE DE CARGA TIPO C,
MICROFONO INALAMBRICO",images/BTS-2237.jpg,377,0.9
S7062BT,PARLANTE,,120.0,"• SISTEMA DE AUDIO MULTIMEDIA
2.1 BT
• CONEXIÓN INALAMBRICA BT
HASTA DE 10 METROS DE
DISTANCIA
• ILUMINACION RGB
• LECTOR DE MEMORIA USB/SD
• RADIO FM
• CONTROL REMOTO, PANTALLA
LED,BOTONES DE CONTROL,
PERILLAS DE BAJOS Y AGUDOS.",images/S7062BT.jpg,378,0.9
EW-P128BA,PARLANTE,EWTTO,120.0,"• MODELO: PARLANTE
RECARGABLE EWTTO
• POTENCIA: 40W
• DURACION: 10H
• BATERIA: 4000 MAH
• FUNCIONES: BT,USB,TF, AUX
• CONTENIDO: CABLE DE
CARGA, CABLE AUXILIAR
• MATERIAL : RESISTENTE",images/EW-P128BA.jpg,379,1.0
,POWER SMART PARLANTE MOVISUN,,120.0,"• PARLANTE PORTATIL
• POTENCIA: 16W
• CONECTIVIDAD: BLUETOOTH,
,TWS, RADIO FM Y AUX
• LUCES LED RGB
• INCLUYE CABLE AUX, Y CABLE
TIPO C",images/page_380_product_001.jpg,380,0.75
S7001BT,PARLANTE MICRONICS,,120.0,"• SISTEMA DE AUDIO MULTIMEDIA 2.1
BT ,SW 5´´.
• WOOFER: 5´´.
• DIAMETRO DE SATELITE DE 3´´ X 2.
• CONEXIÓN INALAMBRICA BT LARGA
DISTANCIA
• ILUMINACION RGB
• LECTOR DE MEMORIA USB/SD
• RADIO FM
• TUNED PORT: PARA MEJOR
RESPUESTA DE LOS BAJOS
• INCLUYE CONTROL REMOTO,
PANTALLA LED.",images/S7001BT.jpg,381,0.9
S7072BT,PARLANTE MICRONICS,,120.0,"• SISTEMA DE AUDIO MULTIMEDIA 2.1
BT, SW 5´´
• CONEXIÓN INALAMBRICA BT  HASTA
DE 10 METROS DE DISTANCIA
• WOOFER:5´´
• DIAMETRO DE SATELITES DE 3´´ X 2.
• ENTRADA AC 220V
• RADIO FM
• TUNED PORT: PARA MEJOR RESPUESTA
DE BAJOS.
• CONTROL REMOTO, PANTALLA
LED,BOTONES DE CONTROL.",images/S7072BT.jpg,382,0.9
BTS-2439,PARLANTE BRODU,,120.0,"• PARLANTE RECARGABLE
• POTENCIA: 50W
• BATERIA: 3600MAH
• FUNCIONES: BT, USB,TF, FM,TWS,AUX,
MIC, GUITAR
• INCLUYE 1 MICROFONO
INALAMBRICO , CON FORRO
• JUEGO DE LUCES RGB
• CABLE CARGADOR",images/BTS-2439.jpg,383,0.9
SP01,PARLANTE MICCELL,,120.0,"• PARLANTE RECARGABLE
BLUETOOTH, USB, MICRO SD, AUX
• INCLUYE UNA BATERÍA DE 3600
MAH.
• RESISTENTE AL AGUA IPX6
• POTENCIA: 20W
• LUCES LED RGB
• INCLUYE CABLE DE CARGA TIPO C ,
AUX.",images/SP01.jpg,384,0.9
S7502,PARLANTE MICRONICS,,120.0,"• SISTEMA DE AUDIO MULTIMEDIA
2.1 BT
• CONEXIÓN INALAMBRICA BT
LARGA DISTANCIA
• ILUMINACION RGB
• LECTOR DE MEMORIA USB/SD
• RADIO FM
• BOCINA:3´´ EN CADA SATELITE
• INCLUYE CONTROL REMOTO,
PANTALLA LED,BOTONES DE
CONTROL.",images/S7502.jpg,385,0.9
P11,PARLANTE SUPER,,120.0,"• MODELO: PARLANTE TORRE
• CARACTERÍSTICAS: BLUETOOTH
(BT), LUCES LED, REPRODUCTOR
MP3 DIGITAL, ENTRADA USB
• ACCESORIOS
INCLUIDOS: MICRÓFONO
INALÁMBRICO, CONTROL REMOTO
Y CABLE DE CARGA
• TAMAÑO: DOBLE BOCINA DE 8
PULGADAS",images/P11.jpg,386,0.9
HA-W51,PARLANTE HALION,,120.0,"• PARLANTE HALION
•  BOCINA DE 5” PULGADAS
• RECARGABLE BLUETOOTH
• RADIO FM | LECTOR USB Y SD
• MICROFONO INALAMBRICO
• CON LUCES RGB",images/HA-W51.jpg,387,0.9
GTS-2070,PARLANTE GTS,,125.0,"• PARLANTE RECARGABLE
BLUETOOTH
• BOCINA DE 12 PULGADAS
• FRENTE CON LUCES RGB
• ENTRADA LECTORA DE USB Y
MEMORIA
• RADIO FM
• MICROFONO ALAMBRICO
• MICROFONO INALAMBRICO
• CABLE DE CARGA
• MODELO MALETA
• CONSOLA DE MANDO A PERILLAS",images/GTS-2070.jpg,388,0.9
KTS-2232,PARLANTE KTS,,125.0,"• PRODUCTO: PARLANTE
RECARGABLE
• BOCINA :  12 PULGADAS
• FUNCIONES: BLUETOOTH,
ENTRADA LECTORA DE USB Y
MEMORIA, RADIO FM
• INCLUYE: DOBLE MICRÓFONO
INALÁMBRICO, CABLE DE
CARGA, CONSOLA DE MANDO
A PERILLAS
• ILUMINACIÓN LED: RGB",images/KTS-2232.jpg,389,0.9
S7528,PARLANTE MICRONICS,,130.0,"• SISTEMA DE AUDIO MULTIMEDIA 2.1
BT
• WOOFER: 5´´LITE.
• BOCINA:3´´
• CONEXIÓN INALAMBRICA BT LARGA
DISTANCIA
• ILUMINACION RGB
• LECTOR DE MEMORIA USB/SD
• RADIO FM
• INCLUYE CONTROL REMOTO,
PANTALLA LED.",images/S7528.jpg,390,0.9
LS-X9,PARLANTE BOSSNEY,,130.0,"• PARLANTE RECARGABLE
• POTENCIA: 30*2W
• FUNCIONES: BT, TWS, FM ,TF, USB.
• CONTENIDO:CABLE DE CARGA
• CORREA AJUSTABLE
• LUCES: FRENTE RGB",images/LS-X9.jpg,391,0.9
S7415BT,PARLANTE MICRONICS,,130.0,"• SISTEMA DE AUDIO MULTIMEDIA 2.1
• ENTRADA AC 220V
• WOOFER: 4´´.
• BOCINA:3´´
• CONEXIÓN INALAMBRICA BT LARGA
DISTANCIA
• ILUMINACION RGB
• LECTOR DE MEMORIA USB/SD
• RADIO FM
• TUNED PORT:PARA MEJOR
RESPUESTA DE LOS BAJOS.
• INCLUYE CONTROL REMOTO,
PANTALLA LED.",images/S7415BT.jpg,392,0.9
LD-S886,PARLANTE LIDIMI,,130.0,"• PARLANTE RECARGABLE BLUETOOTH
• DOBLE   BOCINA
• DURACION HASTA 15H
• BATERIA: 4*2000MAH
• ENTRADA LECTORA DE USB Y
MEMORIA
• CABLE DE CARGA
• JUEGO DE LUCES RGB",images/LD-S886.jpg,393,0.9
SS2378MIR,VS- PARLANTE SONIVOX,,130.0,"• MODELO: PARLANTE PORTATIL
SONIVOX DE 8 PULGADAS
• OFRECE SALIDA DE SONIDO DE
HASTA 7900W PMPO.
• BATERIA : 8 HORAS
APROXIMADAMENTE.
• FUNCIONES : RADIO FM, ENTRADA
USB / SD , BLUETOOTH Y
COMPATIBILIDAD TWS.
• INCLUYE MICROFONO
INALAMBRICO Y CONTROL
REMOTO.",images/SS2378MIR.jpg,394,0.9
KTS-1761,PARLANTE KTS,,130.0,"• PARLANTE RECARGABLE
BLUETOOTH
• MODELO MALETA CON RUEDAS
• 8” PULGADAS
• ENTRADA LECTORA DE USB Y
MEMORIA
• RADIO FM
• MICROFONO INALAMBRICO
• CONTROL REMOTO
• CABLE DE CARGA",images/KTS-1761.jpg,395,0.9
GTS-1596,PARLANTE GTS,,130.0,"• PRODUCTO: PARLANTE
RECARGABLE
• BOCINA : 12 PULGADAS
• POTENCIA: 25W + 15W TWEETER
• DISEÑO: FRENTE CON LUCES RGB,
• FUNCIONES:TWS/BT/USB/SD/FM/
AUX
• INCLUYE: MICROFONO CABLEADO,
CONTROL REMOTO, CABLE DE
CARGA
• MODELO : MALETA
• CONSOLA DE MANDO A PERILLAS",images/GTS-1596.jpg,396,0.9
LD-S011AC,PARLANTE LIDIMI,LIDIMI,140.0,"• MARCA: LIDIMI
• MODELO: LD-S011AC
• POTENCIA: 50W
• BATERIA: 3000MAH
• CONECTIVIDAD: BLUETOOTH,
TWS, FM, TF, USB
• HASTA 8H
• ILUMINACION RGB
• INCLUYE CABLE AC",images/LD-S011AC.jpg,397,1.0
P8009,D- PARLANTE DEMGEL,DEMGEL,140.0,"• MARCA: DEMGEL
• MODELO: D-P8009
• CONECTIVIDAD: BLUETOOTH,,
FM, TF, USB
• HASTA 8H
• ILUMINACION RGB
• INCLUYE CABLE AC, AUX Y
MICROFONO",images/P8009.jpg,398,1.0
ET-P5777MBC,PARLANTE,EWTTO,139.0,"• PRODUCTO: PARLANTE
• CONECTIVIDAD: RECARGABLE A
CORRIENTE DIRECTA
• FUNCIONES: BLUETOOTH, USB,
ENTRADA LECTORA DE USB Y
MEMORIA, RADIO FM
• BOCINA: 8” PULGADAS
• POTENCIA: 80W
• ILUMINACIÓN LED: RGB
• INCLUYE: MICRÓFONO INALÁMBRICO,
CABLE AC, CABLE  TIPO C ,CONTROL
REMOTO",images/ET-P5777MBC.jpg,399,1.0
GTS-1932S,PARLANTE GTS,,140.0,"• PRODUCTO: ALTAVOZ DE
WOOFER PARA FIESTA DE
KARAOKE
• BOCINAS:  12” PULGADAS
• POTENCIA: 25 W
• ILUMINACIÓN LED: RGB
• FUNCIONES: BLUTOOTH, USB,
AUX-IN, RADIO DE FM, TWS, SD
• INCLUYE: MICRÓFONO
ALÁMBRICO, CONTROL
REMOTO, CABLE CARGADOR
• MODELO : MALETA CON
RUEDAS",images/GTS-1932S.jpg,400,0.9
HA-F48,MINI COMPONENTE HALION,,145.0,"• CUERPO PRINCIPAL MAS DOS
BOCINAS INDEPENDIENTE
• A CORRIENTE
• CONTROL REMOTO
• BLUETOOTH
• FM
• ENTRADA PARA USB Y MICRO
SD
• POTENCIA 120W",images/HA-F48.jpg,401,0.9
KTS-1907,PARLANTE KTS,,145.0,"• PARLANTE RECARGABLE
BLUETOOTH
• ENTRADA LECTORA DE USB Y
MEMORIA
• BOCINA DE 12” PULGADAS
• RADIO FM
• MICROFONO INALAMBRICO
• CABLE DE CARGA
• CONSOLA DE MANDO A PERILLAS
CON LUCES RGB
• CONTROL REMOTO",images/KTS-1907.jpg,402,0.9
LD-S879,PARLANTE LIDIMI,,145.0,"• PARLANTE RECARGABLE
• POTENCIA: 100W
• BATERIA: 15600MAH
• DURACION: 25H
• FUNCIONES: BT,USB, TF,MIC.
• CONTENIDO:CABLE DE CARGA
• LUCES: FRENTE RGB",images/LD-S879.jpg,403,0.9
AD-G588,PARLANTE,ALDEEPO,145.0,"• PRODUCTO:  PARLANTE ALDEEPO
• MATERIAL : ABS+ RUBBER
• POTENCIA:60 W
• BATERIA: 8000MAH
• FUNCIONES: BT, USB, TF,TWS,AUX, FM
• DURACION 20H
• INCLUYE: CABLE DE CARGA Y CABLE
AUXILIAR",images/AD-G588.jpg,404,1.0
HA-F61,MINI COMPONENTE HALION,,150.0,"• PARLANTE: CUERPO
PRINCIPAL MAS DOS
BOCINAS  CON BAJOS
• WOOFER: 5.25″
• ILUMINACIÓN LED: RGB
• INCLUYE:  CONEXIONES,
CONTROL REMOTO
• FUNCIONES:
BLUETOOTH,USB,SD, FM
• DISTANCIA: 10 M
• POTENCIA: 150W MAX",images/HA-F61.jpg,405,0.9
EW-P482B,PARLANTE,EWTTO,150.0,"• PARLANTE RECARGABLE
• POTENCIA: 60W
• BATERIA: 6000MAH
• FUNCIONES: BT, USB,TF,TWS, IPX5
• JUEGO DE LUCES RGB
• CABLE CARGADOR
• CORREA AJUSTABLE",images/EW-P482B.jpg,406,1.0
BTS-2225,PARLANTE BRODU,,155.0,"• CUENTA CON DOBLE
BOCINA DE 8’’ PULGADAS
• LUCES LED RGB
• PERILLAS PARA AJUSTE DE
VOLUMEN
• CONECTIVIDAD:
BLUETOOTH, PUERTO USB,
MICRO SD, Y ENTRADA AUX.
• INCLUYE: MICROFONO
• CABLE DE CARGA TIPO C",images/BTS-2225.jpg,407,0.9
ET-P5757MBC,PARLANTE,EWTTO,160.0,"• PARLANTE RECARGABLE
• BOCINA: 8PULGADAS *3
• POTENCIA:20W
• BATERIA:3.7V/3000 MAH
• MEDIDAS:280X280X880MM
• FUNCIONES: BT, AUX, USB,TF,FM
• CUENTA CON 2 MICROFONOS
INALAMBRICOS, CONTROL REMOTO,
CABLE A CORRIENTE DIRECTA Y CABLE
DE CARGA
• LUCES RGB
• DOBLE RUEDAS.",images/ET-P5757MBC.jpg,408,1.0
KP-3222BT,PARLANTE KNUP,,160.0,"• PARLANTE BLUETOOTH A CORRIENTE
Y RECARGABLE
• DOBLE   BOCINA DE 8” PULGADAS
• FRENTE CON JUEGO DE LUCES RGB
• PANTALLA LED
• LECTOR DE USB Y MEMORIA
• ECUALIZADOR CON PERILLAS
• MICROFONO INALAMBRICO
• CONTROL REMOTO
• CABLE CARGADOR",images/KP-3222BT.jpg,409,0.9
SP73,PARLANTE MICCELL,,160.0,"• PARLANTE RECARGABLE
TWS,BLUETOOTH, USB, MICRO SD,
AUX
• INCLUYE UNA BATERÍA DE 3800
MAH.
• LUCES LED RGB
• POTENCIA: 80W
• INCLUYE CABLE DE CARGA TIPO C ,
AUX.",images/SP73.jpg,410,0.9
ET-P5756MBC,PARLANTE,EWTTO,160.0,"• PRODUCTO:  PARLANTE EWTTO
• ALIMENTACIÓN: ELÉCTRICA, AC
• FUNCIONES:  BLUETOOTH, MP3,
USB,TF,FM,AUX,MIC
• ILUMINACIÓN LED: RGB, PANTALLA LED.
• BOCINA : 8” X 3  PULGADAS
• POTENCIA: 20W
• INCLUYE:  ECUALIZADOR CON PERILLAS,
DOBLE MICROFONO INALAMBRICO,
CONTROL REMOTO, CABLE CARGADOR.
• BATERIA: 3600 MAH",images/ET-P5756MBC.png,411,1.0
CN-S6732AC,PARLANTE CAFINI,CAFINI,160.0,"• PRODUCTO: PARLANTE
• MARCA:  CAFINI
• POTENCIA: 20W
• BATERIA:3600MAH
• FRENTE CON JUEGO DE LUCES RGB
• PANTALLA LED
• FUNCIONES:BLUETOOTH, LECTOR DE
USB Y MEMORIA
• INCLUYE: ECUALIZADOR CON PERILLAS, 1
MICROFONO INALAMBRICO, 1CONTROL
REMOTO, 1 CABLE CARGADOR, CABLE A
CORRIENTE DIRECTA",images/CN-S6732AC.png,412,1.0
BS-P8577MBA,PARLANTE BOSSNEY,,160.0,"• POTENCIA DE CARGA: AC110-240V
• LUCES RGB
• PORTABILIDAD: ES UN PARLANTE
PORTÁTIL CON DOBLE RUEDAS
PARA UN FÁCIL TRANSPORTE.
• INCLUYE ENTRADAS PARA USB,
TARJETA SD/MICRO SD , AUX, MIC,
TF, TWS
• MICRÓFONO INALAMBRICO,
CONTROL REMOTO Y CABLE DE
CARGA.
• RECARGABLE",images/BS-P8577MBA.jpg,413,0.9
LD-S661,PARLANTE LIDIMI,,160.0,"• MODELO: LD-S661
• POTENCIA: 80W
• BLUETOOTH 5.3
• BATERIA 8000MAH
• CONEXIÓN: USB, TF, AUX,
TWS
• INCLUYE CABLE DE CARGA",images/LD-S661.jpg,414,0.9
,MX 323AC PARLANTE TRON 8,MAX,160.0,"• PORTABILIDAD: ES UN PARLANTE
PORTÁTIL CON UN ASA PARA UN
FÁCIL TRANSPORTE.
• INCLUYE ENTRADAS PARA USB,
TARJETA SD/MICRO SD Y AUX,
ADEMÁS DE ENTRADA PARA
MICRÓFONO PARA FUNCIÓN DE
KARAOKE.
• MICRÓFONO INALAMBRICO,
CONTROL REMOTO,CABLE DE
CARGA , PILA RECARGABLE ,CABLE
AUXILIAR.",images/page_415_product_001.jpg,415,0.85
CN-S6646AC,PARLANTE CAFINI,CAFINI,160.0,"• PRODUCTO: PARLANTE
• MARCA:  CAFINI
• POTENCIA: 20W
• BATERIA:3000MAH
• FRENTE CON JUEGO DE LUCES RGB
• PANTALLA LED
• FUNCIONES:BLUETOOTH, LECTOR DE
USB Y MEMORIA
• INCLUYE: ECUALIZADOR CON PERILLAS, 1
MICROFONO INALAMBRICO, 1CONTROL
REMOTO, 1 CABLE CARGADOR, CABLE A
CORRIENTE DIRECTA",images/CN-S6646AC.png,416,1.0
P50,PARLANTE KAPERH PELOTA,,160.0,"• PARLANTE RECARGABLE
• MODELO: PELOTA DE FUTBOL
ATIMA
• MATERIAL: PLÁSTICO + SILICONA
• POTENCIA: 40W RMS
• IPX6 , DURACION 5 HORAS
• FUNCIÓN: BLUETOOTH, TWS
• COLOR: AZÚL,NEGRO,ROJO",images/P50.jpg,417,0.9
KTS-2143,PARLANTE KTS,,165.0,"• MODELO: PARLANTE KARAOKE
• ALIMENTACIÓN: ELÉCTRICA
• FUNCIONES: LECTOR USB ,
MEMORIA, RADIO FM, BT,TF ,AUX
• INCLUYE: 2 MICRÓFONOS
INALÁMBRICO, CABLE DE CARGA TIPO
C
• 1 PUERTOS PARA MICROFONO
ALAMBRICO
• LUCES: JUEGO DE LUCES RGB
• ECULIZADOR A PERILLAS
• BOCINA :3 BOCIDAS DE 8 PULGADAS",images/KTS-2143.png,418,0.9
EW-P429BC,PARLANTE,EWTTO,170.0,"• MODELO: PARLANTE
INALAMBRICO
• ALTAVOZ 52MM
• ALTAVOZ 22W
• PANTALLA 2.4’’
• PERILLAS PARA
CONTROL
• FUNCION: BT 5.3, TF,
USB, AUX, EQ, TWS
• CARGA: DC 5V O AC",images/EW-P429BC.jpg,419,1.0
HA-F55,MINI COMPONENTE HALION,,170.0,"• CUERPO PRINCIPAL MAS
DOS  BOCINAS
INDEPENDIENTE
• A CORRIENTE
• CONTROL REMOTO
• BLUETOOTH
• RADIO FM
• ENTRADA PARA USB Y
MICRO SD
• POTENCIA 150W",images/HA-F55.jpg,420,0.9
ET-P5782MBC,PARLANTE,EWTTO,170.0,"• PRODUCTO:  PARLANTE EWTTO
• ALIMENTACIÓN: ELÉCTRICA, AC
• FUNCIONES:  BLUETOOTH, MP3,
USB,TF,FM,AUX,MIC
• ILUMINACIÓN LED: RGB, PANTALLA LED.
• BOCINA : 8” X 3  PULGADAS
• POTENCIA: 20W
• INCLUYE:  ECUALIZADOR CON PERILLAS,
MICRÓFONO INÁLAMBRICO, CONTROL
REMOTO, CABLE CARGADOR.
• BATERIA: 3600 MAH",images/ET-P5782MBC.png,421,1.0
ET-P4300MBC,PARLANTE,EWTTO,180.0,"•
CONECTIVIDAD: BLUETOOTH, USB,
ENTRADA PARA TARJETA SD, Y
ENTRADA AUXILIAR DE 3.5 MM.
•
FUNCIONES ADICIONALES: RADIO FM,
LUCES LED RGB EN EL FRENTE, Y
FUNCIÓN DE KARAOKE CON ENTRADA
DE MICRÓFONO.
•
CONTROL: VIENE CON UN CONTROL
REMOTO PARA FACILITAR SU MANEJO.
•
PORTABILIDAD: CUENTA CON UN ASA
SUPERIOR PARA UN FÁCIL
TRANSPORTE.
•
AC",images/ET-P4300MBC.jpg,422,1.0
K828,PARLANTE,KASSEL,190.0,"• PARLANTE RECARGABLE
• BOCINA : 8” PULGADAS
• TWEETER 2.5” X 2 PULGADAS
• POTENCIA: 60 WATTS RMS
• RADIO FM, USB, SD, BLUETOOTH.
• 1ENTRADA MICRÓFONO, 1 ENTRADA
DE GUITARRA.
• PANEL ECUALIZADOR RGB.
• 1 MICRÓFONO INALÁMBRICO,
• ILUMINACIÓN LED RGB",images/K828.jpg,423,1.0
ET-P5811MBC,PARLANTE,EWTTO,195.0,"• MODELO: PARLANTE
• MARCA:  EWTTO
• BATERIA: 3600MAH
• POTENCIA:40W
• FUNCIONES: BT, AUX ,USB ,
TF,FM.
• CONTENIDO: CABLE DE
CARGA A CORRIENTE DIRECTA
• 2 MICROFONO Y CONTROL
REMOTO
• DOB",images/ET-P5811MBC.jpg,424,1.0
EW-P471MBC,PARLANTE,EWTTO,199.0,"• PARLANTE EWTTO
• POTENCIA: 40W
• BATERIA: 3600MAH
• RECARGABLE Y A CORRIENTE DIRECTA
• BLUETOOTH, RADIO FM, LECTOR USB
Y SD
• CABLE CARGADOR Y A CORRIENTE
DIRECTA
• MICROFONO INALAMBRICO
• JUEGO DE LUCES RGB",images/EW-P471MBC.jpg,425,1.0
SP36,PARLANTE MICCELL,,199.0,"• PARLANTE RECARGABLE
BLUETOOTH, USB, MICRO SD, AUX
• INCLUYE UNA BATERÍA DE 6000
MAH.
• RESISTENCIA AL AGUA
• LUCES LED RGB
• POTENCIA: 50W
• INCLUYE CABLE DE CARGA TIPO C ,
AUX.",images/SP36.jpg,426,0.9
HA-W55,PARLANTE,HALION,199.0,"• PRODUCTO: PARLANTE
• MARCA: HALION
• BOCINAS: 2*5″ PULGADAS
• POTENCIA: 55W
• BATERIA: 7.4V -3600MAH
• FUNCIONES: USB,
BLUETOOTH TWS, RADIO FM
• INCLUYE: 1 MICRÓFONO
INÁLAMBRICO,CABLE
AUXILIAR
•
ILUMINACIÓN LED: RGB",images/HA-W55.jpg,427,1.0
MAX-265E2,PARLANTE BARETONE,,200.0,"• PRODUCTO: PARLANTE
PROFESIONAL
• POTENCIA : 800W
• SENSIBILIDAD: 89DB
• WOOFER: 6.5´´X2
• TWEETER:1´´XX1
• BATERIA: 7.4V 4500MAH
• LUCES RGB
• FUNCIONES: MP3, SD, AUX, USB,
BT, RADIO FM
• INCLUYE: 1CONTROL REMOTO, Y
CABLE DE CARGA",images/MAX-265E2.jpg,428,0.9
BL-P401MBAC,PARLANTE BLESS,,200.0,"• PARLANTE RECARGABLE
• USB, SD, BLUETOOTH.
• POTENCIA: 300W
• TWEETER:3 PULGADAS
• WOFFER: 8´´
• 2 MICRÓFONO INALAMBRICOS.
• ILUMINACIÓN LED RGB
• INCLUYE: CONTROL REMOTO,CABLE AC,
PILA, 2 MICROFONO INALAMBRICO",images/BL-P401MBAC.jpg,429,0.9
BTS-2250,PARLANTE BRODU,,210.0,"• WOOFER 8’’ PULGADAS
• POTENCIA 200W
• ENTRADA LECTORA DE USB,
MEMORIA, BLUETOOTH
• LUCES: FRENTE  RGB
• 2 MICROFONOS INALAMBRICOS
• CONTROL REMOTO
• RECARGABLE
• ECUALIZADOR",images/BTS-2250.jpg,430,0.9
ET-P5812MBC,PARLANTE,EWTTO,210.0,"• MODELO: PARLANTE
• MARCA:  EWTTO
• BATERIA: 3600MAH
• POTENCIA:40W
• FUNCIONES: BT, AUX ,USB ,
TF,FM.
• CONTENIDO: CABLE DE
CARGA A CORRIENTE DIRECTA
• 2 MICROFONO Y CONTROL
REMOTO
• DOBLE RUEDAS",images/ET-P5812MBC.jpg,431,1.0
S7005KTV,PARLANTE MICRONICS,,220.0,"• SISTEMA DE AUDIO MULTIMEDIA
2.1 KTV
• CONEXIÓN INALAMBRICA BT
HASTA 10 M
• VOLTAJE DE ENTRADA: AC 220V
• ENTRADA DE 6.35MM PARA
MICROFONO
• ILUMINACION RGB
• LECTOR DE MEMORIA USB/SD
• RADIO FM
• INCLUYE CONTROL REMOTO,
PANTALLA LED,BOTONES DE
CONTROL.",images/S7005KTV.jpg,432,0.9
LD-S012AC,PARLANTE LIDIMI,LIDIMI,220.0,"• PRODUCTO: PARLANTE
• MARCA:  LIDIMI
• POTENCIA: 30W*2+15W*2
• BATERIA: 8000MAH
• FRENTE CON JUEGO DE LUCES RGB
• PANTALLA LED
• FUNCIONES:BLUETOOTH, LECTOR
DE USB Y MEMORIA
• INCLUYE:1 MICROFONO
INALAMBRICO, CABLE A
CORRIENTE DIRECTA",images/LD-S012AC.jpg,433,1.0
SP41,PARLANTE MICCELL,,230.0,"• PARLANTE RECARGABLE
TWS,BLUETOOTH, USB, MICRO SD,
AUX
• INCLUYE UNA BATERÍA DE 8800
MAH.
• CLASIFICACION DE IPX5, IDEAL
PARA USO DE EXTERIORES.
• LUCES LED RGB
• POTENCIA: 80W
• INCLUYE CABLE DE CARGA TIPO C ,
AUX.",images/SP41.jpg,434,0.9
ET-P5821MBC,PARLANTE,EWTTO,230.0,"• PARLANTE RECARGABLE
• BATERIA: 3600MAH
• USB, SD, BLUETOOTH.
• 1 ENTRADAS MICRÓFONO, 1
ENTRADA DE GUITARRA.
• PANEL ECUALIZADOR RGB.
• 1 MICRÓFONO INALÁMBRICO,
• ILUMINACIÓN LED RGB
• CONTROL REMOTO
• DOBLE RUEDAS EN LA BASE",images/ET-P5821MBC.jpg,435,1.0
LD-S060AC,PARLANTE LIDIMI,LIDIMI,230.0,"• PRODUCTO: PARLANTE
• MARCA:  LIDIMI
• BATERIA: 7.4V 2000MAH
*6=12000MAH
• FRENTE CON JUEGO DE LUCES RGB
• PANTALLA LED
• FUNCIONES:BLUETOOTH,
AUX,LECTOR DE USB Y MEMORIA
• INCLUYE:1 CABLE A CORRIENTE
DIRECTA, 1 MICROFONO
INALAMBRICO",images/LD-S060AC.jpg,436,1.0
BTS-2147,PARLANTE  BRODU,,230.0,"• PARLANTE BRUDU
• RECARGABLE Y A CORRIENTE DIRECTA
• BLUETOOTH, RADIO FM, LECTOR USB
Y SD
• CABLE CARGADOR
• MICROFONO INALAMBRICO
• JUEGO DE LUCES RGB",images/BTS-2147.jpg,437,0.9
,MX 801 PARLANTE TRON 8,MAX,230.0,"• PARLANTE INALAMBRICO
• DOBLE  BOCINA DE 8” + TWEETER
• CONEXIÓN DE CARGA A CORRIENTE
DIRECTA Y RECARGABLE
• BLUETOOTH, RADIO FM, LECTOR USB
Y SD
• MICROFONO INALAMBRICO
• CONTROL REMOTO
• JUEGO DE LUCES RGB",images/page_438_product_001.jpg,438,0.85
K2816,PARLANTE,KASSEL,230.0,"• PRODUCTO: PARLANTE
• CONEXIÓN: A CORRIENTE DIRECTA Y
RECARGABLE.
• BOCINAS: 2*8″
• FUNCIONES: USB, TF, BLUETOOTH TWS,
RADIO FM
• INPUTS: 2*MICROFONO JACK 6.3MM +
GUITARRA JACK 6.3MM  + AUXILIAR JACK
3.5MM
• BATERIA: 7.4V -3600MAH
• CONEXION: DIRECTA AC
• ILUMINACION:RGB
• INCLUYE: 1 MICROFONO INALAMBRICO",images/K2816.jpg,439,1.0
BTS-2001,BARRA DE SONIDO,,250.0,"• BARRA DE SONIDO
BLUETOOTH
• CUERPO RESONADOR DE
MADERA
• DOBLE MICRÓFONO
INALAMBRICO
• CONTROL REMOTO
• CABLE ÓPTICO
• ENCHUFE A CORRIENTE
DIRECTA
• ESPONJAS DE RUIDO PARA
MICRO",images/BTS-2001.jpg,440,0.9
ET-P5828MBC,PARLANTE,EWTTO,250.0,"• PARLANTE RECARGABLE
• POTENCIA:40W
• BATERIA: 3600MAH
• TAMAÑO: 290X290X730MM
• USB, SD, BLUETOOTH.
• 1 ENTRADAS MICRÓFONO, 1
ENTRADA DE GUITARRA.
• PANEL ECUALIZADOR RGB.
• 1 MICRÓFONO INALÁMBRICO,
• ILUMINACIÓN LED RGB
• CONTROL REMOTO
• DOBLE RUEDAS EN LA BASE",images/ET-P5828MBC.jpg,441,1.0
BS-P8559MBA,PARLANTE BOSSNEY,,250.0,"• BATERIA: 7.4V/ 6000MAH
• PORTABILIDAD: ES UN PARLANTE
PORTÁTIL CON DOBLE RUEDAS
PARA UN FÁCIL TRANSPORTE.
• INCLUYE ENTRADAS PARA USB,
TARJETA SD/MICRO SD , AUX, MIC,
TF, TWS
• MICRÓFONO INALAMBRICO,
CONTROL REMOTO Y CABLE DE
CARGA.
• RECARGABLE",images/BS-P8559MBA.jpg,442,0.9
HA-S40C,BARRA DE SONIDO HALION,,250.0,"• BARRA DE SONIDO  +SUBBOOFER
• LECTOR USB
• ALTA CALIDA DE SONIDO ESTABLE
• CABLE DE CARGA A CORRIENTE
• SALIDA 120W DE POTENCIA
• CONTROL REMOTO",images/HA-S40C.jpg,443,0.9
K1210,PARLANTE,KASSEL,255.0,"• PRODUCTO: PARLANTE
• CONEXIÓN: A CORRIENTE
DIRECTA Y RECARGABLE.
• BOCINAS: 12″
• FUNCIONES: USB, TF,
BLUETOOTH TWS, RADIO FM
• INPUTS: «2*MICROFONO JACK
6.3MM & AUXILIAR JACK
3.5MM»
• BATERIA: 7.4V -3600 MAH
• CONEXION: DIRECTA AC
• ILUMINACION:RGB
• INCLUYE: 1 MICROFONO
INALAMBRICO",images/K1210.jpg,444,1.0
K2825,PARLANTE,KASSEL,260.0,"• PARLANTE RECARGABLE
• BOCINA : 8” x 2 PULGADAS
• POTENCIA: 60 WATTS RMS
• RADIO FM, USB, SD, BLUETOOTH.
• 2 ENTRADAS MICRÓFONO, 1
ENTRADA DE GUITARRA.
• PANEL ECUALIZADOR RGB.
• 1 MICRÓFONO INALÁMBRICO,
• ILUMINACIÓN LED RGB
• DOBLE RUEDAS EN LA BASE",images/K2825.jpg,445,1.0
LD-S063AC,PARLANTE LIDIMI,,260.0,"• BATERIA RECARGABLE
• DOBLE BOCINA DE 6.5’’
PULGADAS
• CONECTIVIDAD: BLUETOOTH,
USB, MICRO SD, RADIO FM,
AUX
• SISTEMA ECUALIZADOR
• LUCES LED RGB",images/LD-S063AC.jpg,446,0.9
HA-S45C,BARRA DE SONIDO SUBWOOFER,EWTTO,260.0,"•
PRODUCTO: BARRA DE SONIDO
+ SUBWOOFER
•
POWER :150W RMS
•
WOOFER: 1×6.5″
•
SATÉLITES: 4×2.25″
•
FUNCIONES: USB, BT, AUX
•
INPUTS: AUX, OPTICAL, HDMI
•
CONTROL REMOTO
•
DIMENSIONES:
•
BARRA: 90 X 8.1 X 7.9 CM
•
WOOFER: 19 X 32.5 X 37.2
•
CARACTERISTICAS: MÚLTIPLES
OPCIONES DE CONECTIVIDAD",images/HA-S45C.jpg,447,1.0
,MX 806 PARLANTE TRON,MAX,270.0,"• PARLANTE RECARGABLE BLUETOOTH Y
A CORRIENTE
• ENTRADA LECTORA DE USB Y
MEMORIA
• DOBLE BOCINA DE 2 BOCINAS DE 8”
PULGADAS
• RADIO FM
• MICROFONO INALAMBRICO
• CABLE DE CARGA
• CONTROL REMOTO
• CABLE A CORRIENTE DIRECTA",images/page_448_product_001.jpg,448,0.85
ATV08,PARLANTE ONEDAY,,280.0,"• POTENCIA:200W
• LUCES RGB
• INCLUYE ENTRADAS PARA USB,
TARJETA SD/MICRO SD , AUX, MIC,
TF, TWS
• 2 MICRÓFONO INALAMBRICO,
CONTROL REMOTO Y CABLE DE
CARGA.",images/ATV08.jpg,449,0.9
ET-P5806MBC,PARLANTE,EWTTO,299.0,"• PARLANTE EWTTO
• DOBLE BOCINA DE 8’’ PULGADAS
• AC
• PUERTO TF, USB Y AUX
• CONECTIVIDAD BLUETOOTH, RADIO
• MICROFONO
• CONTROL REMOTO
• LUCES LED RGB",images/ET-P5806MBC.jpg,450,1.0
ET-P5805MBC,PARLANTE,EWTTO,299.0,"• PRODUCTO:  PARLANTE
PROFESIONAL
• FUNCIONES:
BLUETOOTH,MP3,USB,TF,FM,MIC,T
WS
• BOCINAS: 8”X2
• ILUMINACIÓN:RGB
• POTENCIA: 50W
• BATERÍA : 4500 MAH
• INCLUYE: 1 MICRÓFONO
INALÁMBRICO, 1 CONTROL
REMOTO, 1 CABLE AC,  PANEL
ECUALIZADOR A PERILLAS",images/ET-P5805MBC.jpg,451,1.0
P1601,D- PARLANTE DEMGEL,,299.0,"• PARLANTE INALAMBRICO
• BOCINA: 6.5’’+3’’X2
• POTENCIA 100W
• FUNCIONES: BLUETOOTH, USB
,RADIO FM , TWS , AUX Y ENTRADA
PARA MICROFONO
• DURACION 5H
• LUCES RGB
• INCLUYE: CARGADOR TIPO C,
CONTROL Y ASA PARA
TRANSPORTAR.",images/P1601.jpg,452,0.9
1508-V1,MX PARLANTE TRON 8,MAX,299.0,"• PARLANTE INALAMBRICO
• BOCINA: DE 8´´+ TWEETER
• FUNCIONES: BLUETOOTH, USB ,RADIO
FM , TWS , AUX Y ENTRADA PARA
MICROFONO
• CONEXIÓN DE CARGA: ENTRADA AC 220V
• LUCES RGB
• INCLUYE:CONTROL REMOTO,
MICROFONO INALAMBRICO, CABLE DE
CARGA.",images/1508-V1.jpg,453,1.0
PF-40,PARLANTE,,299.0,"• PARLANTE INALAMBRICO
• DOBLE BOCINA DE 8’’X2
• PUERTO TF, USB Y AUX
• CONECTIVIDAD BLUETOOTH, RADIO
• 2 MICROFONO INALAMBRICOS.
• CONTROL REMOTO
• 2 PILAS
• LUCES LED RGB
• DOBLE RUEDAS",images/PF-40.jpg,454,0.9
,MX 1021 PARLANTE TRON 10,MAX,299.0,"• PARLANTE RECARGABLE BLUETOOTH
• ENTRADA LECTORA DE USB Y
MEMORIA
• 1 BOCINA DE 10´´,2 BOCINA DE 3”
PULGADAS +MAS TWEETER
• RADIO FM
• MICROFONO INALAMBRICO
• CABLE DE CARGA
• CONTROL REMOTO
• LUCES RGB",images/page_455_product_001.jpg,455,0.85
V-2870,PARLANTE,,299.0,"• PARLANTE INALAMBRICO
• POTENCIA: 40W
• WOOFER: 8´´X2+TWEETER.
• INCLUYE UN MICRÓFONO PARA
FUNCIÓN DE KARAOKE.
• CONTROL REMOTO
• CUENTA CON LUCES LED RGB.
• DOBLE RUEDAS",images/V-2870.jpg,456,0.9
DE-P4588MBC,PARLANTE DEXBO,DEXBO,299.0,"• MODELO: PARLANTE
• MARCA:  DEXBO
• BATERIA: 6000MAH
• POTENCIA:240W
• FUNCIONES: RADIO FM,
BLUETOOTH, PUERTO USB,
TARJETA SD Y ENTRADA AUX
• CONTENIDO: CABLE DE
CARGA, AUX, TIPO C, PILA
• CORREA AJUSTABLE
• 1 MICROFONO Y CONTROL
REMOTO",images/DE-P4588MBC.jpg,457,1.0
K2812,PARLANTE,KASSEL,300.0,"• PRODUCTO: PARLANTE KASSEL
• BOCINAS: 2 * 8″
• FUNCIONES: USB, TF, BLUETOOTH,
RADIO FM
• INPUTS: 2MICROFONO JACK
6.3MM & AUXILIAR JACK 3.5MM
• BATERIA: 7.4V – 3600MAH
• ILUMINACION LED: RGB
• INCLUYE: 1 MICRÓFONO
INALAMBRICO, CABLE AC, CABLE
DE CARGA",images/K2812.jpg,458,1.0
P2601MC,D- PARLANTE DEMGEL,,300.0,"• PARLANTE RECARGABLE
• USB, SD, BLUETOOTH.
• POTENCIA: 50W
• BATERIA: 7.4V 4500MAH
• 2 MICRÓFONO INALAMBRICOS.
• PANEL ECUALIZADOR RGB.
• ILUMINACIÓN LED RGB
• INCLUYE: CONTROL REMOTO,CABLE AC,
PILA, CABLE CARGADOR",images/P2601MC.jpg,459,0.9
K2822,PARLANTE,KASSEL,300.0,"• PRODUCTO: PARLANTE KASSEL
• CUENTA CON DOBLE BOCINA DE 8
PULGADAS, ILUMINACIÓN LED
RGB Y FUNCIÓN DE KARAOKE.
• CONECTIVIDAD: BLUETOOTH,
RADIO FM, PUERTO USB Y LECTOR
DE TARJETAS TF.
• POTENCIA:40 WATTS RMS Y
ENTRADAS PARA MICRÓFONO Y
GUITARRA.
• BATERÍA RECARGABLE DE
7.4V/4000MA.",images/K2822.jpg,460,1.0
K2814,PARLANTE,KASSEL,310.0,"• PRODUCTO: PARLANTE KASSEL
• BOCINAS: 2 * 8″
• FUNCIONES: USB, TF, BLUETOOTH,
RADIO FM
• INPUTS: «2MICROFONO JACK
6.3MM, GUITARRA JACK 6.3MM &
AUXILIAR JACK 3.5MM»
• BATERIA: 7.4V – 3600MAH
• ILUMINACION LED: RGB
• INCLUYE: 1 MICRÓFONO
INALAMBRICO, CABLE AC, CABLE
DE CARGA",images/K2814.jpg,461,1.0
ET-P5831MBC,PARLANTE,EWTTO,310.0,"• PRODUCTO: PARLANTE EWTTO
• VERSION BT 5.2
• BOCINAS: 12 PULGADAS * 2
• POTENCIA:40W
• TAMAÑO DEL
PRODUCTO:315X315X860MM.
• FUNCIONES:
BT,AUX,USB,TF,FM,MIC.
• ILUMINACION LED: RGB
• INCLUYE: 1 MICRÓFONO
INALAMBRICO, CABLE AC, CABLE
DE CARGA ,CONTROL REMOTO
• DOBLE RUEDAS",images/ET-P5831MBC.jpg,462,1.0
BL-P405MBAC,PARLANTE BLESS,,310.0,"• PARLANTE RECARGABLE
• USB, SD, BLUETOOTH.
• POTENCIA: 200W
• TWEETER:3*3 PULGADAS
• WOFFER: 8´´
• 2 MICRÓFONO INALAMBRICOS.
• PANEL ECUALIZADOR RGB.
• ILUMINACIÓN LED RGB
• INCLUYE: CONTROL REMOTO,CABLE AC,
PILA, MICROFONO INALAMBRICO",images/BL-P405MBAC.jpg,463,0.9
S7011BT,PARLANTE MICRONICS,,310.0,"• SISTEMA DE AUDIO MULTIMEDIA 2.1
BT,SW 8´´
• WOOFER: 8´´.
• DIAMETRO DE SATELITE: 3´´ X 2 +
TWEETER DE 1.5´X2
• CONEXIÓN INALAMBRICA BT LARGA
DISTANCIA
• ILUMINACION RGB
• LECTOR DE MEMORIA USB/SD
• RADIO FM
• INCLUYE CONTROL REMOTO,
PANTALLA LED,PUERTO PARA
KARAOKE",images/S7011BT.jpg,464,0.9
BL-P402MBAC,PARLANTE BLESS,,310.0,"• PARLANTE RECARGABLE
• USB, SD, BLUETOOTH.
• POTENCIA: 300W
• TWEETER:3 PULGADAS
• WOFFER: 8´´
• 2 MICRÓFONO INALAMBRICOS.
• ILUMINACIÓN LED RGB
• INCLUYE: CONTROL REMOTO,CABLE AC,
PILA, 2 MICROFONO INALAMBRICO",images/BL-P402MBAC.jpg,465,0.9
ET-P5816,PARLANTE,EWTTO,320.0,"• PRODUCTO: PARLANTE EWTTO
• CUENTA CONALTAVOZ 10
PULGADAS X2, ILUMINACIÓN LED
RGB Y FUNCIÓN DE KARAOKE.
• CONECTIVIDAD: BLUETOOTH,
RADIO FM, PUERTO USB Y LECTOR
DE TARJETAS TF.
• ENTRADAS PARA MICRÓFONO Y
GUITARRA.
• BATERÍA 4500 MAH",images/ET-P5816.jpg,466,1.0
BTS-1990,PARLANTE BRODU,,320.0,"• PARLANTE RECARGABLE BLUETOOTH
• ENTRADA LECTORA DE USB Y
MEMORIA
• DOBLE BOCINA DE 2 BOCINAS DE 8”
PULGADAS
• RADIO FM
• DOS MICROFONO INALAMBRICO
• CABLE DE CARGA
• CONTROL REMOTO
• LUCES RGB 360°",images/BTS-1990.jpg,467,0.9
EW-P477BC,PARLANTE,EWTTO,320.0,"• MODELO: PARLANTE
• MARCA: EWTTO
• POTENCIA:120W
• BATERIA: 6000MAH
• PANTALLA LED
• FUNCIONES: RADIO FM,
BLUETOOTH, PUERTO USB,
Y ENTRADA AUX
• CONTENIDO: CABLE DE
CARGA, AUX, TIPO C
• CORREA AJUSTABLE",images/EW-P477BC.jpg,468,1.0
K2103,PARLANTE,KASSEL,330.0,"• PARLANTE RECARGABLE
• BOCINA : 10” x 2 PULGADAS
• POTENCIA: 120 WATTS RMS
• USB, SD, BLUETOOTH.
• 2 ENTRADAS MICRÓFONO, 1
ENTRADA DE GUITARRA.
• PANEL ECUALIZADOR RGB.
• 1 MICRÓFONO INALÁMBRICO,
• ILUMINACIÓN LED RGB
• DOBLE RUEDAS EN LA BASE",images/K2103.jpg,469,1.0
MX-1000,PARLANTE TRON 10,MAX,330.0,"• PARLANTE RECARGABLE
• USB, SD, BLUETOOTH.
• 2 ENTRADAS MICRÓFONO, 1 ENTRADA
DE GUITARRA, AUX.
• PANEL ECUALIZADOR RGB.
• DOBLE RUEDAS EN LA BASE
• ILUMINACIÓN LED RGB
• INCLUYE: CONTROL REMOTO,CABLE AC,
PILA.",images/MX-1000.jpg,470,1.0
K2818,PARLANTE,KASSEL,330.0,"• PRODUCTO: PARLANTE KASSEL
•
WOOFER: 8”X 2  PULGADAS
• FUNCIONES: BLUETOOTH,SD,
TWS,AUX,MIC Y GUITARRA
• BATERIAL: RECARGABLE Y A CARGA
DIRECTA
• BATERÍA RECARGABLE DE 7.4V / 4500
MA, VOLTAJE: 100/240V – 50/60 HZ
• INCLUYE:
• CONSOLA DE MANDO ECUALIZADOR
•  MICRÓFONO INALÁMBRICO, CONTROL
REMOTO Y CABLE DE CARGA DIRECTO AC
• ILUMINACIÓN LED: RGB",images/K2818.png,471,1.0
DE-P4585MB,PARLANTE DEXBO,DEXBO,340.0,"• MODELO: PARLANTE
• MARCA:  DEXBO
• 300W
• FUNCIONES: RADIO FM,
BLUETOOTH, PUERTO USB,
TARJETA SD Y ENTRADA
AUX
• CONTENIDO: CABLE DE
CARGA, AUX, TIPO C
• 1 MICROFONO",images/DE-P4585MB.jpg,472,1.0
115-V,MX PARLANTE TRON,MAX,340.0,"• PARLANTE INALAMBRICO
• FUNCION MANOS LIBRES
• LUCES RGB
• CONECTIVIDAD: BLUETOOTH ,
RADIO FM , PUERTO USB , RANURA
MICRO SD
• ENTRADA PARA GUITARRA  6.35MM
• INCLUYE: CABLE AUXILIAR 3.5MM,
CABLE DE CARGA, CONTROL
REMOTO, MICROFONO
INALAMBRICO,PILA RECARGABLE.",images/115-V.jpg,473,1.0
1510-V1,MX PARLANTE TRON 10,MAX,340.0,"• PARLANTE INALAMBRICO
• BOCINA DE 10´´+ TWEETER
• LUCES RGB
• CONECTIVIDAD: BLUETOOTH ,
RADIO FM , PUERTO USB , RANURA
MICRO SD
• ENTRADA PARA GUITARRA  6.35MM
• INCLUYE:CABLE DE CARGA,
CONTROL REMOTO, MICROFONO
INALAMBRICO,PILA RECARGABLE.
• DOBLE RUEDAS.",images/1510-V1.jpg,474,1.0
BL-P406MBAC,PARLANTE BLESS,,360.0,"• BATERIA: 11.1V /7200MAH
• POTENCIA:200W
• TWEETER 3*3 PULGADAS
• INCLUYE ENTRADAS PARA USB,
TARJETA SD/MICRO SD , AUX, MIC,
TF, TWS
• MICRÓFONO INALAMBRICO,
CONTROL REMOTO Y CABLE A
CORRIENTE DIRECTA, 1 PILA",images/BL-P406MBAC.jpg,475,0.9
BS-P8539MBA,PARLANTE BOSSNEY,,360.0,"• PARLANTE  RECARGABLE Y A
CORRIENTE DIRECTA
• DOBLE BOCINA DE 10” PULGADAS
• RADIO FM | LECTOR USB Y SD
• CONSOLA DE MANDO ECUALIZADOR
• MICROFONO INALAMBRICO
• CABLE ENCHUFE DE CORRIENTE
DIRECTA
• CONTROL REMOTO
• FRENTE CON JUEGO DE LUCES RGB",images/BS-P8539MBA.jpg,476,0.9
VS-2834,PARLANTE SONIVOX,SONIVOX,370.0,"• MODELO: PARLANTE
• MARCA:  SONIVOX
• FUNCIONES: RADIO
FM,BLUETOOTH, ENTRADA
LECTORA DE USB , MEMORIA,
AUX
• CONTENIDO: CABLE DE CARGA
AC
• 2 MICROFONO INALÁMBRICO
• CONTROL
• 80W",images/VS-2834.jpg,477,1.0
,MX 1207 PARLANTE TRON,MAX,399.0,"• PARLANTE INALAMBRICO
• 2 BOCINAS DE 12´´ + TWEETER
• USB, SD, BLUETOOTH.
• ENTRADAS MICRÓFONO, 1 ENTRADA DE
GUITARRA, AUX.
• LUCES RGB.
• ILUMINACIÓN LED RGB
• INCLUYE: CONTROL REMOTO,CABLE AC,
MICROFONO INALAMBRICO",images/page_478_product_001.jpg,478,0.85
DE-P5581MBC,PARLANTE DEXBO,,400.0,"• DOS WOOFERS DE 10 PULGADAS
• CUENTA CON BLUETOOTH, ENTRADA
USB, MICRO SD, RADIO FM Y
ENTRADA AUXILIAR. TAMBIÉN
OFRECE LA FUNCIÓN TWS
• PORTABILIDAD: ES UN MODELO
RECARGABLE Y AC.
• KARAOKE: VIENE CON ENTRADA
PARA MICRÓFONOS E INCLUYE DOS
MICRÓFONOS INALÁMBRICOS
RECARGABLES
• UN CONTROL REMOTO",images/DE-P5581MBC.jpg,479,0.9
ET-P5685MBC,PARLANTE,EWTTO,400.0,"• MODELO: PARLANTE PANTALLA DIGITAL
• ALIMENTACIÓN: RECARGABLE Y A
CORRIENTE DIRECTA
• POTENCIA : 50W
• BOCINAS: 10 X 2 PULGADAS
• FUNCIONES: BLUETOOTH,
USB,TF,FM,MIC,AUX
• CARACTERÍSTICAS : CONSOLA DE
MANDO ECUALIZADOR , 1 MICRÓFONO
INALÁMBRICO, CABLE ENCHUFE DE
CORRIENTE DIRECTA, CONTROL REMOTO
• LUCES: FRENTE DE RGB",images/ET-P5685MBC.png,480,1.0
P2807MC,D- PARLANTE DEMGEL,,410.0,"• PARLANTE RECARGABLE
• USB, SD, BLUETOOTH.
• POTENCIA: 60W
• BATERIA: 12V 5000MAH
• 2 MICRÓFONO INALAMBRICOS.
• PANEL ECUALIZADOR RGB.
• ILUMINACIÓN LED RGB
• INCLUYE: CONTROL REMOTO,CABLE AC,
PILA, CABLE CARGADOR",images/P2807MC.jpg,481,0.9
,MX 1500 PARLANTE TRON 15,MAX,415.0,"• PARLANTE MAXTRON
• LUCES RGB
• BATERÍA RECARGABLE
• CONECTIVIDAD: OFRECE CONEXIÓN
BLUETOOTH, RADIO FM, PUERTO USB Y
ENTRADA AUXILIAR/MICRÓFONO.
• ACCESORIOS INCLUIDOS: VIENE CON 1
MICRÓFONOS INALÁMBRICO Y
CONTROL REMOTO, CABLE A
CORRIENTE DIRECTA
• DOBLE RUEDAS",images/page_482_product_001.jpg,482,0.85
LD-S950AC,PARLANTE LIDIMI,,420.0,"• PARLANTE LIDIMI
• POTENCIA:60W
• BATERIA:7.4V /2*6000MAH
• LUCES RGB
• BATERÍA RECARGABLE
• CONECTIVIDAD: OFRECE CONEXIÓN
BLUETOOTH, RADIO FM, PUERTO USB Y
ENTRADA AUXILIAR/MICRÓFONO.
• ACCESORIOS INCLUIDOS: VIENE CON 1
MICRÓFONOS INALÁMBRICO Y
CONTROL REMOTO, CABLE A
CORRIENTE DIRECTA",images/LD-S950AC.jpg,483,0.9
LD-S865AC,PARLANTE LIDIMI,,450.0,"• PARLANTE LIDIMI
• BATERIA: 7.4V
4*4500MAH=18000MAH
• HASTA 12-15H DE REPRODUCCION
• CONECTIVIDAD: BLUETOOTH,
TEGNOLOGIA TWS, PUERTO USB,
MICRO SD, PUERTO AUX
• CABLE A CORRIENTE DIRECTA
• LUCES RGB",images/LD-S865AC.jpg,484,0.9
BL-P407MBAC,PARLANTE BLESS,,450.0,"• WOOFERS:12 PULGADAS
• PORTABILIDAD: ES UN PARLANTE
PORTÁTIL
• INCLUYE ENTRADAS PARA USB, TARJETA
SD/MICRO SD , AUX, MIC, TF, TWS
• CUENTA CON PANEL DE CONTROL
SUPERIOR CON ILUMINACION
AMBIENTAL Y BOTONES PARA AJUSTAR
VOLUMEN Y MODOS DE
REPRODUCCION.
• 2 MICRÓFONO INALAMBRICO, CONTROL
REMOTO Y CABLE A CORRIENTE DIRECTA
,2 PILAS",images/BL-P407MBAC.jpg,485,0.9
,MX 834 PARLANTE TRON 8,MAX,450.0,"• PARLANTE MAXTRON
• LUCES RGB
• BATERÍA RECARGABLE
• CONECTIVIDAD: OFRECE CONEXIÓN
BLUETOOTH, RADIO FM, PUERTO USB Y
ENTRADA AUXILIAR/MICRÓFONO.
• ACCESORIOS INCLUIDOS: VIENE CON 1
MICRÓFONOS INALÁMBRICO Y
CONTROL REMOTO, CABLE A
CORRIENTE DIRECTA
• DOBLE RUEDAS",images/page_486_product_001.jpg,486,0.85
PHA-208F,PARLANTE HALION,,460.0,"• PARLANTE HALION
• DOBLE  BOCINA DE 8” PULGADAS
• FUNCIONES: MP3, SD, AUX, USB,
BLUETOOTH, RADIO FM
• MICRÓFONO INALÁMBRICO UHF Y
CONTROL REMOTO.
• POTENCIA: 1200W
• JUEGO DE LUCES RGB
• RECARCABLE Y AC",images/PHA-208F.jpg,487,0.9
P04,PARLANTE KAPHER PARTYBOOM,,460.0,"• MODELO: PARLANTE TORRE
• MODELO: P04
• CONECTIVIDAD: BLUETOOTH (BT),
RADIO FM Y CONEXIÓN DIRECTA
• ENTRADAS: USB, MICRÓFONO Y
GUITARRA.
• 2 BOCINAS DE 8’’
• RECARGABLE Y AC
• 1 MICROFONO INALAMBRICO
• POTENCIA 1000W",images/P04.jpg,488,0.9
P4101,D- PARLANTE DEMGEL,,460.0,"• PRODUCTO: PARLANTE DEMGEL
• CUENTA CON ALTAVOZ,
ILUMINACIÓN LED RGB Y
FUNCIÓN DE KARAOKE.
• CONECTIVIDAD: BLUETOOTH,
RADIO FM, PUERTO USB Y LECTOR
DE TARJETAS TF.
• 2 MICROFONOS INALAMBRICOS
UHF DE ALTA FIDELIDAD
• CABLE DE CARGA TIPO C
• CABLE AUXILIAR
• CORREA PARA SUJETAR",images/P4101.jpg,489,0.9
SVX-911,PARLANTE SONIVOX,SONIVOX,460.0,"• MODELO: PARLANTE
• MARCA:  SONIVOX
• FUNCIONES: RADIO FM,BLUETOOTH,
ENTRADA LECTORA DE USB ,
MEMORIA, AUX
• CONTENIDO: CABLE DE CARGA AC
• 2 MICROFONO INALÁMBRICO
• CONTROL
• 100W
• BOCINA DE 10’’",images/SVX-911.jpg,490,1.0
BTS-2100,PARLANTE BRODU,,460.0,"• PARLANTE BLUETOOTH RECARGABLE
• DOBLE  BOCINA DE 10” PULGADAS
• PUERTO USB, MICRO SD , RADIO FM
• DOBLE  MICROFONO INALAMBRICO
• BOCINAS CON JUEGO DE LUCES  RGB
• PANEL ECUALIZADOR
• CONTROL REMOTO",images/BTS-2100.jpg,491,0.9
DE-P6586MBC,PARLANTE DEXBO,,499.0,"• PARLANTE DEXBO RECARGABLE Y A
CORRIENTE DIRECTA
• DOBLE BOCINA DE 10’’ PULGADAS
• CONEXION: BLUETOOTH, MICRO SD,
USB, TWS
• DISEÑO: JUEGO DE LUCES
• INCLUYE: 2 MICROFONOS
INALAMBRICOS RECARGABLES,
CONTROL REMOTO, CABLE DE
CARGA, AC, AUX.",images/DE-P6586MBC.jpg,492,0.9
SP56,PARLANTE MICCELL,,499.0,"• PARLANTEPORTATIL MICCELL
• BATERIA :30000 MAH
• POTENCIA:300W
• INCLUYE: LUCES LED MULTICOLOR
• RESISTENCIA AL AGUA IPX5.
• CUENTA CON FUNCION TWS
• MICROFONO INALAMBRICO Y
CABLE DE CARGA.",images/SP56.jpg,493,0.9
K2102,PARLANTE,EWTTO,500.0,"• PARLANTE EWTTO
• DOBLE BOCINA DE 10 PULGADAS,
LUCES RGB
• BATERÍA RECARGABLE DE 7.4V.
• CONECTIVIDAD: OFRECE CONEXIÓN
BLUETOOTH, RADIO FM, PUERTO
USB Y ENTRADA
AUXILIAR/MICRÓFONO.
• ACCESORIOS INCLUIDOS: VIENE CON
UN MICRÓFONO INALÁMBRICO Y
CONTROL REMOTO.",images/K2102.jpg,494,1.0
,MX 1550V PARLANTE TRON 15,MAX,510.0,"• PARLANTE MAXTRON
• LUCES RGB
• BATERÍA RECARGABLE
• CONECTIVIDAD: OFRECE CONEXIÓN
BLUETOOTH, RADIO FM, PUERTO USB Y
ENTRADA AUXILIAR/MICRÓFONO.
• ACCESORIOS INCLUIDOS: VIENE CON 2
MICRÓFONOS INALÁMBRICO Y
CONTROL REMOTO, CABLE A
CORRIENTE DIRECTA
• DOBLE RUEDAS",images/page_495_product_001.jpg,495,0.85
LD-S919AC,PARLANTE LIDIMI,,510.0,"• PRODUCTO:  PARLANTE PROFESIONAL
• BOCINA: 10” X 2 + 3” X 1
• FUNCIONES:  BLUETOOTH,ENTRADA
AUX,USB,TF,FM,X-BASS, TWS
• FUNCIÓN DE KARAOKE INCORPORADA.
• ORIFICIOS PARA: 2 MICROFONOS Y 1
GUITARRAS
• POTENCIA: 80W.
• BATERÍA : 2-3H
• INCLUYE: 1 MICRÓFONO INALÁMBRICO,
1 CONTROL REMOTO, 1 Enchufe Tipo AC
IN y Entrada USB tipo C,  PANEL
ECUALIZADOR A PERILLAS",images/LD-S919AC.jpg,496,0.9
S655,D- PARLANTE LIDIMI,,520.0,"• PARLANTE LIDIMI
• POTENCIA: 45W
• HASTA 15H DE REPRODUCCION
• CONECTIVIDAD: BLUETOOTH,
TEGNOLOGIA TWS, PUERTO USB,
MICRO SD, PUERTO AUX
• INCLUYE:
• MICROFONO INALAMBRICO
• CORREA AJUSTABLE
• CABLE DE CARGA TIPO C Y CABLE AUX",images/S655.jpg,497,0.9
,MX 1034 PARLANTE TRON 10,MAX,530.0,"• PARLANTE MAXTRON
• CONECTIVIDAD: BLUETOOTH,
TEGNOLOGIA TWS, PUERTO USB,
MICRO SD, PUERTO AUX, PUERTO
PARA GUITARRA
• LUCES RGB
• INCLUYE: MICROFONO INALAMBRICO,
CABLE DE CARGA DE CARGA Y CABLE
AC
• DOBLE RUEDA",images/page_498_product_001.jpg,498,0.85
DE-P6587MBC,PARLANTE DEXBO,,530.0,"• PARLANTE DEXBO
• TRIPLE BOCINA 10’’ PULGADAS
• CONEXIÓN A CORRIENTE DIRECTA Y
RECARGABLE
• PUERTO TF, USB,TWS Y AUX
• CONECTIVIDAD BLUETOOTH, RADIO
• 2 MICROFONOS
• CONTROL REMOTO
• LUCES LED RGB
• INCLUYE CABLE DE CARGA Y
COCODRILO",images/DE-P6587MBC.jpg,499,0.9
LD-S940AC,PARLANTE LIDIMI,,530.0,"• PRODUCTO:  PARLANTE
PROFESIONAL
• FUNCIONES:  BLUETOOTH,ENTRADA
AUX,USB,TF,EQ,TWS
• BOCINAS: 12""x1 + 3""x2
• POTENCIA:220W
• REPRODUCCIÓN: 6-8H
• INCLUYE: 1 MICRÓFONO
INALÁMBRICO, 1 CONTROL
REMOTO, 1 CABLE AC,  PANEL
ECUALIZADOR A PERILLAS, TRIPODE",images/LD-S940AC.jpg,500,0.9
PHA-12MB,PARLANTE HALION,,540.0,"• PRODUCTO: PARLANTE HALION
• WOOFER: 1×12”
• FUNCIONES: MP3, SD, AUX, USB, BT,
RADIO FM
• POTENCIA:  1500W
• INPUTS: 1XRCA, 2XJACK 6.3MM
• BATERÍA: RECARGABLE Y A
CORRIENTE DIRECTA
• INCLUYE:  CONSOLA DE MANDO
ECUALIZADOR, DOBLE  MICRÓFONO
INALÁMBRICO, 1 CONTROL REMOTO",images/PHA-12MB.jpg,501,0.9
,MX 1502DL PARLANTE TRON 15,MAX,550.0,"• PARLANTE MAXTRON
• CONECTIVIDAD: BLUETOOTH,
TEGNOLOGIA TWS, PUERTO USB,
MICRO SD, PUERTO AUX, PUERTO
PARA GUITARRA
• LUCES RGB
• INCLUYE: 1 MICROFONO
INALAMBRICO, 1 MICROFONO
ALAMBRICO,CABLE DE CARGA DE
CARGA ,CABLE AC , CABLE AUXILIAR
• DOBLE RUEDA",images/page_502_product_001.jpg,502,0.85
SVX-2896,PARLANTE SONIVOX,,590.0,"• DOBLE BOCINA DE 8’’ PULGADAS
• POTENCIA: 10000W
• LUCES LED RGB
• CONECTIVIDAD: BLUETOOTH,
PUERTO USB, TARJETA SD,
PUERTO AUX, 2 ENTRADAS PARA
MICROFONO
• 2 MICROFONOS
• CONTROL REMOTO
• CONEXIÓN AC",images/SVX-2896.jpg,503,0.9
PHA-15MB,PARLANTE HALION,,599.0,"• PRODUCTO: PARLANTE
PROFESIONAL
• POTENCIA : 2000W
• IMPEDANCIA: 2OHM
• SENSIBILIDAD: 95DB
• BOBINA: 1.5″KSV
• WOOFER: 1×15″
• FUNCIONES: MP3, SD, AUX, USB,
BT, RADIO FM
• INCLUYE: PANEL ECUALIZADOR,
1CONTROL REMOTO, 2
MICRÓFONOS INALÁMBRICOS",images/PHA-15MB.jpg,504,0.9
BL-P409MBAC,PARLANTE BLESS,,599.0,"• WOOFERS:8 PULGADAS
• PORTABILIDAD: ES UN PARLANTE
PORTÁTIL
• INCLUYE ENTRADAS PARA USB,
TARJETA SD/MICRO SD , AUX, MIC,
TF, TWS
• MICRÓFONO INALAMBRICO,
CONTROL REMOTO Y CABLE A
CORRIENTE DIRECTA,CABLE
AUXILIAR,CABLE DE CARGA",images/BL-P409MBAC.jpg,505,0.9
LD-S952AC,PARLANTE LIDIMI,,599.0,"• PARLANTE RECARGABLE
• POTENCIA: 100W
• ALTAVOZ:8´´X2+2.5´´X2
• BLUETOOTH, USB, MICRO SD, AUX
• LUCES LED RGB
• CUENTA CON 1 MICROFONO
INALAMBRICOS
• INCLUYE CABLE A CORRIENTE
DIRECTA Y CONTROL REMOTO",images/LD-S952AC.jpg,506,0.9
HA-1246,PARLANTE HALION,,600.0,"• PRODUCTO:  PARLANTE A CORRIENTE
DIRECTA
• POTENCIA: 100W
• DOBLE BOCINAS DE 12 PULGADAS Y
ALTAVOCES DE 3 PULGADAS.
• CONECTIVIDAD: BLUETOOTH 5.0 TWS,
USB, TF (TARJETA DE MEMORIA) Y RADIO
FM.
• FUNCIONES: KARAOKE, ECUALIZADOR
DIGITAL, ILUMINACIÓN RGB
• DISEÑO: FABRICADO EN MADERA PARA
MEJOR ACÚSTICA.",images/HA-1246.jpg,507,0.9
SP70,PARLANTE MICCELL,,600.0,"• PARLANTE RECARGABLE
TWS,BLUETOOTH, USB, MICRO SD,
AUX
• RESISTENCIA AL AGUA IPX5
• INCLUYE UNA BATERÍA DE 30000
MAH.
• LUCES LED RGB
• POTENCIA: 350W
• INCLUYE CABLE DE CARGA TIPO C ,
AUX.",images/SP70.jpg,508,0.9
HA-1242,PARLANTE HALION MONSTER,,650.0,"• PARLANTE: PROFESIONAL
• BOCINA : 12”PULGADAS RECARGABLE
POTENCIA RMS: 120 WATTS
• FUNIONES: RADIO FM, USB, SD, BLUETOOTH,TF
•
ENTRADA:  AUXILIAR,LINE ,GUITARRA,
DISPLAY, LUCES LED MULTICOLOR , FUNCIÓN
KARAOKE
• INCLUYE: PANEL ECUALIZADOR CON PERILLAS,
2 MICRÓFONO INALÁMBRICO, CONTROL
REMOTO
• ILUMINACIÓN LED: RGB
• MODELO MALETA",images/HA-1242.png,509,0.9
EW-P519MBC,PARLANTE,EWTTO,650.0,"• PARLANTE EWTO
• TAMAÑO: 38*38*115.5CM
• DOBLE  BOCINA DE12´´*2PULGADAS
• FUNCIONES: MP3, SD, AUX, USB,
BLUETOOTH, RADIO FM,MIC
• MICRÓFONO INALÁMBRICO Y
CONTROL REMOTO.
• BATERIA: 7ª/ 12V
• JUEGO DE LUCES RGB
• CABLE AC
• DOBLE RUEDAS.",images/EW-P519MBC.jpg,510,1.0
HA-1244,PARLANTE HALION,,650.0,"• PARLANTE RECARGABLE Y A CORRIENTE
DIRECTA
• DOBLE  BOCINA  12”PULGADAS Y 2
TWEETERS DE 3’’ PULGADAS
• POTENCIA 120W
• FUNIONES: RADIO FM, USB, SD,
BLUETOOTH,TF
•
ENTRADA:  AUXILIAR,LINE ,GUITARRA,
DISPLAY, LUCES LED MULTICOLOR ,
FUNCIÓN KARAOKE
• INCLUYE: 2 MICRÓFONO, CONTROL
REMOTO
• ILUMINACIÓN LED: RGB",images/HA-1244.jpg,511,0.9
MAX-B8,PARLANTE BARETONE,,650.0,"• PRODUCTO: PARLANTE
• MODELO: BARETONE
• BOCINA : 8” PULGADAS
• POTENCIA:300W
• CONECTIVIDAD: RECARGABLE Y A
CORRIENTE DIRECTA
• FUNCIONES:BT, MP3, MP4, WMA, SD,
AUX, USB
• ENTRADAS: USB, JACK 6.3MM*2, RCA
• INCLUYE: CONSOLA DE MANDO
ECUALIZADOR , 1 MICROFONO
INALAMBRICO, 1 CONTROL REMOTO
• ILUMINACIÓN: LED, PANTALLA DIGITAL
• DURACIÓN BATERÍA: 7AH",images/MAX-B8.jpg,512,0.9
LD-S927AC,PARLANTE LIDIMI,,690.0,"• PARLANTE LIMIDI
• CONECTIVIDAD: BLUETOOTH,
TEGNOLOGIA TWS, PUERTO USB,
MICRO SD, PUERTO AUX, LUCES RGB
• INCLUYE: MICROFONO INALAMBRICO,
CABLE DE CARGA DE CARGA,
CONTROL REMOTO Y CABLE AC
• DOBLE RUEDA",images/LD-S927AC.jpg,513,0.9
SP46,PARLANTE MICCELL,,700.0,"• PARLANTE RECARGABLE
TWS,BLUETOOTH, USB, MICRO SD,
AUX
• RESISTENCIA AL AGUA IPX5
• INCLUYE UNA BATERÍA DE 30000
MAH.
• LUCES LED RGB
• POTENCIA: 400W
• INCLUYE CABLE DE CARGA TIPO C ,
AUX.",images/SP46.jpg,514,0.9
BL-P408MBAC,PARLANTE BLESS,,760.0,"• WOOFERS:8 PULGADAS
• PORTABILIDAD: ES UN PARLANTE
PORTÁTIL
• INCLUYE ENTRADAS PARA USB,
TARJETA SD/MICRO SD , AUX, MIC,
TF, TWS
• MICRÓFONO INALAMBRICO,
CONTROL REMOTO Y CABLE A
CORRIENTE DIRECTACLABLE
AUXILIAR,CABLE DE CARGA",images/BL-P408MBAC.jpg,515,0.9
LD-S975AC,PARLANTE LIDIMI,,780.0,"• PARLANTE RECARGABLE Y A CORRIENTE
DIRECTA
• CUENTA CON 3 ALTAVOCES DE 10
PULGADAS CADA UNO, DISEÑADO PARA
ALTA POTENCIA.
• INCLUYE CONECTIVIDAD BLUETOOTH,
LUCES LED RITMICAS, BATERIA
RECARGABLE , 2 MICROFONOS
INALAMBRICOS Y CABLE DE CARGA",images/LD-S975AC.jpg,516,0.9
SP69,PARLANTE MICCELL,,700.0,"• PARLANTE RECARGABLE
BLUETOOTH, USB, MICRO SD, AUX
• INCLUYE UNA BATERÍA DE 3000
MAH.
• LUCES LED RGB
• POTENCIA: 300W
• CUENTA CON 2 MICROFONOS
INALAMBRICOS
• INCLUYE CABLE DE CARGA TIPO C ,
AUX, CORREA AJUSTABLE",images/SP69.jpg,517,0.9
LD-S992P,PARLANTE LIDIMI,,1200.0,"• DOBLE BOCINA DE 12’’
• POTENCIA: 160W
• PANTALLA TACTIL 1280*800DPI
• CONECTIVIDAD: USB, SD, BT, HMI,
ORIFICIO PARA MICROFONO Y
GUITARRA
• LUCES LED RGB
• DC 12V/ DC 15V/ AC 110-240V
• INCLUYE CONTROL Y CABLE
• 2 MICROFONOS",images/LD-S992P.jpg,518,0.9
MPA-12COL,PARLANTE BARETONE,,1400.0,"• PARLANTE PROFESIONAL
• SONIDO DE ALTA CALIDAD,EVENTOS,POLLADAS.
• BOCINA DE 12”PULGADAS Y 8 AGUDOS DE 3
PULGADAS
• BLUETOOTH
• LECTOR USB, SD, BT TWS
• MODELO MALETA
• POTENCIA 450W RMS",images/MPA-12COL.png,519,0.9
MPA-15COL,PARLANTE BARETONE,,1500.0,"• PARLANTE PROFESIONAL
• SONIDO DE ALTA CALIDAD,EVENTOS,POLLADAS.
• BOCINA DE 15”PULGADAS RECARGABLE
BLUETOOTH
• LECTOR USB, SD, BT TWS
• PANEL ECUALIZADOR CON PERILLAS
• AMPLIFICADOR CLASE D
• CONTROL REMOTO
• MATERIAL MADERA
• MODELO MALETA
• POTENCIA 600W RMS",images/MPA-15COL.png,520,0.9
SU-AU50,AUDIFONO SUPER,,2.5,"• PRODUCTO: AUDIFONO DE
BOLSITA SUPER
• MODELO : CHUPON CON
HANSDFREE
• PUNTA: AUXILIAR EN “L”
• CARACTERÍSTICAS:  SONIDO
ESTÉREO, EXCELENTE DISEÑO,
LIGEROS, PRÁCTICOS
• COMPATIBILIDAD: TELÉFONOS,
MÓVILES, TABLETAS Y OTROS
PRODUCTOS ELECTRÓNICOS
• COLORES: NEGRO, BLANCO,",images/SU-AU50.jpg,522,0.9
SU-AU10,AUDIFONO CAMISETA SUPER,,2.5,"• PRODUCTO: AUDIFONO DE
BOLSITA SUPER
• MODELO : CHUPON
• PUNTA: AUXILIAR
• CARACTERÍSTICAS:  SONIDO
ESTÉREO, EXCELENTE DISEÑO,
LIGEROS, PRÁCTICOS
• COMPATIBILIDAD: TELÉFONOS,
MÓVILES, TABLETAS Y OTROS
PRODUCTOS ELECTRÓNICOS
• COLORES: NEGRO, BLANCO",images/SU-AU10.jpg,523,0.9
RD-3017,AUDIFONO REDD,,3.5,"• PRODUCTO: AUDÍFONO CON CABLE
• MODELO : CHUPON
• PUNTA: AUXILIAR  DIRECTA
• LONGITUD: 2M
• CARACTERÍSTICAS:  SONIDO
ESTÉREO, EXCELENTE DISEÑO,
LIGEROS, PRÁCTICOS
• COMPATIBILIDAD: TELÉFONOS,
MÓVILES, TABLETAS Y OTROS
PRODUCTOS ELECTRÓNICOS
• COLORES: NEGRO, BLANCO",images/RD-3017.jpg,524,0.9
DE-A1995M,AUDIFONO DEXBO,,3.5,"• PRODUCTO: AUDÍFONO CON CABLE
• MODELO : CHUPON
• PUNTA: AUXILIAR  DIRECTA
• LONGITUD: 1.2M
• ENTRADA AUXILIAR 3.5MM
• CARACTERÍSTICAS:  SONIDO
ESTÉREO, EXCELENTE DISEÑO,
LIGEROS, PRÁCTICOS
• COMPATIBILIDAD: TELÉFONOS,
MÓVILES, TABLETAS Y OTROS
PRODUCTOS ELECTRÓNICOS",images/DE-A1995M.jpg,525,0.9
BG-A1759M,UDIFONO BIG GER,BIG-GER.,4.5,"• TIPO: AUDÍFONOS
INTRAAURALES (IN-EAR).
• MARCA: BIG-GER.
• MODELO: BG-A1759M.
• CARACTERÍSTICAS: SON
AUDÍFONOS UNIVERSALES
CON MICRÓFONO
INTEGRADO",images/BG-A1759M.jpg,526,1.0
JX-2,AUDIFONO CALIFORNIA,,4.5,"• MODELO : CHUPON
• PUNTA: AUXILIAR  DIRECTA
• CARACTERÍSTICAS:  SONIDO
ESTÉREO, EXCELENTE DISEÑO,
LIGEROS, PRÁCTICOS
• COMPATIBILIDAD: TELÉFONOS,
MÓVILES, TABLETAS Y OTROS
PRODUCTOS ELECTRÓNICOS
• COLORES: BLANCO",images/JX-2.jpg,528,0.9
AD-J117,AUDIFONO,ALDEEPO,4.5,"• PRODUCTO: AUDIFONO
ALÁMBRICO
• TIPO DE CONECTOR: USB TIPO C,
ADECUADO PARA DISPOSITIVOS
MODERNOS.
• DISEÑO: AURICULARES
CABLEADOS DE ESTILO
""EARPHONE"" PARA USO DIARIO.
• FUNCIONALIDAD: INCLUYEN
MICRÓFONO INCORPORADO
PARA FUNCIÓN DE MANOS
LIBRES.",images/AD-J117.jpg,529,1.0
S10,+ AKG AUDIFONO AKG,,5.0,"• AUDIFONO SAMSUNG AKG
• MODELO CHUPÓN CON GOMA
• HANDFREE CONTESTADOR DE LLAMADA
• REGULAR DE VOLUMEN
• MODELO CHUPÓN
• ALTA CALIDAD DE AUDIO (EXTRA BASS)
• ENTRADA TIPO AUXILIAR",images/S10.jpg,530,0.9
BG-A1772M,AUDIFONO,BIG-GER,5.0,"• AUDIFONO BIG GER
• ENTRADA PUNTA AUXILIAR
• HANDFREE CONTESTADOR DE
LLAMADA
• MODELO CHUPÓN",images/BG-A1772M.jpg,531,1.0
AD-J06,AUDIFONO,ALDEEPO,6.0,"• CUENTAN CON MICRÓFONO
INTEGRADO Y CONTROLES PARA
MÚSICA Y LLAMADAS.
• UTILIZAN UN CONECTOR TIPO C,
• ESTÁN DISEÑADOS PARA UNA
ALTA DEFINICIÓN DE SONIDO Y
AISLAMIENTO DE RUIDO.",images/AD-J06.jpg,532,1.0
TCA340,AUDIFONO RO,MAX,6.0,"• AUDIFONO CON CABLE ROMAX
• ENTRADA AUXILIAR
• HANDFREE CONTESTADOR DE
LLAMADA
• MODELO BASS",images/TCA340.jpg,533,1.0
H80,TIPO C AUDIFONO MICCELL,,6.0,"• CONECTOR: TIPO USB-C
• FUNCIONALIDADES: INCLUYE
MICRÓFONO INTEGRADO
PARA LLAMADAS Y CONTROL
DE VOLUMEN.
• AUDIO: DISEÑO ESTÉREO DE
ALTA FIDELIDAD.
• DISEÑO: AURICULARES
CÓMODOS CON DRIVERS DE
10MM PARA SONIDO
PRECISO.",images/H80.jpg,534,0.9
TCA0359,AUDIFONO RO,MAX,6.5,"• AUDIFONO CON CABLE ROMAX
• ENTRADA AUXILIAR
• HANDFREE CONTESTADOR DE
LLAMADA
• MODELO BASS
• VOLTAJE:  6.A
• POTENCIA: 60W
• CUENTA CON CHUPONES
INTERCAMBIABLES.",images/TCA0359.jpg,535,1.0
DE-A1992M,AUDIFONO DEXBO,,7.0,"• AUDIFONO DEXBO TIPO C
• MODELO BASS
• INCLUYE MICROFONO
INTEGRADO Y CONTROL DE
VOLUMEN PARA GESTIONAR
LLAMADAS Y MUSICA SIN
MANIOULAR EL EQUIPO.
• MODELO CHUPON",images/DE-A1992M.jpg,536,0.9
RD-3010,AUDIFONO REDD,,7.0,"• PRODUCTO: AUDÍFONO CON CABLE
• PUNTA: AUXILIAR  DIRECTA
• LONGITUD: 1250MM
• CARACTERÍSTICAS:  SONIDO
ESTÉREO, EXCELENTE DISEÑO,
LIGEROS, PRÁCTICOS
• COMPATIBILIDAD: TELÉFONOS,
MÓVILES, TABLETAS Y OTROS
PRODUCTOS ELECTRÓNICOS
• COLORES: NEGRO, ROSADO",images/RD-3010.jpg,537,0.9
AUD-IPHONE,AUDIFONO IPHONE LIGHTNING,,7.0,"• PRODUCTO: AUDIFONO CON
CABLE
• PUNTA: LIGHTNING
• CARACTERÍSTICAS:  SONIDO
ESTÉREO, EXCELENTE DISEÑO,
LIGEROS, PRÁCTICOS",images/AUD-IPHONE.jpg,538,0.9
H73,AUDIFONO MICCELL,,7.5,"• TIPO: AUDÍFONOS
CABLEADOS.
• CONECTOR: JACK DE 3.5 MM.
• CARACTERÍSTICA: INCLUYEN
MICRÓFONO INCORPORADO
PARA LLAMADAS MANOS
LIBRES.
• DISEÑO: ERGONÓMICO PARA
MAYOR COMODIDAD EN EL
OÍDO.
• COLORES: BLANCO Y NEGRO",images/H73.jpg,539,0.9
H53-B,AUDIFONO MICCELL TIPO C,,8.5,"• PRODUCTO: AUDIFONO
ALÁMBRICO
• TIPO DE CONECTOR: USB TIPO C,
ADECUADO PARA DISPOSITIVOS
MODERNOS.
• DISEÑO: AURICULARES
CABLEADOS DE ESTILO
""EARPHONE"" PARA USO DIARIO.
• FUNCIONALIDAD: INCLUYEN
MICRÓFONO INCORPORADO
PARA FUNCIÓN DE MANOS
LIBRES.",images/H53-B.jpg,540,0.9
,ETHSECBE AUDIFONO HELIX NEGRO ULTRA BUDS TIPO C,,9.5,"• CONECTIVIDAD: USB-C
• AUDIO: ENHANCED BASS
• FUNCIONES: MICROFONO
INTEGRADO PARA LLAMADAS
MANOS LIBRES
• INCLUYE 3 TAMAÑOS DE
ALMOHADILLAS DE GEL
• COLOR: NEGRO",images/page_541_product_001.jpg,541,0.75
,ETHSECWE AUDIFONO HELIX BLANCO ULTRA BUDS TIPO C,,9.5,"• CONECTIVIDAD: USB-C
• AUDIO: ENHANCED BASS
• FUNCIONES: MICROFONO
INTEGRADO PARA LLAMADAS
MANOS LIBRES
• INCLUYE 3 TAMAÑOS DE
ALMOHADILLAS DE GEL
• COLOR: BLANCO",images/page_542_product_001.jpg,542,0.75
H24,AUDIFONO MICCELL TIPO C,,10.0,"• DISEÑADOS PARA SONIDO
ESTÉREO DE ALTA FIDELIDAD.
• INCLUYEN MICRÓFONO
INCORPORADO PARA
LLAMADAS.
• CUENTAN CON BOTONES DE
CONTROL EN LÍNEA.
• SON COMPATIBLES CON
DISPOSITIVOS QUE UTILIZAN
PUERTO USB TIPO C.",images/H24.jpg,543,0.9
TCA0381,AUDIFONO RO,MAX,12.0,"• PRODUCTO: AUDIFONO DE CABLE
• MODELO: CHUPÓN , BASS
• CONECTIVIDAD: BLUETOOTH
INALÁMBRICA RÁPIDA Y ESTABLE
• CARACTERÍSTICAS:  SONIDO
ESTÉREO, HI-FI
• COMPATIBILIDAD: TELÉFONOS,
MÓVILES, TABLETAS Y OTROS
• INCLUYE:REPUESTO CHUPÓN",images/TCA0381.jpg,544,1.0
AD-BS02,AUDIFONO CUELLERA,ALDEEPO,15.0,"• PRODUCTO: AUDIFONO CUELLERO
DEPORTIVO
• MODELO: CHUPÓN EXTRA BASS
CONECTIVIDAD: BLUETOOTH
INALÁMBRICA RÁPIDA Y ESTABLE
• CARACTERÍSTICAS:  SONIDO
ESTÉREO, HANDFREE
• COMPATIBILIDAD: TELÉFONOS,
MÓVILES, TABLETAS Y OTROS
• INCLUYE:CABLE DE CARGA",images/AD-BS02.jpg,545,1.0
BS-A1805B,AUDIFONO CUELLERA,BOSSNEY,16.0,"• PRODUCTO: AUDIFONO
CUELLERO DEPORTIVO
• MARCA:BOSSNEY
• MODELO: CHUPON
• CONECTIVIDAD: BLUETOOTH
INALÁMBRICA RÁPIDA Y ESTABLE
• CARACTERÍSTICAS:  SONIDO
ESTÉREO, CONTESTADOR DE
LLAMADA, EXCELENTE DISEÑO,
LIGEROS, PRÁCTICOS
• BATERÍA INCORPORADA:
350MAH
• INCLUYE: CHUPONES DE CAMBIO",images/BS-A1805B.jpg,546,1.0
BS-A1804B,AUDIFONO CUELLERA,BOSSNEY,18.0,"• PRODUCTO: AUDIFONO
CUELLERO DEPORTIVO
• MARCA:BOSSNEY
• MODELO: CHUPON
• CONECTIVIDAD: BLUETOOTH
INALÁMBRICA RÁPIDA Y ESTABLE
• CARACTERÍSTICAS:  SONIDO
ESTÉREO, CONTESTADOR DE
LLAMADA, EXCELENTE DISEÑO,
LIGEROS, PRÁCTICOS
• INCLUYE: CHUPONES DE CAMBIO
• PANTALLA LED
• CABLE CARGADOR",images/BS-A1804B.jpg,547,1.0
AD-BS16,AUDIFONO CUELLERA,ALDEEPO,18.0,"• PRODUCTO: AUDIFONO CUELLERO
DEPORTIVO
• MODELO: CHUPÓN , BASS
• CONECTIVIDAD: BLUETOOTH
INALÁMBRICA RÁPIDA Y ESTABLE
• CARACTERÍSTICAS:  SONIDO
ESTÉREO, HANDFREE
• COMPATIBILIDAD: TELÉFONOS,
MÓVILES, TABLETAS Y OTROS
• INCLUYE:CABLE DE CARGA,
REPUESTO CHUPÓN",images/AD-BS16.jpg,548,1.0
BT24,AUDIFONO CUELLERA,,18.0,"• PRODUCTO: AUDIFONO
CUELLERA
• CONECTIVIDAD: BLUETOOTH
• PANTALLA DIGITAL
• BATERIA: 500 MAH
• INCLUYE: CABLE DE CARGA TIPO
C
• COLOR: NEGRO",images/BT24.jpg,549,0.9
ET-A4060B,AUDIFONO CUELLERA,EWTTO,18.0,"• PRODUCTO: AUDIFONO
CUELLERO DEPORTIVO
• MARCA:EWTTO
• CONECTIVIDAD: BLUETOOTH
INALÁMBRICA RÁPIDA Y ESTABLE
• CARACTERÍSTICAS:  SONIDO
ESTÉREO, HANDFREE
CONTESTADOR DE LLAMADA,
EXCELENTE DISEÑO, LIGEROS,
PRÁCTICOS
• BATERÍA INCORPORADA:
300MAH
• DURACION: 23H
• PANTALLA INTEGRADA",images/ET-A4060B.jpg,550,1.0
AD-BS15,AUDIFONO CUELLERA,ALDEEPO,18.0,"• PRODUCTO: AUDIFONO
CUELLERO DEPORTIVO
• MARCA:ALDEEPO
• CONECTIVIDAD: BLUETOOTH
INALÁMBRICA RÁPIDA Y ESTABLE
• CARACTERÍSTICAS:
CONTESTADOR DE LLAMADA,
EXCELENTE DISEÑO, LIGEROS,
PRÁCTICOS
• BATERÍA INCORPORADA:
300MAH
• BATERIA:  12-15H",images/AD-BS15.jpg,551,1.0
ET-A4059B,AUDIFONO CUELLERA,EWTTO,18.0,"• PRODUCTO: AUDIFONO
CUELLERO DEPORTIVO
• MARCA:EWTTO
• MODELO: CHUPON
• CONECTIVIDAD: BLUETOOTH
INALÁMBRICA RÁPIDA Y ESTABLE
• CARACTERÍSTICAS:  SONIDO
ESTÉREO, HANDFREE
CONTESTADOR DE LLAMADA,
EXCELENTE DISEÑO, LIGEROS,
PRÁCTICOS
• BATERÍA INCORPORADA:
3000MAH
• PANTALLA INTEGRADA",images/ET-A4059B.jpg,552,1.0
PRO-BS59,AUDIFONO,ALDEEPO,25.0,"• TIPO: AUDÍFONOS
DEPORTIVOS
INALÁMBRICOS TIPO
BANDA PARA EL CUELLO
• AUTONOMIA: 100H
• CARACTERÍSTICAS: A
PRUEBA DE SUDOR Y
RESISTENTES AL AGUA, E
INCLUYEN SOPORTE
PARA TARJETA TF.",images/PRO-BS59.jpg,553,1.0
,FLEX SUPER 2 AUDIFONO CUELLERA,MOVISUN,45.0,"• PRODUCTO: AUDIFONO
CUELLERO DEPORTIVO
• MARCA:MOVISUN
• CONECTIVIDAD: BLUETOOTH
INALÁMBRICA RÁPIDA Y ESTABLE
• CARACTERÍSTICAS:  SONIDO
ESTÉREO, CONTESTADOR DE
LLAMADA, EXCELENTE DISEÑO,
LIGEROS, PRÁCTICOS
• BATERÍA INCORPORADA:
500MAH
• INCLUYE: PANTALLA LED, CABLE
DE CARGA",images/page_554_product_001.jpg,554,0.85
,FLEX 4 AUDIFONO CUELLERA,MOVISUN,48.0,"• PRODUCTO: AUDIFONO
CUELLERO DEPORTIVO
• MARCA:MOVISUN
• MODELO: CHUPON
• CONECTIVIDAD: BLUETOOTH
INALÁMBRICA RÁPIDA Y ESTABLE
• CARACTERÍSTICAS:  SONIDO
ESTÉREO, CONTESTADOR DE
LLAMADA, EXCELENTE DISEÑO,
LIGEROS, PRÁCTICOS
• BATERÍA INCORPORADA:
300MAH
• INCLUYE: CHUPONES DE
CAMBIO, CABLE DE CARGA",images/page_555_product_001.jpg,555,0.85
,FLEX SUPER 4 AUDIFONO CUELLERA,MOVISUN,60.0,"• PRODUCTO: AUDIFONO
CUELLERO DEPORTIVO
• MARCA:MOVISUN
• CONECTIVIDAD: BLUETOOTH
INALÁMBRICA RÁPIDA Y ESTABLE
• CARACTERÍSTICAS:  SONIDO
ESTÉREO, CONTESTADOR DE
LLAMADA, EXCELENTE DISEÑO,
LIGEROS, PRÁCTICOS
• BATERÍA INCORPORADA:
800MAH
• INCLUYE: CABLE DE CARGA Y
CHUPONES DE CAMBIO, FORRO
PROTECTOR",images/page_556_product_001.jpg,556,0.85
,"150060 LENTES CON 
BLUETOOTH",,15.0,"• LENTES POLARIZADOS:
PROTECCION TOTAL CONTRA LOS
RAYOS UV
• BATERIA: LARGA DURACION
HASTA 6 HORAS
• CONECTIVIDAD BLUETOOTH
PARA ESCUCHAR MUSICA",images/page_557_product_001.jpg,557,0.75
A4932,"D- LENTES CON 
BLUETOOTH",,18.0,"• LENTES POLARIZADOS:
PROTECCION TOTAL CONTRA LOS
RAYOS UV
• BATERIA: 90 MAH
• CONECTIVIDAD BLUETOOTH 5.4V
PARA ESCUCHAR MUSICA
• INCLUYE: CABLE DE CARGA",images/A4932.jpg,558,0.9
PAG08,"LENTES CON 
BLUETOOTH",,59.0,"• LENTES POLARIZADOS:
PROTECCION TOTAL CONTRA LOS
RAYOS UV
• BATERIA: 85 MAH *2
• CONECTIVIDAD BLUETOOTH
PARA ESCUCHAR MUSICA
• INCLUYE: CABLE DE CARGA,
FORRO Y PAÑO PARA LIMPIAR LA
SUCIEDAD.",images/PAG08.jpg,559,0.9
,21029 LENTES CON CAMARA,,120.0,"• LENTES INTELIGENTES
• CAMARA 2MP
• INCLUYE ASISTENTE DE
SONIDO,GRABACION DE VIDEO,
TOMA DE FOTOGRAFIAS.
• SE CONECTAN VIA BLUETOOTH A
DISPOSITIVOS MOVILES PARA
FUNCIONES DE AUDIO Y
TRANSFERENCIA DE DATOS.
• CUENTAN CON CRISTALES
INTERCAMBIABLES, POLARIZADOS Y
TRANSPARENTES.",images/page_560_product_001.jpg,560,0.75
AIR31,AUDIFONO,,10.0,"• LLAMADAS DE ALTA DEFINICION
• LLAMADAS HD
• CHIP ORIGINAL
• COMODO DE LLEVAR
• RESISTENTE AL AGUA",images/AIR31.jpg,561,0.9
M19,AUDIFONO BLUETOOTH,,10.0,"• AUDIFONO INALAMBRICO
• MODELO CHUPON
• PANTALLA INDICADOR DE NIVEL DE
CARGA
• CABLE DE CARGA",images/M19.jpg,562,0.9
,PRO6 AUDIFONO,,10.0,"• PRODUCTO: AUDÍFONO
• CONEXIÓN:
INALÁMBRICO
• BLUETOOTH
• INCLUYE: CABLE DE
CARGA",images/page_563_product_001.jpg,563,0.75
,"E6S AUDIFONO 
BLUETOOTH",,10.0,"• PRODUCTO: AUDÍFONO
• CONEXIÓN: INALÁMBRICO
• MODELO: CHUPON
• CARACTERÍSTICAS: PANTALLA
INDICADOR DE NIVEL DE
CARGA
• INCLUYE: CABLE DE CARGA
• COLOR: NEGRO",images/page_564_product_001.jpg,564,0.75
X15,AUDIFONO BLUETOOTH,,9.0,"• AUDIFONO INALAMBRICO
BLUETOOTH
• MODELO BASS
• PANTALLA INDICA NIVEL DE CARGA
• CABLE DE CARGA TIPO C",images/X15.jpg,565,0.9
,PRO5S AUDIFONO INALAMBRICO,,10.0,"• AUDIFONO INALAMBRICO
• INCLUYE ESTUCHE DE CARGA Y
CABLE DE CARGA
• CUENTA CON BLUETOOTH Y
MICROFONO INCORPORADO
• DURACION APROX 5H",images/page_566_product_001.jpg,566,0.75
M90,PRO AUDIFONO,,10.0,"• PRODUCTO: AUDÍFONO
• CONEXIÓN: INALÁMBRICO
• MODELO: CHUPON
• CARACTERÍSTICAS: PANTALLA
INDICADOR DE NIVEL DE
CARGA
• ILUMINACIÓN : RGB
• INCLUYE: CABLE DE CARGA
• COLOR: NEGRO",images/M90.jpg,567,0.9
,PRO9 PLUS AUDIFONO BLUETOOTH,,12.0,"• AUDIFONO INALAMBRICO
BLUETOOTH
• MODELO BASS
• CABLE DE CARGA LIGHTNING",images/page_568_product_001.jpg,568,0.75
A4920,D- AUDIFONO DEMGEL,,14.0,"•
PRODUCTO: AUDÍFONO
DEMGEL
• SONIDO: ALTA CALIDAD DE
AUDIO
• CARACTERÍSTICAS:
CONTESTADOR DE LLAMADA,
REGULAR DE
VOLUMEN,PANTALLA
INDICADOR BATERIA
• INCLUYE: CABLE DE CARGA Y
UNA TIRA.
• COLORES : BLANCO
• HORAS: 14 H",images/A4920.jpg,569,0.9
ET-A4214BW,AUDIFONO,EWTTO,15.0,"•
PRODUCTO: AUDÍFONO
INALÁMBRICO BLUETOOTH
• MODELO : BASS
• BATERÍA AURIULAR: 28 MAH
• BATERIA ESTUCHE : 200 MAH
• SONIDO: ALTA CALIDAD DE
AUDIIO
• CARACTERÍSTICAS: HANDFREE
CONTESTADOR DE LLAMADA,
REGULAR DE VOLUMEN
• INCLUYE: PANTALLA INDICADORA
DE CARGA, CABLE DE CARGA
• COLORES : BLANCO Y NEGRO
• HORAS: 12 H",images/ET-A4214BW.jpg,570,1.0
ET-A4084BW,AUDIFONO,EWTTO,15.0,"•
PRODUCTO: AUDÍFONO
INALÁMBRICO BLUETOOTH
• MODELO : BASS
• SONIDO: ALTA CALIDAD DE
AUDIIO
• CARACTERÍSTICAS: CONTESTADOR
DE LLAMADA, REGULAR DE
VOLUMEN
• INCLUYE: CABLE DE CARGA
• COLORES : NEGRO
• HORAS: 12 H",images/ET-A4084BW.jpg,571,1.0
ET-A4085BW,"AUDIFONO 
INALAMBRICO",,15.0,"• PRODUCTO: AUDÍFONO
INALÁMBRICO
• CONEXIÓN: BLUETOOTH 6.0
• DISTANCIA: 10M
• MODELO: CHUPON
• BATERÍA: 180MAH
• INCLUYE: CABLE DE CARGA
• COLOR: NEGRO",images/ET-A4085BW.jpg,572,0.9
AD-TW650,AUDIFONO,ALDEEPO,15.0,"• PRODUCTO AUDÍFONOS
INALAMBRICOS.
• BATERIA: 300MAH
• CUENTAN CON TECNOLOGÍA
BLUETOOTH Y UN DISEÑO ""TRUE
WIRELESS"" DE TIPO ABIERTO
(OWS).
• INCLUYEN TECNOLOGÍA ""SUPER
BASS"" PARA GRAVES PROFUNDOS
Y CANCELACIÓN ACTIVA DE RUIDO
• CABLE CARGADOR TIPO C",images/AD-TW650.jpg,573,1.0
ET-A4010BW,AUDIFONO,EWTTO,15.0,"• PRODUCTO: AUDÍFONO
INALAMBRICO
• HASTA 10 HORAS DE
REPRODUCCION
• BLUETOOTH V5.3
• CABLE TIPO C",images/ET-A4010BW.jpg,574,1.0
ET-A4336BW,AUDIFONO,EWTTO,15.0,"• PRODUCTO: AUDÍFONO
INALAMBRICO
• HASTA 10 HORAS DE
REPRODUCCION
• BLUETOOTH V5.3
• CABLE TIPO C",images/ET-A4336BW.jpg,575,1.0
ET-A4026BW,AUDIFONO,EWTTO,15.0,"• PRODUCTO: AUDÍFONO
INALAMBRICO
• HASTA 15 HORAS DE
REPRODUCCION
• BLUETOOTH V5.3
• CABLE TIPO C",images/ET-A4026BW.jpg,576,1.0
ET-A4029BW,AUDIFONO,EWTTO,15.0,"• AUDIFONO INALAMBRICO
• CONECTIVIDAD: BLUETOOTH
VERSION 5.4
• AUTONOMIA: HASTA 10H DE
REPRODUCCION
• ACCESORIOS: INCLUYE CAMBIO
DE ALMOADILLAS, CABLE DE
CARGA TIPO C",images/ET-A4029BW.jpg,577,1.0
ET-A4288BW,AUDIFONO,EWTTO,16.0,"• AUDIFONOS INALAMBRICOS
• CONECTIVIDAD: UTILIZAN
TECNOLOGÍA BLUETOOTH
VERSIÓN 6.0.
• BATERÍA: OFRECEN HASTA 12
HORAS DE REPRODUCCIÓN
TOTAL.
• DISEÑO: SON AURICULARES
INALÁMBRICOS TIPO IN-
EAR CON ESTUCHE DE CARGA.",images/ET-A4288BW.jpg,578,1.0
A4905,D- AUDIFONO DEMGEL,,16.0,"• AUTONOMÍA: OFRECEN HASTA 12
HORAS DE REPRODUCCIÓN
CONTINUA
• DISEÑO: CUENTA CON UN DISEÑO
CÓMODO PARA EL OÍDO (CÓMODO
DE LLEVAR).
• CONECTIVIDAD: INALÁMBRICOS
(BLUETOOTH).
• COMPONENTES: INCLUYE LOS
AURICULARES, ESTUCHE DE CARGA
Y CABLE USB.",images/A4905.jpg,579,0.9
ET-A4287BW,AUDIFONO,EWTTO,16.0,"• AUDIFONOS INALAMBRICOS
• CONECTIVIDAD: TECNOLOGÍA
BLUETOOTH.
• BATERÍA: OFRECEN HASTA 20
HORAS DE REPRODUCCIÓN TOTAL.
• ACCESORIOS: INCLUYEN UN
ESTUCHE DE CARGA Y UN CABLE
USB.
• DISEÑO: AURICULARES TIPO IN-
EAR EN COLOR NEGRO.",images/ET-A4287BW.jpg,580,1.0
ET-A4023BW,AUDIFONO,EWTTO,16.0,"• PRODUCTO: AUDÍFONO
INALAMBRICO
• HASTA 15 HORAS DE
REPRODUCCION
• BLUETOOTH V5.3
• CABLE TIPO C",images/ET-A4023BW.jpg,581,1.0
A4923,D- AUDIFONO DEMGEL,,16.0,"•
PRODUCTO: AUDÍFONO
DEMGEL
• SONIDO: ALTA CALIDAD DE
AUDIO
• CARACTERÍSTICAS:
CONTESTADOR DE LLAMADA,
REGULAR DE
VOLUMEN,PANTALLA
INDICADOR BATERIA
• INCLUYE: CABLE DE CARGA
• COLORES : BLANCO
• HORAS: 14 H",images/A4923.jpg,582,0.9
ET-A4334BW,AUDIFONO,EWTTO,16.0,"•
PRODUCTO: AUDÍFONO
INALÁMBRICO BLUETOOTH
• MODELO :BASS
• BATERÍA ESTUCHE: 200MAH
• BATERIA AURICULAR: 30 MAH
• SONIDO: ALTA CALIDAD DE AUDIO
• CARACTERÍSTICAS: HANDFREE
CONTESTADOR DE LLAMADA,
REGULAR DE VOLUMEN
• HORAS: 12H",images/ET-A4334BW.jpg,583,1.0
,AUDIFONO HELIX LUCID GLOWBEATS ETHTWSLED,,16.0,"• DISEÑO: ESTUCHE TRANSPARENTE
CON ILUMINACIÓN LED RGB.
• BATERÍA: OFRECEN HASTA 15 HORAS
DE REPRODUCCIÓN TOTAL.
• CARGA: UTILIZAN PUERTO TIPO C.
• FUNCIONALIDADES: CUENTAN CON
CONTROL TÁCTIL INTELIGENTE Y
CANCELACIÓN DE RUIDO ENC PARA
LLAMADAS.",images/page_584_product_001.jpg,584,0.75
ET-A4246BW,AUDIFONO,EWTTO,16.0,"• PRODUCTO: AUDIFONO
• CARACTERÍSTICAS:
REGULAR DE VOLUMEN
• ALTA CALIDAD DE AUDIO
(EXTRA BASS)
• DURACIÓN DE BATERÍA:
12H
• INCLUYE: ACCESORIOS
CHUPÓN, CABLE DE
CARGA
• COLORES : BLANCO Y
NEGRO",images/ET-A4246BW.jpg,585,1.0
,BKATWSCB AUDIFONO BROOKSTONE BIGBLUE PRO,,16.0,"• PANTALLA LCD INVISIBLE: ESTUCHE
DE CARGA INCLUYE PANTALLA
• CARGA RAPIDA: FUNCION DE CRAGA
RAPIDA DONDE 15MIN
PROPORCIONA APRX 2H DE USO
• ESTUCHE INALAMBRICO
• INCLUYE CABLE DE CARGA TIPO C",images/page_586_product_001.jpg,586,0.75
A4916,D- AUDIFONO DEMGEL,,16.0,"• AUTONOMÍA: OFRECEN HASTA 14
HORAS DE REPRODUCCIÓN
CONTINUA
• DISEÑO: CUENTA CON UN DISEÑO
CÓMODO PARA EL OÍDO (CÓMODO
DE LLEVAR).
• CONECTIVIDAD: INALÁMBRICOS
(BLUETOOTH).
• COMPONENTES: INCLUYE LOS
AURICULARES, ESTUCHE DE CARGA
Y CABLE USB.",images/A4916.jpg,587,0.9
,ETHTWANCBUE AUDIFONO HELIX AZUL TRUE WIRELESS,,16.0,"• AUDIO: TECNOLOGIA HD MEJORADA
• BATERIA: HASTA 20H DE
REPRODUCCION
• CONTROLES TACTILES PARA
GESTIONAR MUSICA Y LLAMADAS
• INCLUYE CABLE DE CARGA TIPO C
• COLOR: AZUL",images/page_588_product_001.jpg,588,0.75
AD-TW630,AUDIFONO,ALDEEPO,17.0,"• PRODUCTO AUDÍFONOS
INALAMBRICOS.
• CUENTAN CON TECNOLOGÍA
BLUETOOTH Y UN DISEÑO ""TRUE
WIRELESS"" DE TIPO ABIERTO
(OWS).
• INCLUYEN TECNOLOGÍA ""SUPER
BASS"" PARA GRAVES PROFUNDOS
Y CANCELACIÓN ACTIVA DE RUIDO
• HASTA 24H DE USO
• CABLE CARGADOR TIPO C",images/AD-TW630.jpg,589,1.0
AD-TW08,AUDIFONO,ALDEEPO,17.0,"• PRODUCTO AUDÍFONOS
INALAMBRICOS.
• BATERIA: 300MAH
• CUENTAN CON TECNOLOGÍA
BLUETOOTH Y UN DISEÑO ""TRUE
WIRELESS"" DE TIPO ABIERTO
(OWS).
• INCLUYEN TECNOLOGÍA ""SUPER
BASS"" PARA GRAVES PROFUNDOS
Y CANCELACIÓN ACTIVA DE RUIDO
• CABLE CARGADOR TIPO C",images/AD-TW08.jpg,590,1.0
ET-A4306BW,AUDIFONO,EWTTO,17.0,"•
PRODUCTO: AUDÍFONO
INALÁMBRICO BLUETOOTH
• MODELO : CHUPÓN
• BATERIA DE AURICULAR: 25MAH
• BATERÍA ESTUCHE: 200MAH
• SONIDO: ALTA CALIDAD DE AUDIO
• CARACTERÍSTICAS: HANDFREE
CONTESTADOR DE LLAMADA,
REGULAR DE VOLUMEN
• INCLUYE: ACCESORIOS CHUPÓN,
CABLE DE CARGA
• COLORES : BLANCO Y NEGRO
• HORAS: 12 H",images/ET-A4306BW.jpg,591,1.0
ET-A4304BW,AUDIFONO,EWTTO,18.0,"•
PRODUCTO: AUDÍFONO
INALÁMBRICO BLUETOOTH
• MODELO : CHUPON
• BATERÍA ESTUCHE: 180 MAH
• SONIDO: ALTA CALIDAD DE
AUDIO
• CARACTERÍSTICAS: HANDFREE
CONTESTADOR DE LLAMADA,
REGULAR DE
VOLUMEN,PANTALLA
INDICADOR
• INCLUYE:CABLE DE CARGA
• COLORES : BLANCO Y NEGRO
• HORAS: 12 H",images/ET-A4304BW.jpg,592,1.0
AD-TW10,AUDIFONO,ALDEEPO,18.0,"• PRODUCTO AUDÍFONOS
INALAMBRICOS.
• CUENTAN CON TECNOLOGÍA
BLUETOOTH Y UN DISEÑO ""TRUE
WIRELESS"" DE TIPO ABIERTO
(OWS).
• INCLUYEN TECNOLOGÍA ""SUPER
BASS"" PARA GRAVES PROFUNDOS
Y CANCELACIÓN ACTIVA DE RUIDO
• CABLE CARGADOR TIPO C
• BATERIA: 300MAH",images/AD-TW10.jpg,593,1.0
ET-A4312BW,AUDIFONO,EWTTO,18.0,"•
PRODUCTO: AUDÍFONO
INALÁMBRICO BLUETOOTH
• MODELO : BASS
• BATERÍA: 25MAH
• BATERIA ESTUCHE : 150MAH
• SONIDO: ALTA CALIDAD DE AUDIIO
• CARACTERÍSTICAS: HANDFREE
CONTESTADOR DE LLAMADA,
REGULAR DE VOLUMEN
• INCLUYE: CABLE DE CARGA TIPO “C”
• COLORES : BLANCO Y NEGRO
• HORAS: 12 H",images/ET-A4312BW.jpg,594,1.0
A4919,D- AUDIFONO DEMGEL,,18.0,"• AUDIFONO INALAMBRICO
BLUETOOTH OFRECEN: HASTA 15
HORAS DE REPRODUCCIÓN.
• DISEÑO: AURICULARES
INALÁMBRICOS ESTÉREO CON
ESTUCHE DE CARGA.
• ACCESORIOS: INCLUYE CABLE DE
CARGA
• VOLTAJE: FUNCIONA CON 5.3V.",images/A4919.jpg,595,0.9
A4907,D- AUDIFONO DEMGEL,,18.0,"• AUDIFONO INALAMBRICO
BLUETOOTH OFRECEN HASTA 12
HORAS DE REPRODUCCIÓN
TOTAL.
• DISEÑO CÓMODO PARA LLEVAR.
• INCLUYEN ALMOHADILLAS
INTERCAMBIABLES DE DISTINTOS
TAMAÑOS.
• CUENTA CON UN ESTUCHE DE
CARGA Y CABLE USB.",images/A4907.jpg,596,0.9
A4906,D- AUDIFONO DEMGEL,,18.0,"• AUDIFONO INALAMBRICO
BLUETOOTH OFRECEN: HASTA 12
HORAS DE REPRODUCCIÓN.
• DISEÑO: AURICULARES
INALÁMBRICOS ESTÉREO CON
ESTUCHE DE CARGA.
• ACCESORIOS: INCLUYE CABLE DE
CARGA Y ALMOHADILLAS DE
REPUESTO.
• VOLTAJE: FUNCIONA CON 5.4V.",images/A4906.jpg,597,0.9
ET-A4301BW,AUDIFONO,EWTTO,19.0,"•
PRODUCTO: AUDÍFONO
INALÁMBRICO BLUETOOTH
• MODELO : BASS
• BATERÍA ESTUCHE: 250MAH
• SONIDO: ALTA CALIDAD DE
AUDIO
• CARACTERÍSTICAS: HANDFREE
CONTESTADOR DE LLAMADA,
REGULAR DE
VOLUMEN,PANTALLA INDICADOR
• INCLUYE: CABLE DE CARGA
• COLORES : BLANCO Y NEGRO
• HORAS: 16 H",images/ET-A4301BW.jpg,598,1.0
ET-A4608BW,AUDIFONO,EWTTO,19.0,"•
PRODUCTO: AUDÍFONO NAVE
• MODELO : BASS
• SONIDO: ALTA CALIDAD DE
AUDIO
• CARACTERÍSTICAS: HANDFREE
CONTESTADOR DE LLAMADA,
REGULAR DE
VOLUMEN,PANTALLA
INDICADOR
• INCLUYE: CABLE DE CARGA
• COLORES : BLANCO Y NEGRO
• HORAS: 12 H",images/ET-A4608BW.jpg,599,1.0
ET-A4213BW,AUDIFONO,EWTTO,19.0,"• PRODUCTO: AUDÍFONO
INALAMBRICO ESTÉREO
• CONECTIVIDAD:
BLUETOOTH
• MODELO BASS
• SONIDO DE ALTA CALIDAD
• INCLUYE: CABLE DE CARGA
TIPO C
• COLOR: NEGRO",images/ET-A4213BW.jpg,600,1.0
ET-A4076BW,AUDIFONO,EWTTO,20.0,"•
PRODUCTO: AUDÍFONO
INALÁMBRICO BLUETOOTH
• BATERÍA ESTUCHE: 200MAH
• BATERIA AURICULAR: 25 MAH
• SONIDO: ALTA CALIDAD DE
AUDIO
• CARACTERÍSTICAS: HANDFREE
CONTESTADOR DE LLAMADA,
REGULAR DE VOLUMEN
• HORAS: 15 H
• CABLE CARGADOR TIPO C",images/ET-A4076BW.jpg,601,1.0
A4917,D- AUDIFONO DEMGEL,,20.0,"• PRODUCTO: AUDIFONO
INALAMBRICO
• FUNCIONES: BLUETOOTH
• DURACIÓN: 14H
• INCLUYE: CABLE DE CARGA TIPO
C",images/A4917.jpg,602,0.9
A4931,D- AUDIFONO DEMGEL,,20.0,"• AUDIFONO INALAMBRICO
• BLUETOOTH 5.3V
• DISEÑO: CUENTA CON UN DISEÑO
CÓMODO PARA EL OÍDO (CÓMODO
DE LLEVAR).
• COMPONENTES: INCLUYE LOS
AURICULARES, ESTUCHE DE CARGA
,CABLE USB Y CHUPONES DE
CAMBIO.",images/A4931.jpg,603,0.9
ET-A4282BW,AUDIFONO,EWTTO,20.0,"• PRODUCTO: AUDIFONO
INALAMBRICO
• FUNCIONES: BLUETOOTH
• MODELO BASS
• DURACIÓN: 15H
• INCLUYE: CABLE DE CARGA TIPO
C, 4 ACCESORIOS DE CHUPÓN
• COLOR : NEGRO Y BLANCO",images/ET-A4282BW.jpg,604,1.0
ET-A4062BW,AUDIFONO,EWTTO,20.0,"•
PRODUCTO: AUDÍFONO EWTTO
• SONIDO: ALTA CALIDAD DE
AUDIO
• CARACTERÍSTICAS:
CONTESTADOR DE LLAMADA,
REGULAR DE
VOLUMEN,PANTALLA
INDICADOR
• INCLUYE: CABLE DE CARGA
• COLORES : NEGRO
• HORAS: 12 H",images/ET-A4062BW.jpg,605,1.0
A4930,D- AUDIFONO DEMGEL,,20.0,"• AUDIFONO INALAMBRICO
• BLUETOOTH 5.3V
• DISEÑO: CUENTA CON UN DISEÑO
CÓMODO PARA EL OÍDO (CÓMODO
DE LLEVAR).
• COMPONENTES: INCLUYE LOS
AURICULARES, ESTUCHE DE CARGA
,CABLE USB Y CHUPONES DE
CAMBIO.",images/A4930.jpg,606,0.9
ET-A4624BW-D,AUDIFONO,EWTTO,22.0,"• PRODUCTO: AUDÍFONO
INALAMBRICO
• DISEÑO:  PATITO
• MODELO:CHUPON
• CARACTERÍSTICAS: CARAS
CAMBIABLES DE PATITO
• INCLUYE: CABLE DE CARGA
TIPO C, TIRANTE PARA
LLAVERO
• COLOR: AMARILLO",images/ET-A4624BW-D.jpg,607,1.0
ET-A4249BW,AUDÍFONO,EWTTO,22.0,"• PRODUCTO: AUDIFONO
INALÁMBRICO
• CONECTIVIDAD: BLUETOOTH,
TWS
• MODELO:CHUPON
• CARACTERISTICAS: PANTALLA
INDICADOR DE CARGA
• ACCESORIOS: CABLE DE CARGA
TIPO C, TIRANTE DE PECHO
• HORAS: 20 H DE REPRODUCCIÓN
• COLORES: BLANCO Y NEGRO",images/ET-A4249BW.jpg,608,1.0
LK-E179,AUDIFONO LINK,MAX,24.0,"• AUDIFONO INALAMBRICO
• MODELO:  CHUPÓN
• CABLE DE CARGA TIPOC
• SONIDO:  DE ALTA CALIDAD,SONIDOS
GRAVES Y SUBWOOFER POTENTES
• REPRODUCCIÓN: 5-7 HORAS
• BATERÍA DE ESTUCHE: 300MAH",images/LK-E179.jpg,609,1.0
,MAGIC 9 ULTRA AUDIFONO ALENUR,,24.0,"• AUDIFONO INALAMBRICO
• MODELO:  CHUPÓN
• ESTUCHE DE CARGA INCLUYE
PANTALLA LED
• CONECTIVIDAD: BLUETOOTH
• INCLUYEN FUNCIONES TACTILES
PARA PAUSAR, REPRODUCIR O
CONTESTAR LLAMADAS
• INCLUYE CABLE DE CARGA TIPO C",images/page_610_product_001.jpg,610,0.75
DP-199,AUDIFONO DEEP BASS,,24.0,"• AUDIFONO INALAMBRICO
• MODELO:  CHUPÓN
• CABLE DE CARGA TIPOC
• SONIDO:  DE ALTA
CALIDAD,SONIDOS GRAVES Y
SUBWOOFER POTENTES",images/DP-199.jpg,611,0.9
TWS-LK5,AUDIFONO LINK,MAX,25.0,"• PRODUCTO: AUDÍFONO
INALAMBRICO
• MODELO: CHUPON ESTÉREO
• CONECTIVIDAD:  BLUETOOTH
• MODELO BASS
• SONIDO DE ALTA CALIDAD
• INCLUYE: CABLE DE CARGA
TIPO C,ACCESORIOS
CHUPÓN,TIRANTE
• COLOR: BLANCO",images/TWS-LK5.jpg,612,1.0
PRO-TW96,AUDIFONO,ALDEEPO,25.0,"• TIPO: AUDÍFONOS
DEPORTIVOS
INALÁMBRICOS
• DURACION HASTA 24HRS
• INCLUYE CABLE DE CARGA Y
ESTUCHE DE AUDIFONOS
CON PANTALLA INDICADOR
DE BATERIA",images/PRO-TW96.jpg,613,1.0
TCA0351,AUDIFONO RO,MAX,28.0,"• PRODUCTO: AUDÍFONOS
INALAMBRICOS
• CONEXIÓN 5.4
• REDUCCION DE RUIDO
• INCLUYE: CABLE DE CARGA
TIPO C Y CHUPONES DE
REPUESTO
• COLOR: NEGRO",images/TCA0351.jpg,614,1.0
A4904,D- AUDIFONO DEMGEL,,28.0,"• PRODUCTO 2 AUDÍFONOS
INALAMBRICOS
• CONEXIÓN 5.4
• AUTONOMIA: 12H CADA
AUDIFONO
• REDUCCION DE RUIDO
• INCLUYE: CABLE DE CARGA
TIPO C
• COLOR: NEGRO 2",images/A4904.jpg,615,0.9
AD-TW720,AUDIFONO,ALDEEPO,28.0,"• PRODUCTO AUDÍFONOS
INALAMBRICOS.
• CUENTAN CON TECNOLOGÍA
BLUETOOTH Y UN DISEÑO ""TRUE
WIRELESS"" DE TIPO ABIERTO
(OWS).
• INCLUYEN TECNOLOGÍA ""SUPER
BASS"" PARA GRAVES PROFUNDOS
Y CANCELACIÓN ACTIVA DE RUIDO
• HASTA 24H DE USO",images/AD-TW720.jpg,616,1.0
Q200,AUDIFONO MICCELL,,28.0,"• AUDIFONOS INALAMBRICOS
• CONECTIVIDAD: TECNOLOGÍA
BLUETOOTH 5.3
• CUENTA CON TECNOLOGIA TRUE
WIRELESS Y MICROFONO
INCORPORADO.
• TIENE CANCELACION DE RUIDO
(ANC)
• ACCESORIOS: INCLUYEN UN
ESTUCHE DE CARGA Y UN CABLE
USB.",images/Q200.jpg,617,0.9
ET-A4247BW,AUDIFONO BLUETOOTH,EWTTO,29.0,"• AUDIFONO INALAMBRICO
BLUETOOTH EWTTO
• MODELO BASS
• CABLE DE CARGA TIPO C
• HASTA 18 HORAS DE
REPRODUCCION",images/ET-A4247BW.jpg,618,1.0
T18,AUDIFONO MOVISUN,,30.0,"•
PRODUCTO: AUDIFONO
•
ENTRADA  DE CARGA TIPO C
•
BATERIA: 300MAH
•
TIEMPO DE REPRODUCCION: 4.H
•
INCLUYE: CABLE CARGADOR,
FORRO Y CHUPONES DE
CAMBIO.",images/T18.jpg,619,0.9
BT22,AUDIFONO SUPER,,30.0,"• PRODUCTO: AUDÍFONO
INALAMBRICO SONIDO ESTEREO
• DISEÑO:  VARIADOS
• MODELO: CHUPON
• CARACTERÍSTICAS: CARAS
CAMBIABLES DE ANIMALES
• INCLUYE: CABLE DE CARGA TIPO C,
TIRANTE PARA LLAVERO,
ALMOHADILLAS INTERCAMBIABLES
• 7 DISEÑOS DISPONIBLES
• DURACIÓN: 4-5 HORAS DE
REPRODUCCION",images/BT22.jpg,620,0.9
T23,AUDIFONO MOVISUN,,30.0,"• ESTUCHE DE CARGA
• BATERIA: 300 MAH
• INCLUYE CABLE DE CARGA TIPO C,
FUNDA PROCTECTORA Y CHUPONES
DE CAMBIO",images/T23.jpg,621,0.9
BT03,AUDIFONO SUPER,,32.0,"• PRODUCTO: AUDIFONO
INALÁMBRICO
• CONECTIVIDAD: BLUETOOTH
• CARACTERISTICAS:
TRADUCTOR , CANCELACION
DE RUIDO
• MODELO: CHUPON
• INCLUYE: CABLE DE CARGA
TIPO C
• COLOR: NEGRO",images/BT03.jpg,622,0.9
BT02,AUDIFONO SUPER,,32.0,"• PRODUCTO: AUDIFONO
INALÁMBRICO
• CONECTIVIDAD: BLUETOOTH
• CARACTERÍSTICAS:
TRADUCTOR , CANCELACION
DE RUIDO, MICRÓFONO
INCORPORADO
• MODELO: CHUPON
• INCLUYE: CABLE DE CARGA
TIPO C
• COLOR: NEGRO",images/BT02.jpg,623,0.9
BH20,AUDIFONO MICCELL DISEÑO,,32.0,"• PRODUCTO: AUDIFONO
INALÁMBRICO
• BLUETOOTH 5.3 PARA LA
CONEXIÓN INALÁMBRICA.
• OFRECEN UN ALCANCE DE
HASTA 10 METROS
• BATERÍA DE HASTA 5 HORAS.
• CUENTAN CON CONTROLES
TÁCTILES PARA FACILITAR SU
USO.",images/BH20.jpg,624,0.9
DE-A797,AUDIFONO DEXBO,,35.0,"• AUDIFONOS INALAMBRICOS
• TECNOLOGÍA BLUETOOTH
• DISTANCIA DE TRANSMISION: 10M
• DURACION BATERIA: 5H APROX
• ESTUCHE DE CARGA
• PANTALLA LED
• INCLUYE : ALMOHADILLAS DE
CAMBIO , CABLE DE CARGA TIPO C",images/DE-A797.jpg,625,0.9
BT23,AUDIFONO INALAMBRICO SUPER,,35.0,"• PRODUCTO: AUDÍFONO
INÁLAMBRICO
• TECNOLOGÍA: CONECTIVIDAD
BLUETOOTH 5.4 Y FUNCIONES DE
ASISTENTE DE VOZ
• BATERÍA: HASTA 24 HORAS DE
AUTONOMÍA
• EXTRAS: INCLUYEN MICRÓFONO
INTEGRADO Y ESTUCHE DE CARGA
USB-C.",images/BT23.jpg,626,0.9
T19,AUDIFONO MOVISUN,,35.0,"•
PRODUCTO: AUDIFONO
•
ENTRADA  DE CARGA TIPO C
•
BATERIA: 250MAH
•
TIEMPO DE REPRODUCCION: 4.H
•
INCLUYE: CABLE CARGADOR,
ESTUCHE PROTECTOR.
•
COLORES:BLANCO Y NEGRO.",images/T19.jpg,627,0.9
TCA0365,AUDIFONO OWS RO,MAX,35.0,"• PRODUCTO: AUDÍFONO
INÁLAMBRICO
• MARCA: ROMAX
• CONECTIVIDAD:  BLUETOOTH 6.0
• CAPACIDAD DE BATERIA:
350MAH
• DISTANCIA DE CONEXIÓN: 10M
• CONTROL TACTIL
• INCLUYE: CABLE CARGADOR
TIPO C",images/TCA0365.jpg,628,1.0
BT34,AUDIFONO SUPER,,35.0,"• PRODUCTO: AUDIFONO
INALAMBRICO DE CONDUCICION
OSEA.
• CONECTIVIDAD: BLUETOOTH
• DISMINUYE EL RUIDO EN
LLAMADAS, ASISTENTE DE VOZ,A
PRUEBA DE AGUA
• INCLUYE: CABLE DE CARGA TIPO
C
• COLOR: NEGRO",images/BT34.jpg,629,0.9
AD-TW710,AUDIFONO,ALDEEPO,30.0,"• PRODUCTO: AUDIFONO
INALAMBRICO DE CONDUCION
OSEA.
• BATERIA:200 MAH
• CONECTIVIDAD: BLUETOOTH
• DISMINUYE EL RUIDO EN
LLAMADAS, ASISTENTE DE VOZ.
• INCLUYE: CABLE DE CARGA TIPO
C
• COLOR: NEGRO",images/AD-TW710.jpg,630,1.0
,SUPERBUDS14 AUDÌFONO SUPER,,36.0,"• PRODUCTO: AURICULARES
INALÁMBRICOS
• LIGEROS Y DE ALTA CALIDAD.
• BATERÍA: 28H
• TIPO DE INTERFAZ :TIPO C
• CARACTERÍSTICAS: ENC
(DISMINUYE RUIDO EN
LLAMADAS), ASISTENTE DE
VOZ, RESISTENTE AL AGUA
• INCLUYE: CABLE DE CARGA",images/page_631_product_001.jpg,631,0.75
BH07,AUDIFONO MICCELL,,38.0,"• PRODUCTO: AUDÍFONO
INALAMBRICO
• BLUETOOH 6.0
• DISEÑO DE GANCHO QUE SE
COLOCA SOBRE LA OREJA.
• PANTALLA LED INDICADOR DE
BATERIA.
• DISEÑO AJUSTABLE IDEAL
PARA DEPORTES.
• INCLUYE ESTUCHE DE CARGA.
• COLORES: NEGRO",images/BH07.jpg,632,0.9
T22,AUDIFONO MOVISUN,,38.0,"• AUDIFONOS INALAMBRICOS
• CONECTIVIDAD: TECNOLOGÍA
BLUETOOTH 5.4
• CUENTA CON TECNOLOGIA TWS Y
MICROFONO INCORPORADO.
• BATERIA:300MAH
• ACCESORIOS: INCLUYEN UN
ESTUCHE DE CARGA, UN CABLE
CARGADOR , FUNDA PROTECTORA
Y CHUPONES DE CAMBIO",images/T22.jpg,633,0.9
BH31,AUDIFONO MICCELL,,38.0,"• PRODUCTO: AUDÍFONO
INALAMBRICO
• BLUETOOH V6.0
• DISEÑO DE GANCHO QUE SE
COLOCA SOBRE LA OREJA.
• DISEÑO AJUSTABLE IDEAL
PARA DEPORTES.
• INCLUYE ESTUCHE DE CARGA.
• COLORES: NEGRO",images/BH31.jpg,634,0.9
T21,AUDIFONO MOVISUN,,40.0,"•
PRODUCTO: AUDIFONO
•
ENTRADA  DE CARGA TIPO C
•
BATERIA DE ESTUCHE:350 MAH
•
BATERIA AURICULAR:30 MAH
•
TIEMPO DE REPRODUCCION: 5
HORAS.
•
INCLUYE: CABLE CARGADOR Y
FORRO",images/T21.jpg,635,0.9
,BUDS2PRO AUDÍFONO BLUETOOTH,,30.0,"• AUDIFONO BLUETOOTH
SAMSUMG
• MODELO CHUPON
• LARGA DURACION DE BATERIA
• ALTA CALIDAD DE SONIDO
• COLOR:BLANCO,MORADO Y
NEGRO
• CARGA INALAMBRICA",images/page_636_product_001.jpg,636,0.75
,EAR BEANS 5 AUDIFONO MOVISUN,,40.0,"•
PRODUCTO: AUDIFONO
•
ENTRADA  DE CARGA TIPO C
•
INCLUYE: CABLE CARGADOR Y
FORRO
•
CUENTA CON SUJETADORES
ANTIDESLIZANTES
INTERCAMBIABLES PARA MAYOR
SEGURIDAD",images/page_637_product_001.jpg,637,0.75
,JBL PRO5 AUDIFONO JBL,,40.0,"• PRODUCTO: AUDÍFONO
INALAMBRICO
• TECNOLOGÍA BLUETOOTH 5.4
PARA CONEXIÓN ESTABLE.
• INCLUYE ESTUCHE DE CARGA
CON INDICADOR DE
PANTALLA LED.
• CABLE DE CARGA Y CORREA",images/page_638_product_001.jpg,638,0.75
BH99,AUDIFONO MICCELL,,45.0,"•
CUENTAN CON TECNOLOGÍA DE
CANCELACIÓN DE RUIDO ACTIVA
(ANC) Y CANCELACIÓN DE RUIDO
AMBIENTAL (ENC).
•
UTILIZAN CONECTIVIDAD
BLUETOOTH 5.4 PARA UNA
CONEXIÓN ESTABLE.
•
EL ESTUCHE DE CARGA INCLUYE UNA
PANTALLA DIGITAL LED PARA
MOSTRAR EL NIVEL DE BATERÍA.
•
ESTÁN DISEÑADOS PARA OFRECER
SONIDO DE ALTA FIDELIDAD CON
BAJOS PROFUNDOS.",images/BH99.jpg,639,0.9
T13,AUDIFONO MOVISUN,,45.0,"•
PRODUCTO: AUDIFONO
•
ENTRADA  DE CARGA TIPO C
•
BATERIA DE ESTUCHE:350 MAH
•
BATERIA AURICULAR:40 MAH
•
TIEMPO DE REPRODUCCION: 6
HORAS.
•
INCLUYE: CABLE CARGADOR Y
FORRO",images/T13.jpg,640,0.9
T10,AUDIFONO  MOVISUN,,45.0,"• PRODUCTO: AUDIFONO
INALAMBRICO
• CONECTIVIDAD: BLUETOOTH
• CARACATERISTICAS: MODO
3D (SONIDO ESPACIAL),
MICRÓFONO INCORPORADO
PARA LLAMADAS, INTEGRAN
CANCELACIÓN ACTIVA DE
RUIDO (ANC).
• BATERIA: 4H
• BATERIA DE ESTUCHE:
280MAH
• DISTANCIA: 10M",images/T10.jpg,641,0.9
T15,AUDIFONO MOVISUN,,45.0,"•
PRODUCTO: AUDIFONO
•
ENTRADA  DE CARGA TIPO C
•
CUENTA CON SENSOR TACTIL Y
MICROFONO INCORPORADO.
•
INCLUYE: CABLE CARGADOR Y
ESTUCHE CON FORRO",images/T15.jpg,642,0.9
T20,AUDIFONO MOVISUN,,45.0,"•
PRODUCTO: AUDIFONO
•
ENTRADA  DE CARGA TIPO C
•
CUENTA CON FUNCION TWS
PARA UN SONIDO ESTEREO DE
ALTA CALIDAD
•
CUENTA CON DISEÑO
ERGONOMICO Y CONTROLES
TACTILES PARA GESTIONAR
LLAMADAS Y MUSICA.
•
INCLUYE: CABLE CARGADOR
,ESTUCHE Y FORRO.",images/T20.jpg,643,0.9
OWS929,AUDIFONO TWS HAVIT,,45.0,"•
PRODUCTO: AUDIFONO
CUENTAN CON UN DISEÑO
DE OÍDO ABIERTO (OPEN-EAR)
PARA MAYOR COMODIDAD
DURANTE SU USO.
•
BATERIA: 300MAH
•
OFRECEN TECNOLOGÍA
DE CANCELACIÓN DE
RUIDO PARA LLAMADAS CLARAS
•
DISPOSITIVOS INALÁMBRICOS TI
PO TRUE WIRELESS CON
ESTUCHE DE CARGA.
•
COLORES: BLANCO Y VERDE",images/OWS929.jpg,644,0.9
SZ12153,AUDÌFONO BLUETOOTH,,46.0,"• PRODUCTO: AUDIFONO
INALAMBRICO MULTIFUNCIONAL
• FUNCIONA: POWER BANK,
PANTALLA TACTIL
• TAMAÑO PANTALLA:  2.8
PULGADAS
• BATERIA: 8000MAH
• PUERTOS: 1 PUERTO  USB , 1
PUERTO TIPO C, INCORPORADO
LINTERNA
• INCLUYE: CABLE ENTRADA TIPO C
Y IPHONE",images/SZ12153.jpg,645,0.9
T17,AUDIFONO MOVISUN,,48.0,"•
PRODUCTO: AUDIFONO
•
ENTRADA  DE CARGA TIPO C
•
CUENTA CON FUNCION TWS
PARA UN SONIDO ESTEREO DE
ALTA CALIDAD
•
INCLUYE: CABLE CARGADOR Y
ESTUCHE CON FORRO",images/T17.jpg,646,0.9
OWS928,AUDIFONO TWS HAVIT,,50.0,"•
PRODUCTO: AUDIFONO
CUENTAN CON UN DISEÑO
DE OÍDO ABIERTO (OPEN-EAR)
PARA MAYOR COMODIDAD
DURANTE SU USO.
•
OFRECEN TECNOLOGÍA
DE CANCELACIÓN DE
RUIDO PARA LLAMADAS CLARAS
•
DISPOSITIVOS INALÁMBRICOS TI
PO TRUE WIRELESS CON
ESTUCHE DE CARGA.",images/OWS928.jpg,647,0.9
,LIVE BEAM 3 AUDIFONO JBL INALAMBRICO,,50.0,"• AUDIFONO INALAMBRICO
• MODELO CHUPON
• PANTALLATACTIL DE 1.45
PULGADAS, PARA CONTGROLAR
VOLUMEN,Y LLAMADAS SIN USAR
EL CELULAR.
• CABLE DE CARGA",images/page_648_product_001.jpg,648,0.75
EW-A444BW,AUDIFONO,EWTTO,55.0,"• PRODUCTO: AUDÍFONO
INALÁMBRICO
• FUNCIONES:  BLUETOOTH 5.3
• CAPACIDAD DE BATERIA C/U:
30MAH
• TIEMPO DE REPRODUCCIÓN:
20H
• MODELO: BASS
• ILUMIACIÓN RÍTMICA RGB
• INCLUYE: CABLE DE CARGA
TIPO C",images/EW-A444BW.jpg,649,1.0
BH15,AUDIFONO MICCELL,,55.0,"•
PRODUCTO: AUDIFONO
•
PANTALLA CON INDICADOR DE
BATERIA
•
SONIDO DE CALIDAD HI-FI.
•
CUENTA CON CANCELACION DE
RUIDO ANC+ENC Y TRADUCCION
POR IA.
•
ENTRADA  DE CARGA TIPO C
•
INCLUYE: CABLE CARGADOR",images/BH15.jpg,650,0.9
,EARBOX SUPER AUDIFONO MOVISUN,,55.0,"•
PRODUCTO: AUDIFONO
•
ENTRADA  DE CARGA TIPO C
•
BATERIA: 1800MAH
•
TIEMPO DE REPRODUCCION:
4.5H
•
PANTALLA LED
•
INCLUYE: CABLE CARGADOR Y
FORRO",images/page_651_product_001.jpg,651,0.75
,EARBOX BUDS 3 AUDIFONO MOVISUN,,60.0,"• PRODUCTO: AUDIFONO
INALÁMBRICO
• CONECTIVIDAD: BLUETOOTH
• CARACTERÍSTICAS:
CANCELACION DE RUIDO,
MICRÓFONO INCORPORADO
• MODELO: CHUPON
• INCLUYE: CABLE DE CARGA TIPO
C, FUNDA
• COLOR: NEGRO",images/page_652_product_001.jpg,652,0.75
,AIRPODS PRO3 AUDIFONO IPHONE 3ERA GENERACION,,55.0,"• AUDIFONO INALAMBRICO
MODELO AIRPODS PRO
• MODELO CHUPON
• DOBLE CANCELACION DE RUIDO
• COMPATIBLE Y RECONOCIBLE
CON CELULARES APPLE
• RECONOCIMIENTO AUTOMÁTICO
• ALTA CALIDAD DE SONIDO
• LARGA DURACION DE BATERIA
• PUERTO DE CARGA TIPO C",images/page_653_product_001.jpg,653,0.75
OWS915,AUDIFONO TWS HAVIT,,70.0,"• DISEÑO: OPEN-EAR
• CONECTIVIDAD: BLUETOOTH 5.4
PARA UNA CONEXIÓN ESTABLE.
• BATERÍA: HASTA 64 HORAS DE
REPRODUCCIÓN
• FUNCIONES: RESISTENCIA AL
AGUA IPX5",images/OWS915.jpg,654,0.9
P47,AUDIFONO VINCHA,,9.0,"• PRODUCTO: AUDIFONO
• MODELO: VINCHA
• FUNCIONES: BLUETOOTH,
LECTOR DE MEMORIA,
ENTRADA AUXILIAR,TF
CARD,FM,MP3 PLAYER
• HORAS: 15H
• INCLUYE: CABLE DE CARGA
• COLORES:
NEGRO,VERDE,ROJO,AZÚL Y
BLANCO",images/P47.jpg,655,0.9
P47M,AUDIFONO VINCHA,,10.0,"• PRODUCTO: AUDÍFONO VINCHA
• MODELO : GATITO
• CONEXIÓN: RECARGABLE
• FUNCIONES: BLUETOOTH,
CARACTERÍSTICAS: ENTRADA
AUXILIAR, CABLE DE CARGA
• MATERIAL: PLÁSTICO
COMBINADOS CON GEL O GOMA
• ILUMINACION LED: RGB
• COLORES: AZÚL,ROSADO Y
NEGRO",images/P47M.jpg,656,0.9
,P9 AUDIFONO VINCHA,,10.0,"• PRODUCTO: AUDÍFONO
VINCHA
• CONEXIÓN: RECARGABLE
• FUNCIONES: BLUETOOTH,
LECTOR DE MEMORIA
• MODELO: IPHONE
• COLORES:
ROSADO,AZUL,VERDE,GRIS Y
NEGRO",images/page_657_product_001.jpg,657,0.75
STN-28,AUDIFONO GATO,,15.0,"• PRODUCTO: AUDIFONO
CAT VINCHA
• CARACTERISTICAS:
ALMOHADILLA
ACOLCHONADA,GAMER
• DISTANCIA DE
TRANSMISIÓN: 10 M
• INCLUYE: CABLE
AUXILIAR
• COLORES:
NEGRO,AZÚL,MORADO,
ROSADO Y VERDE",images/STN-28.jpg,658,0.9
,BKAKHPRB AUDIFONO BROOKSTONE PURE JAMS,,16.0,"• INALÁMBRICOS: BLUETOOTH
• SEGUROS PARA NIÑOS: DISEÑADOS
ESPECÍFICAMENTE PARA UN USO
INFANTIL SEGURO.
• DURACIÓN DE BATERÍA: OFRECEN
HASTA 8 HORAS
• CONEXIÓN POR CABLE: INCLUYEN
UN CONECTOR DE AUDIO DE 3.5MM
• DISEÑO: LIGEROS Y PLEGABLES",images/page_659_product_001.jpg,659,0.75
AD-HB19,AUDIFONO,ALDEEPO,20.0,"• AUDIFONO MODELO VINCHA
• CONECTIVIDAD: BUETOOTH,
RANURA MICRO SD
• ALMOHADILLAS SUAVES
• MICROFONO INTEGRADO
• COMODO, PLEGABLE,
DURADERO
• EFECTO DE SONIDO
ENVOLVENTE",images/AD-HB19.jpg,660,1.0
AD-HB780,AUDIFONO,ALDEEPO,20.0,"• AUDIFONO MODELO
VINCHA
• CONECTIVIDAD: BUETOOTH,
RANURA MICRO SD
• ALMOHADILLAS SUAVES
• MICROFONO INTEGRADO
• COMODO, PLEGABLE,
DURADERO
• EFECTO DE SONIDO
ENVOLVENTE",images/AD-HB780.jpg,661,1.0
ET-A4108B,AUDIFONO,EWTTO,25.0,"• AUDIFONO MODELO
VINCHA
• BATERIA: 200 MAH
• POTENCIA: 20MW
• CONECTIVIDAD: BUETOOTH,
RANURA MICRO SD
• ALMOHADILLAS SUAVES
• COMODO, PLEGABLE,
DURADERO
• EFECTO DE SONIDO
ENVOLVENTE",images/ET-A4108B.jpg,662,1.0
ET-A4044B,AUDIFONO,EWTTO,26.0,"• AUDIFONO INALAMBRICO
• MODELO: VINCHA
ACOLCHONADA
• HASTA 12 HORAS DE
REPRODUCCION
• ENTRADA TARJETA DE
MEMORIA
• CABLE DE CARGA TIPO C",images/ET-A4044B.jpg,663,1.0
BS-1801BT,AUDIFONO BOSSNEY,,28.0,"• PRODUCTO: AUDÍFONO
INALÁMBRICO
• MODELO: VINCHA
• FUNCIONES: BLUETOOTH
• INCLUYE: ENTRADA AUXILIAR,
CABLE DE CARGA TIPO C, CABLE
AUXILIAR
• COLORES: NEGRO Y AZÚL",images/BS-1801BT.jpg,664,0.9
EB31,AUDIFONO YOOK,,30.0,"• AUDIFONO MODELO VINCHA
• CONECTIVIDAD: BUETOOTH
5.3+EDR PARA UN ALCANCE DE
10 METROS.
• CUENTA CON SOPORTE PARA
TARJETAS TF
• ALMOHADILLAS SUAVES Y
AJUSTABLES
• COMODO, PLEGABLE,
DURADERO
• EFECTO DE SONIDO
ENVOLVENTE",images/EB31.jpg,665,0.9
RD-3077BT,AUDIFONO VINCHA REDD,,32.0,"• AUDÍFONO INALÁMBRICO
• MODELO:  VINCHA
ACOLCHONADA
• MICRÓFONO INTEGRADO
PARA LLAMADAS
• BLUETOOTH
• CONTENIDO:CABLE AUXILIAR Y
CABLE TIPO C",images/RD-3077BT.jpg,666,0.9
RD-3076BT,AUDIFONO VINCHA REDD,,32.0,"• AUDÍFONO INALÁMBRICO
• MODELO:  VINCHA
ACOLCHONADA
• MICRÓFONO INTEGRADO
PARA LLAMADAS
• BLUETOOTH
• CONTENIDO:CABLE AUXILIAR Y
CABLE TIPO C",images/RD-3076BT.jpg,667,0.9
AD-HB750,AUDIFONO,ALDEEPO,35.0,"• AUDIFONO MODELO
VINCHA
• VOLTAJE: 5V
• CONECTIVIDAD: BUETOOTH,
RANURA MICRO SD
• ALMOHADILLAS SUAVES
• MICROFONO INTEGRADO
• COMODO, PLEGABLE,
DURADERO
• EFECTO DE SONIDO
ENVOLVENTE",images/AD-HB750.jpg,668,1.0
B12,AUDIFONO VINCHA MICCELL,,35.0,"• INALÁMBRICOS: BLUETOOTH
• CUENTA CON MICROFONO
INCORPORADO Y UN DISEÑO DE
DIADEMA AJUSTABLE.
• ESTAN DISEÑADOS PARA OFRECER
UN SONIDO ESTEREO ENVOLVENTE
CON BAJOS POTENTES.
• INCLUYE:CABLE DE CARGA Y CABLE
AUXILIAR.",images/B12.jpg,669,0.9
BG-A4011B,AUDIFONO VINCHA BIG- GER,,35.0,"• AUDIFONO INALAMBRICO VINCHA
• DISEÑO MATE
• ALMOHADILLA ACOLCHONADA
• ENTRADA AUXILIAR
• CABLE DE CARGA
• CABLE AUXILIAR
• DURABILIDAD DE BATERIA 12H
• ENTRA PARA MICRO SD",images/BG-A4011B.jpg,670,0.9
BT28,AUDIFONO SUPER NOVA,,35.0,"• AUDIFONO INALAMBRICO TIPO
VINCHA
• BLUTOOTH 5.4
• BATERIA: HASTA 35H
• CANCELACION DE RUIDO
• RANUIRA PARA TARJETA SD
• ACCESORIOS: CABLE DE CARGA
Y CABLE AUXILIAR",images/BT28.jpg,671,0.9
BG-A4009B,AUDIFONO,BIG-GER,35.0,"• PRODUCTO: AUDÍFONO
INALÁMBRICO VINCHA
• SONIDO DE ALTA CALIDAD
• BATERIA: 20H  LARGA
DURACIÓN
• CARACTERÍSTICAS:
ALMOHADILLA
ACOLCHONADA, AISLANTE DE
SONIDO EXTERNO, ENTRADA
AUXILIAR
• INCLUYE: CABLE DE CARGA
TIPO C, CABLE AUXILIAR",images/BG-A4009B.jpg,672,1.0
ET-A4028B,AUDIFONO,EWTTO,35.0,"• AUDIFONO INALAMBRICO
VINCHA
• BATERIA DE LARGA DURACION
• ALMOHADILLA ACOLCHONADA
ENTRADA AUXILIAR
• CABLE DE CARGA TIPO C
• CABLE AUXILIAR
• COLORES:,ROSADO,NEGRO",images/ET-A4028B.jpg,673,1.0
TCA0298,AUDIFONO RO,MAX,35.0,"• PRODUCTO: AUDIFONO
INALAMBRICO
• MODELO:  VINCHA
• DISEÑO: MICKEY
• CARACTERÍSTICAS: ALMOHADILLA
ACOLCHONADA AISLANTE DE
SONIDO EXTERNO, ENTRADA
AUXILIAR
• INCLUYE: CABLE DE CARGA TIPO C",images/TCA0298.jpg,674,1.0
OC-351,AUDIFONO DE VINCHA ONCE,,35.0,"• AUDIFONO INALAMBRICO VINCHA
• ALMOHADILLA ACOLCHONADA
• ENTRADA AUXILIAR
• CABLE DE CARGA TIPO C
• SONIDO DE ALTA CALIDAD
• BATERIA DE LARGA DURACIÓN",images/OC-351.jpg,675,0.9
K700AIR,AUDIFONO KIMISO,,38.0,"• AUDIFONO INALAMBRICO
• MODELO: VINCHA ACOLCHONADA
• LECTOR DE MEMORIA
• MICROFONO INTEGRADO
• CONTENIDO :CABLE DE CARGA Y
AUXILIAR",images/K700AIR.jpg,676,0.9
ET-A4107B,AUDIFONOS,EWTTO,38.0,"• MODELO: AUDIFONOS
RECARGABLE
• ALTAVOZ:40MM
• BATERIA: 350 MAH
• FUNCIONES: BLUETOOTH,AUX,
• CONTENIDO: CABLE DE CARGA,
CABLE AUXILIAR",images/ET-A4107B.jpg,677,1.0
BT29,AUDIFONO SUPER NIVORA,,40.0,"• AUDIFONO INALAMBRICO TIPO
VINCHA
• BLUETOOTH 5.4
• CANCELACION DE RUIDO (ANC)
• AUTONOMIA DE BATERIA:
HASTA 45H
• ACCESORIOS: CABLE DE CARGA
Y CABLE AUXILIAR",images/BT29.jpg,678,0.9
K601,ANC AUDIFONO KIMISO,,45.0,"• AUDIFONO INALAMBRICO
• MODELO: VINCHA ACOLCHONADA
• LECTOR DE MEMORIA
• PERILLA DE VOLUMEN
• CANCELACION DE RUIDO
• MICROFONO INTEGRADO
• CONTENIDO :CABLE DE CARGA Y
AUXILIAR",images/K601.jpg,679,0.9
SU700,AUDIFONO VINCHA,,45.0,"• PRODUCTO: AUDÍFONO
• MODELO: VINCHA
• FUNCIONES: BLUETOOTH,
LECTOR DE MEMORIA,
ENTRADA AUXILIAR
• INCLUYE: CABLE DE CARGA
TIPO C, CABLE AUXILIAR ,
ESTUCHE
• COLOR: NEGRO",images/SU700.jpg,680,0.9
H612BT,PRO AUDIFONO HAVIT,,60.0,"• AUDIFONO INALAMBRICO
• MODELO: VINCHA ACOLCHONADA
• CANCELACIÓN DE
RUIDO: CUENTAN CON ANC DE
HASTA -30DB.
• CONECTIVIDAD: TECNOLOGÍA
BLUETOOTH V5.4.
• DISEÑO: PLEGABLES, GIRATORIOS Y
LIGEROS.
• MICRÓFONO: INTEGRADO PARA
LLAMADAS CLARAS.",images/H612BT.jpg,681,0.9
,URBAN ROCK AUDIFONO MOVISUN,,70.0,"• AUDIFONO MODELO VINCHA
• BATERIA:500 MAH
• CONECTIVIDAD: BUETOOTH,
ALMOHADILLAS SUAVES
• COMODO, PLEGABLE,
DURADERO
• EFECTO DE SONIDO
ENVOLVENTE
• INCLUYE: CABLE DE CARGA Y
ESTUCHE",images/page_682_product_001.jpg,682,0.75
BS-A1313BP,AUDIFONO PARLANTE BLUETOOTH BOSSNEY,,85.0,"• AUDIFONO MODELO VINCHA
• CASCOS ACOLCHONADOS Y
AISLADORES DE RUIDO EXTERNO
• PARTE EXTERNA FUNCIÓN
PARLANTE
• BOCINAS CON POWER BASS
• DURACIÓN 30H
• ARCO EXTENDIBLE
• ENTRADA AUXILIAR
• CARGA TIPO C",images/BS-A1313BP.jpg,683,0.9
H670BT,AUDIFONO VINCHA 0,,220.0,"• TIPO: OVER-EAR, CUBRE TODA
LA OREJA
• BLUETOOTH 6.0
• AUTONOMIA: 100H DE
REPRODUCCION
• CANCELACION DE RUIDO (ANC)
• SONIDO: 3D CON ECUALIZADOR
• CARGA: PUERTO USB-C CARGA
RAPIDA",images/H670BT.jpg,684,0.9
P801,MICROFONO,,18.0,"• MICROFONO ALAMBRICO
• MALLA METALICA
• CUENTA CON PEDESTAL
• CONECTOR JACK 3.5MM
• COMPATIBLE CON PC O LAPTOP CON
ENTRADA AUXILIAR DE 3.5MM",images/P801.jpg,685,0.9
SC-H8016,MICROFONO SANCI,,30.0,"• INCLUYE 1 MICRÓFONOS DE MANO,
UN RECEPTOR RECARGABLE CON
CONECTOR JACK DE 6.35MM,
BATERÍAS RECARGABLES Y CABLES
DE CARGA.
• BATERIA DE LITIO Y BATERIA AA
• CONECTIVIDAD: UTILIZA
TECNOLOGÍA UHF PARA CONEXIÓN
INALÁMBRICA.
• CARACTERÍSTICAS: EL MICRÓFONO
CUENTAN CON PANTALLAS LED PARA
VISUALIZAR LA FRECUENCIA Y EL
NIVEL DE BATERÍA.",images/SC-H8016.jpg,686,0.9
ET-Y7131,MICRÓFONO,EWTTO,28.0,"• PRODUCTO: MICROFONO
• MODELO : EWTTO
• CONEXIÓN: INALÁMBRICO
• FRECUENCIA UHF PARA SEÑAL
ESTABLE
• ALCANCE : 50 M DE SPACIO
• RECEPTOR LED: QUE INDICA
SEÑAL Y ESTADO DE LA
BATERÍA
• BATERÍA: RECARGABLE
INTEGRADA
• USO: RECOMENDADAS:
PRESENTACIONES,
CONFERENCIAS, KARAOKE,
SHOWS EN VIVO",images/ET-Y7131.jpg,687,1.0
BS-H9823,MICROFONO BOSSNEY,,30.0,"• PRODUCTO: MICROFONO
• MODELO: BOSSNEY
• POTENCIA: 10DBM
• COMPATIBILIDAD: UNIVERSAL
• COLOR: NEGRO
• CONECTIVIDAD/CONEXIÓN:
INALÁMBRICO
• SENSIBILIDAD: 95 ~ -71DBM.
• INCLUYE: BATERIA,
PILAS,CABLE DE CARGA",images/BS-H9823.jpg,688,0.9
,M&M X1 MICROFONO,,35.0,"• MICRÓFONO INALAMBRICO
PORTATIL.
• INCLUYE UN RECEPTOR RECARGABLE
CON UN CONECTOR DE SALIDA DE
JACK 6.3MM PARA CONECTARLO A
EQUIPOS DE SONIDO.
• CUENTA CON BATERIA DE LITIO
RECARGABLE .",images/page_689_product_001.jpg,689,0.75
TSM0021,MICROFONO RO,MAX,35.0,"• MICROFONO INALAMBRICO
• 1 RECEPTOR
• 2 BATERIAS DE LITIO 18650
• PUERTO DE CARGA TIPO C
• CABLE DE CARGA TIPO C
• 50 METRO DE ALCANCE
• PANTALLA DIGITAL LED",images/TSM0021.jpg,690,1.0
ZQS-1M505,MICROFONO,,38.0,"• INCLUYE 1 MICRÓFONOS
INALAMBRICO
• CUENTA CON BATERIA DE LITIO
RECARGABLE Y UNA TRANSMISION
ESTABLE DE LARGO ALCANCE.
• INCLUYE UN RECEPTOR COMPACTO
QUE SE CONECTA MEDIANTE JACK
DE 6.35MM A PARLANTES O
EQUIPOS DE RADIO.",images/ZQS-1M505.jpg,691,0.9
TSM0022,MICROFONO RO,MAX,45.0,"• DOS MICROFONO INALAMBRICO
• 1 RECEPTOR
• 3 BATERIAS DE LITIO 18650
• PUERTO DE CARGA TIPO C
• CABLE DE CARGA TIPO C
• 50 METROS DE ALCANCE
• PANTALLA DIGITAL LED",images/TSM0022.jpg,692,1.0
ZQS-2M506,MICROFONO,,48.0,"• INCLUYE 2 MICRÓFONOS
INALAMBRICOS
• RECARGABLES CON RECEPTOR UHF
CON ALCANCE DE HASTA 50 METROS
• INCLKUYE BATERIA DE LITIO 18650
DE 3.7V OFRECIENDO ENTRE 8-10
HORAS DE USO CONTINUO.
• DISEÑO CON CABEZAL DE MALLA
METALICA Y UN RECEPTOR
COMPARTIDO QUE SE CONECTA
MEDIANTE UN CONECTOR DE
6.35MM.",images/ZQS-2M506.jpg,693,0.9
KMS-902MC,MICROFONO KIMISO,,50.0,"• INCLUYE DOS MICRÓFONOS DE
MANO, UN RECEPTOR RECARGABLE
CON CONECTOR DE 6.35MM,
BATERÍAS RECARGABLES Y CABLES
DE CARGA.
• CONECTIVIDAD: UTILIZA
TECNOLOGÍA UHF PARA CONEXIÓN
INALÁMBRICA.
• 3 PILAS
• CARACTERÍSTICAS: LOS
MICRÓFONOS CUENTAN CON
PANTALLAS LED PARA VISUALIZAR LA
FRECUENCIA Y EL NIVEL DE BATERÍA.",images/KMS-902MC.jpg,694,0.9
KMS-906MC,MICROFONO KIMISO,,55.0,"• COMPONENTES: INCLUYE DOS
MICRÓFONOS DE MANO Y UN
RECEPTOR INALÁMBRICO.
• ALIMENTACIÓN: FUNCIONA CON
BATERÍAS RECARGABLES TIPO 18650.
• USOS: IDEAL PARA EVENTOS,
KARAOKE, CONFERENCIAS Y
PRESENTACIONES EN VIVO.
• COMPATIBILIDAD: EL RECEPTOR
CUENTA CON UN CONECTOR DE 6.5
MM PARA CONSOLAS DE AUDIO O
ALTAVOCES.",images/KMS-906MC.jpg,695,0.9
GK65,MICROFONO,,95.0,"• MICROFONO ALAMBRICO
• CUENTA CON ILUMINACION RGB Y
UN PATRON DE CAPTACION POLAR
CARDIODE QUE REDUCE EL RUIDO
DEL FONDO.
• INCLUYE SOPORTE DE ESCRITORIO Y
SE CONECTA MEDIANTE UN CABLE
USB-C.
• ESTA DISEÑADO PARA MEJORAR LA
CALIDAD DE LA VOZ EN
VIDEOLLAMADAS, CLASES
VIRTUALES, STREAMING O GAMING.",images/GK65.jpg,696,0.9
GK50,PRO MICROFONO,,105.0,"• MICROFONO CONDENSADOR
ALAMBRICO
• CON BRAZO INCORPORADO
• FRECUENCIA MAXIMA DE 30HZ
• CABLE DE 2M
• LUCES RGB
• CUENTA CON CAPTACION POLAR
,CARDIODE.",images/GK50.jpg,697,0.9
BF-888S,RADIO WALKIE TALKIE,,65.0,"• MARCA BAOFENG
• DISTANCIA : 3- 5KM EN
ESPACIOS ABIERTOS
• CUENTA CON 2 RADIOS UHF
DE 16 CANALES
• FUNCIONES: RADIO FM,
SISTEMA VOX
• INCLUYE: 2 RADIOS, 2 BASE DE
CARGA, 2 AUDIFONOS, 2 CLIPS
PARA CINTURON",images/BF-888S.jpg,698,0.9
TSM0019,MICROFONO SOLAPERO,MAX,45.0,"• PRODUCTO: DOS MICROFONO
SOLAPERO
• MODELO: ROMAX
• CONEXIÓN: INALAMBRICO
• CARACTERÍSTICAS: ALTA
DEFINICION DE SONIDO
• DISTANCIA: 30 METROS DE
RECEPCION
• INCLUYE: CABLE DE CARGA TIPO
C
• ENTRADA PARA CABLE AUXILIAR",images/TSM0019.jpg,699,1.0
FP-11590,MICROFONO SOLAPERO,,45.0,"• PRODUCTO: DUO DE MICRÓFONOS
SOLAPEROS
• CONEXIÓN: INALÁMBRICA ESTABLE
A 2.4 GHZ
• CARACTERISTICAS: MICRÓFONO DE
CONDENSADOR
OMNIDIRECCIONAL, REDUCCIÓN
DE RUIDO INTEGRADA
• DISEÑO: COMPACTO Y DISCRETO
• RECEPTORES: PUERTO TIPO C  Y
IPHONE
• INCLUYE: CABLE DE CARGA,
ENTRADA PARA CABLE AUXILIAR",images/FP-11590.jpg,700,0.9
PRO-WM60,MICROFONO SOLAPERO,,55.0,"• PRODUCTO: DUO DE MICRÓFONOS
SOLAPEROS
• TIPO: MICRÓFONO LAVALIER
INALÁMBRICO 4 EN 1 CON ESTUCHE DE
CARGA.
• COMPATIBILIDAD: INCLUYE CONECTORES
TIPO-C Y LIGHTNING PARA DIVERSOS
DISPOSITIVOS.
• TECNOLOGÍA: CUENTA CON
CANCELACIÓN DE RUIDO AVANZADA
(ANC) PARA UNA CAPTURA DE AUDIO
PROFESIONAL Y NÍTIDA.",images/PRO-WM60.jpg,701,0.9
LMCA-240BK,CABLE DE MICROFONO,,59.0,"• CABLE DE MICROFONO CON
CONECTOR XLR.
• LONGITUD:10 METROS
• UTILIZA CABLE DE CALIBRE
24AWG.
• DISEÑO BALANCEADO PARA
REDUCIR LA INTERFERENCIA Y
PROPORCIONAR UN AUDIO
CLARO.",images/LMCA-240BK.jpg,702,0.9
LSC-160,CABLE DE AUDIO,,75.0,"• CABLE DE AUDIO PROFESIONAL
• LONGITUD:10 METROS
• UTILIZA CONECTORES TIPO
SPEAKON EN AMBOS EXTREMOS.
• CUENTA CON CABLE DE CALIBRE
CONDUCTOR DE 16AWG,
DISEÑADO PARA CONECTAR
ALTAVOCES O AMPLIFICADORES.",images/LSC-160.jpg,703,0.9
LSC-161,CABLE DE AUDIO,,75.0,"• CABLE DE AUDIO PROFESIONAL
• LONGITUD:10 METROS
• CONECTORES TIPO SPEAKON EN
UN EXTREMO Y CONECTOR PLUG
DE ¼´´(6.35MM)EN EL OTRO.
• CABLE DE CALIBRE CONDUCTOR
DE 16AWG.",images/LSC-161.jpg,704,0.9
AD-MS03,HOLDER,ALDEEPO,3.5,"• HOLDER PARA CELULAR
• GIRATORIO 360°",images/AD-MS03.jpg,706,1.0
AD-MS02,HOLDER,ALDEEPO,3.5,"• DISEÑO: PLEGABLE Y
AJUSTABLE, CON CAPACIDAD
DE ROTACIÓN DE 360
GRADOS PARA MÚLTIPLES
ÁNGULOS DE
VISUALIZACIÓN.
• SEGURIDAD: CUENTA CON
UN DISEÑO
ANTIDESLIZANTE",images/AD-MS02.jpg,707,1.0
,150433 HOLDER DE CELULAR,,6.0,"• DISEÑO: PLEGABLE Y
AJUSTABLE
• SEGURIDAD: CUENTA CON
UN DISEÑO
ANTIDESLIZANTE
• ABSORCION MAGNETICA",images/page_708_product_001.jpg,708,0.75
ET-E0561,HOLDER DE CELULAR,EWTTO,7.0,"• SOPORTE DE CARRO PARA
CELULAR
• SUJETADOR ANTIDESLIZABLE
• CUELLO EXTENDIBLE
• ROTACION 360°",images/ET-E0561.jpg,709,1.0
RT-625,HOLDER,BOSSNEY,7.0,"• PRODUCTO: SOPORTE DE
CELULAR
• MARCA: BOSSNEY
• USO: PARA  RETROVISOR
• CARCTERISTÍCAS:
SUJETADOR ANTIDESLIZABLE
• INCLINACIÓN A GUSTO
• BRAZOS EXTENDIBLES DE
BASE",images/RT-625.jpg,710,1.0
ET-E0560,HOLDER DE CELULAR,EWTTO,7.0,"• SOPORTE DE CARRO PARA
CELULAR
• SUJETADOR
ANTIDESLIZABLE
• ROTACION 360°",images/ET-E0560.jpg,711,1.0
ET-E0562,HOLDER DE CELULAR,EWTTO,7.0,"• SOPORTE DE CARRO PARA
CELULAR
• SUJETADOR
ANTIDESLIZABLE
• ROTACION 360°",images/ET-E0562.jpg,712,1.0
ET-E0563,HOLDER DE CELULAR,EWTTO,7.0,"• SOPORTE DE CARRO PARA
CELULAR
• SUJETADOR
ANTIDESLIZABLE
• ROTACION 360°",images/ET-E0563.jpg,713,1.0
ET-E0570,HOLDER,EWTTO,7.0,"• SOPORTE DE CARRO PARA
CELULAR
• SUJETADOR ANTIDESLIZABLE
• INCLINACIÓN A GUSTO
• CUELLO EXTENDIBLE
• BRAZOS EXTENDIBLES DE
BASE",images/ET-E0570.jpg,714,1.0
TCH0210,HOLDER DE MOTO,,9.0,"• NO BLOQUEA LAS
CAMARAS NI TODO TIPO
DE BOTONES, PUEDE
GIRAR 360°
• INCLUYE SOMBRILLA",images/TCH0210.jpg,715,0.9
SH-3105,HOLDER PARA BICICLETA O MOTO,,8.0,"• HOLDER DE CELULAR CON
ACABADO DE FIBRA DE CARBONO
EN SU BASE TRASERA.
• DISEÑADO PARA FIJARSE AL
MANUBRIO DE MOTOCICLETAS O
BICICLETAS MEDIANTES UNA
ABRAZADERA AJUSTABLE.
• OFRECE ROTACION DE 360
GRADOS PARA AJUSTAR EL
ANGULO DE VISION DEL
DISPOSITIVO.",images/SH-3105.jpg,716,0.9
SX23,HOLDER DE CARRO,,10.0,"• HOLDER CON DISEÑO UNICO QUE
IMITA UN ASIENTO DE CARRO.
• ESTA DISEÑADO PARA INSTALARSE
FACILMENTE EN LA REJILLA DE
VENTILACION DE TU VEHICULO
SIN NECESIDAD DE
HERRAMIENTAS.
• COMPATIBILIDAD UNIVERSAL.",images/SX23.jpg,717,0.9
MY-7926,HOLDER,,16.0,"•
HOLDER DISEÑADO PARA SUJETAR
TELEFONOS MOVILES EN MOTICICLETAS O
BICICLETAS.
•
CUENTA CON UN MECANISMO DE
SUJECION AJUSTABLE Y UNA ROTACION
DE 360 GRADOS PARA POSICIONAR EL
CELULAR EN ANGULOS VERTICALES U
HORIZONTALES.
•
INCLUYE BASE DE MONTAJE ROBUSTA
QUE SE FIJA AL MANUBRIO DEL VEHICULO
MEDIANTE TORNILLOS PARA MAYOR
SEGURIDAD.
•
COMPATIBILIDAD UNIVERSAL.",images/MY-7926.jpg,718,0.9
AD-MS06,SOPORTE DE LAPTOP,ALDEEPO,10.0,"• SOPORTE PLEGABLE
METALICO PARA TABLET
• MATERIAL: FABRICADO EN
ALEACIÓN DE ALUMINIO
• AJUSTE DE ALTURA, ANGULO
Y BASE GIRATORIO DE 360°",images/AD-MS06.jpg,719,1.0
MY-7323,SOPORTE DE TABLET,,30.0,"• SOPORTE DE MESA PARA PARA
TABLET
• SUJETADOR ANTIDESLIZABLE
• BASE METÁLICA PARA MEJOR
ESTABILIDAD
• GIRATORIO 360°
• INCLINACIÓN A GUSTO",images/MY-7323.jpg,720,0.9
CH17S,HOLDER DE CARRO MICCELL,,20.0,"• CUENTA CON DISEÑO PLEGABLE DE
TRES EJES Y UNA BASE DE SUCCION
AL VACIO RESISTENTE A BACHES.
• OFRECE ROTACION DE 360° PARA
AJUSTAR EL ANGULO DE VISION
TANTO VERTICAL COMO
HORIZONTAL",images/CH17S.jpg,721,0.9
CH07,HOLDER DE CARRO MICCELL,,20.0,"• EL PRODUCTO MOSTRADO ES
UN SOPORTE PARA CELULAR
MARCA MICCELL DISEÑADO
PARA COLOCARSE EN EL
POSAVASOS DEL AUTOMÓVIL.",images/CH07.jpg,722,0.9
CZ-94240,HOLDER DE CARRO,,18.0,"• HOLDER MULTIFUNCIONAL PARA
AUTO CON BANDEJA GIRATORIA.
• INCLUYE UNA BASE EXPANSIBLE
PARA PORTAVASOS,UN SOPORTE
AJUSTABLE PARA TELEFONO
MOVIL Y UNA BANDEJA EXTRAIBLE
DE 360 GRADOS.
• CAPACIDAD PARA SOSTENER
BEBIDAS, COMIDA O ARTICULOS
PEQUEÑOS.",images/CZ-94240.jpg,723,0.9
N06,HOLDER SUPER,,10.0,"• DISEÑO: PLEGABLE Y
AJUSTABLE, CON CAPACIDAD
DE ROTACIÓN DE 360
GRADOS PARA MÚLTIPLES
ÁNGULOS DE
VISUALIZACIÓN.
• UTILIZA SUCCION AL VACIO
PARA ADHERIRSE
FIRMEMENTE A SUPERFICIES
LISAS.",images/N06.jpg,724,0.9
TCH0115,HOLDER RO,MAX,9.0,"• ESTÁ DISEÑADO PARA SER
UTILIZADO EN EL TABLERO O
PARABRISAS DEL AUTO.
• CUENTA CON UNA BASE DE
SUCCIÓN (CHUPÓN) PARA
UNA INSTALACIÓN FÁCIL.
• PERMITE UN GIRO DE 360
GRADOS PARA AJUSTAR EL
ÁNGULO DE VISIÓN",images/TCH0115.jpg,725,1.0
LED-738,LAMPARA LED,,4.0,"• PRODUCTO: LUZ LED
INTELIGENTE
• CARACTERÍSTICAS: LUZ DE
RELLENO LED
• SENSOR DE MOVIMIENTO
• DISEÑO: CABLE DE CARGA
• NO INCLUYE TRIPODE.",images/LED-738.jpg,727,0.9
F01,LUZ LED,,12.0,"•
PRODUCTO: LUZ LED
DESMONTABLE PARA VIDEO O
FOTOS EN CELULARES
•
CARACTERISTICAS: PORTATIL
•
CAPTURA CON CAMARA TRASERA
•
CUENTA CON FIJACION
MAGNETICA Y INCLUYE UN CLIP
PARA SUJETAR LOS DISPOSITIVOS.
•
INCLUYE LA LUZ RECARGABLE, UN
CABLE USB Y UN ANILLO
METALICO ADHESIVO.",images/F01.jpg,729,0.9
MY-7561,LUZ PARA CELULAR,BAIHUO,25.0,"•
PRODUCTO: MINI LUZ
•
MODELO: BAIHUO
•
Uso:  PARA CELULAR
•
CARACTERISTICAS: PORTATIL
•
INCLUYE: ACCESORIO, CON
GANCHO, INCLUYE CABLE
•
MATERIAL: IMANTADO
•
COLORES: LUCES DE
COLORES",images/MY-7561.jpg,730,1.0
ET-E0576,HOLDER ARO,EWTTO,30.0,"•
PRODUCTO: LUZ LED
DESMONTABLE PARA VIDEO
EN CELULARES
•
MODELO: EWTTO
•
CARACTERISTICAS: PORTATIL
•
CAPTURA CON CAMARA
PRONTAL Y TRASERA
•
ALARGADERA REVERSIBLE
ILUMINACION FLEXIBLE
MULTIANGULO.",images/ET-E0576.jpg,731,1.0
PL-60,PANEL DE LUZ,,68.0,"•
PRODUCTO: PANEL DE LUZ
LED
•
OFRECE LUZ REGULABLE
PARA ADAPTARSE A
DIFERENTES AMBIENTES,
CON TEMPERATURA DE
COLOR AJUSTABLES ENTRE
BLANCO CALIDO(3200K) Y
FRIO (5700K).
•
INCLUYE CONTROL REMOTO",images/PL-60.jpg,732,0.9
FP11625,PANEL DE LUZ,,45.0,"•
PANEL DE LUZ LED LANTUN
•
INCLUYE PANEL CUADRADO
AJUSTABLE Y SOPORTE PARA
TELEFONO.
•
SOPORTE DE ESCRITORIO
•
LUZ ADAPTABLE.
•
IDEAL PARA TRANSMISION
EN VIVO, TIKTOK , CREACION
DE CONTENIDO, ENTRE
OTROS.",images/FP11625.jpg,733,0.9
MY-7769,CAMARA,BAIHUO,55.0,"• CAMARA DEPORTIVA BAIHUO
• GRABA EN ALTA DEFINICION 1080P
CON FUNCIONALIDAD HDR
• SOPORTA TARJETAS MICRO SD DE
32GB O 128GB Y INCLUYE BATERIA
RECARGABLE.
• CUENTA CON BASE MAGNETICA Y ES
CAPAZ DE GIRAR 360 GRADOS.
• INCLUYE DIVERSOS SOPORTES PARA
MANUBRIO, CASCO Y UN CABLE
USB.",images/MY-7769.jpg,734,1.0
H22,SOPORTE POWERBANK CÁMARA ✓- SOPORTE INALÁMBRICO RECARGABLE,,49.0,"•
COMPATIBLE CON : IOS Y ANDROID
•
ANGULO DE INCLINACIÓN: 12.5°,
•
ROTACIÓN: 360°
•
COLOR:NEGRO,",images/H22.jpg,735,0.9
,T1 PANTALLA SELFIE MAGNETICA,,100.0,"• PRODUCTO:PANTALLA SELFIE
MAGNÉTICA EN CELULAR
• USO: PARA SELFIE,LIVE
• SISTEMA:ANDROID Y
IOS,MAGSAFE(CARGAS
INALÁMBRICAS 7.5 W )
• MODO:CAMARA TRASERA  Y
DELANTERA
• VERSIÓN: WIFI 2.4G/5.8G
• BATERÍA: 1800 MAH
• INCLUYE: CABLE DE CARGA USB-C",images/page_736_product_001.jpg,736,0.75
,H1 PALO SELFIE,,9.0,"• PALO SELFIE EXTENSIBLE Y COMO
TRÍPODE ESTABLE.
• CONECTIVIDAD INALÁMBRICA
• CUENTA CON CONTROL REMOTO
• TIENE UNA COMBINACION DE
PLASTICO ABS Y ALUMINIO,
OFRECIENDO UN DISEÑO
EXTENSIBLE Y LIGERO.
• SOPORTE: GIRATORIO DE 360°",images/page_737_product_001.jpg,737,0.75
JC-08,PALO SELFIE,,10.0,"• PALO SELFIE EXTENSIBLE Y COMO
TRÍPODE ESTABLE.
• CONECTIVIDAD INALÁMBRICA
• FABRICADO: ACERO INOXIDABLE
PARA MAYOR DURABILIDAD
• DISEÑO MINI Y PORTÁTIL
• SOPORTE: GIRATORIO DE 360°",images/JC-08.jpg,738,0.9
MY-7139,TRIPODE,BAIHUO,12.0,"• TRIPOIDE PARA CÁMARA
• LONGITUD 2.1 METROS",images/MY-7139.jpg,739,1.0
PA301,TRIPODE PORTATIL,,15.0,"• COMPATIBILIDAD: DISEÑADO PARA
DISPOSITIVOS CON ROSCA
ESTÁNDAR DE 1/4"".
• MATERIAL: CONSTRUCCIÓN LIGERA
EN ABS Y METAL CON
ALMOHADILLAS DE GOMA
ANTIDESLIZANTES PARA MAYOR
ESTABILIDAD.
• AJUSTE: CUENTA CON UNA RÓTULA
DE BOLA QUE PERMITE AJUSTAR EL
ÁNGULO DEL DISPOSITIVO.",images/PA301.jpg,740,0.9
,330A TRIPODE,,20.0,"• TRIPOIDE GENERICO
• CUENTA CON ALTURA
AJUSTABLE Q ALCANZA APROX
1.35 METROS Y SOPORTA UN
PESO MAXIMO DE 1.5KG.
• INCLUYE CABEZAL CON
MOVIMIENTO DE 360 GRADOS
Y UN NIVEL DE BURBUJA
INCORPORADO PARA
ASEGURAR ESTABILIDAD.",images/page_741_product_001.jpg,741,0.75
TR-3520,SELFIE,BAIHUO,30.0,"•
TRIPOIDE
•
FABRICADO EN ALUMINIO LIGERO Y NEGRO.
•
DISEÑADO PARA CAMARAS DIGITALES Y
TELEFONOS.
•
CUENTA CON UN CABEZAL DE TRES EJES QUE
PERMITE UNA ROTACION DE 360 GRADOS PARA
TOMAS PANORAMICAS Y VERTICALES.
•
INCLUYE PATAS RETRACTILES DE CUATRO NIVELES
CON BASE DE GOMA ANTIDESLIZANTES PARA
MAYOR ESTABILIDAD EN SUPERFICIES
IRREGULARES.
•
CUENTA CON FUNDA PORTATIL Y ADAPTADOR
PARA TELEFONO O CAMARA.",images/TR-3520.png,742,1.0
TR-360,SELFIE,BAIHUO,35.0,"•
TRIPOIDE
•
LONGITUD: 160 CM APROX
•
CUENTA CON CABEZAL GIRATORIO DE TRES VIAS
Y PATAS TELESCOPICAS DE TRES SECCIONES.
•
INCLUYE UN SOPORTE AJUSTABLE PARA
TELEFONOS INTELIGENTES Y UNA PLACA DE
LIBERACION RAPIDA CON TORNILLO DE ¼´´ PARA
CAMARAS.
•
INCLUYE ESTUCHE PORTATIL
•
MATERIAL DE ALUMINIO Y PLASTICO ABS.",images/TR-360.png,743,1.0
QX-260,ARO DE LUZ TIK TOK,,20.0,"•
KIT:LUZ LED+TRÍPODE
•
PANEL DE ILUMINACIÓN LED PARA
ESTUDIO.
•
CARACTERÍSTICAS: ILUMINACIÓN
LED REGULABLE , GRABACIÓN DE
VIDEOS, ESTUDIO FOTOGRAFÍA
•
ALIMENTACIÓN: ELÉCTRICA
•
CONTIENE: 1 ARO  LUZ LED 10
PULGADAS
•
1 TRÍPODE  45CM
•
1 CONTROL PARA CAMBIO DE
LUCES
•
ACCESORIOS DE INSTALACIÓN",images/QX-260.jpg,744,0.9
SC-ZP5959,PALO SELFIE SANCI,,60.0,"• PALO PARA SELFIES Y TRIPODE
CON ESTABILIZADOR
• EXTENDIBLE 1.8M
• CONECTIVIDAD: BLUETOOTH Y
CONTROL REMOTO
• INCLUYE CABLE DE CARGA TIPO C",images/SC-ZP5959.jpg,745,0.9
MC04,ESTABILIZADOR,,55.0,"• GIMBAL DE ESCRITORIO.
• CUENTA CON SEGUIMIENTO
FACIAL INTELIGENTE Y ROTACION
DE 360 GRADOS.
• INCLUYE UNA ABRAZADERA PARA
CELULAR AJUSTABBLE Y BOTONES
DE CONTROL EN LA BASE.
• DISEÑADA PARA USO DE MANOS
LIBRES DURANTE TRANSMISIONES
EN VIVO O GRABACIONES.
• CABLE DE CARGA.",images/MC04.jpg,746,0.9
MY-7558,SELFIE,BAIHUO,70.0,"• PALO SELFIE EXTENSIBLE Y COMO
TRÍPOIDE ESTABLE CUENTA CON
CAPACIDAD DE SEGUIMIENTO
FACIL Y DE OBJETOS MEDIANTE
INTELIGENCIA ARTIFICIAL Y
ROTACION DE 360 GRADOS.
• SE EXTIENDE HASTA 1.8 METROS
• INCLUYE CONTROL REMOTO A
BLUETOOTH.",images/MY-7558.jpg,747,1.0
MC02,ESTABILIZADOR,,210.0,"• ESTABILIZADOR 3 EJES
• GIRATORIO 360°
• OFRECE TOMAS FLUIDAS O VIDEOS
CON MOVIMIENTO CREANDO
EFECTO O GIRO
CINEMATOGRAFICO.
• CONECTIVIDAD: BLUETOOTH Y
CONTROL REMOTO
• INCLUYE CABLE DE CARGA TIPO C",images/MC02.jpg,748,0.9
B-002,MINI MAQUINA ELECTRICA,,8.0,"• PRODUCTO: MÁQUINA
ELÉCTRICA INTELIGENTE
• PRODUCTOS: AJO, VEGETALES
• INCLUYE: 3 CUCHILLAS
• ALIMENTACIÓN: RECARGABLE
• CAPACIDAD: 250ML
• POTENCIA: 5 W
• VELOCIDADES: 1
• INCLUYE: CABLE DE CARGA
• COLORES: ROSADO Y BLANCO",images/B-002.jpg,750,0.9
B-8010,MINI MAQUINA ELECTRICA,,8.0,"• PRODUCTO: MÁQUINA ELÉCTRICA
INTELIGENTE
• PRODUCTOS: DE AJO
• INCLUYE: 3 CUCHILLAS
• ALIMENTACIÓN: RECARGABLE
• CAPACIDAD: 250ML
• POTENCIA: 5 W
• VELOCIDADES: 1
• INCLUYE: CABLE DE CARGA
• COLORES: ROSADO Y BLANCO",images/B-8010.jpg,751,0.9
B-003,MINI PROCESADOR,,8.0,"• PRODUCTO: MINI PROCESADOR
INTELIGENTE
• PRODUCTOS: ALIMENTOS
• INCLUYE: 3 CUCHILLAS
• ALIMENTACIÓN: RECARGABLE
• CAPACIDAD: 250ML
• POTENCIA: 5 W
• VELOCIDADES: 1
• INCLUYE: CABLE DE CARGA
• COLORES: MENTA  Y BLANCO",images/B-003.jpg,752,0.9
B-004,MINI PICADORA,,10.0,"• PRODUCTO: MINI PICADORA
MULTIFUNCIONAL
• PRODUCTOS: ALIMENTOS
• INCLUYE: 3 CUCHILLAS
• ALIMENTACIÓN: RECARGABLE
• CAPACIDAD: 250ML
• POTENCIA: 5 W
• VELOCIDADES: 1
• INCLUYE: CABLE DE CARGA
• COLORES: MENTA,ROSADO  Y
BLANCO",images/B-004.jpg,753,0.9
B-005,MINI MAQUINA ELECTRICA,,10.0,"• PRODUCTO: MÁQUINA
ELÉCTRICA INTELIGENTE
• PRODUCTOS: AJOS
• INCLUYE: 3 CUCHILLAS
• ALIMENTACIÓN: RECARGABLE
• CAPACIDAD: 250ML
• POTENCIA: 5 W
• VELOCIDADES: 1
• INCLUYE: CABLE DE CARGA
• COLORES: VERDE ESMERALDA",images/B-005.jpg,754,0.9
KJ-007,MINI PICATODO,,18.0,"• PRODUCTO: PICADORA
ELÉCTRICA PORTÁTIL
• PRODUCTO:  ALIMENTOS
• INCLUYE: 3 CUCHILLAS
• ALIMENTACIÓN: RECARGABLE
• CAPACIDAD: 250ML
• POTENCIA: 5 W
• VELOCIDADES: 1
• INCLUYE: CABLE DE CARGA
• COLOR: BLANCO",images/KJ-007.jpg,755,0.9
KJ-006,MINI PROCESADOR,,18.0,"• PRODUCTO: PROCESADOR
INTELIGENTE
• PRODUCTOS: ALIMENTOS
• INCLUYE: 3 CUCHILLAS
• ALIMENTACIÓN: RECARGABLE
• CAPACIDAD: 250ML
• POTENCIA: 5 W
• VELOCIDADES: 1
• INCLUYE: CABLE DE CARGA
• COLORES: MENTA  Y BLANCO",images/KJ-006.jpg,756,0.9
,21788 SET DE REPOSTERIA,,30.0,"• SET DE REPOSTERIA
• INCLUYE HERRAMIENTAS
ESPECIALIZADAS PARA CORTAR PAN Y
PASTELES DE FORMA SEGURA
• CUENTA CON SOPORTE BLANCO
DISEÑADO PARA ORGANIZAR Y
ALMACENAR TODOS LOS UTENSILIOS.
• ESTAN FABRICADOS DE PLASTICOS, LO
QUE LOS HACE ADECUADOS PARA USO
INFANTIL O ACTIVIDADES DE
REPOSTERIA.",images/page_757_product_001.jpg,757,0.75
,21708 SET DE REPOSTERIA,,38.0,"• SET DE REPOSTERIA
• CUENTA CON 36 BOQUILLAS DE
ACERO INOXIDABLE, ESPATULAS,
MANGAS
PASTELERAS,HERRAMIENTAS PARA
MOLDEAR FONDANT, ALISADORES
DE GLASEADO, CUCHARITAS
MEDIDORAS.
• INCLUYE UN PLATO GIRATORIO DE
11 PULGADAS ,SON 66 PIEZAS TOTAL
PARA DECORAR PASTELES.",images/page_758_product_001.jpg,758,0.75
TV-168,PICATODO,,18.0,"• PRODUCTO: PICATODO +
PELADOR
• INCLUYE MÚLTIPLES CUCHILLAS
INTERCAMBIABLES PARA
DIFERENTES TIPOS DE CORTES,
COMO DADOS, RODAJAS Y
TIRAS.
• MATERIALES: PLÁSTICO ABS Y
CUCHILLAS DE ACERO
INOXIDABLE.",images/TV-168.jpg,759,0.9
,21786 MINI BATIDOR ELECTRICO,,14.0,"• ESPUMADOR DE LECHE
ELECTRICO PORTATIL Y
RECARGABLE.
• CUENTA CON AJUSTES DE 3
VELOCIDADES Y UN PUERTO DE
CARGA USB.
• IDEAL PARA PREPARAR
ESPUMA PARA CAFÉ, LATTE ,
CAPUCHINO Y CHOCOLATE
CALIENTE, ENTRE OTROS.",images/page_760_product_001.jpg,760,0.75
TV-212,PICADOR DE VERDURAS,,12.0,"• PRODUCTO: PICADOR DE
VERDURAS MANUAL
• CAPACIDAD: 2.0L
• 4 CUCHILLAS DE ACERO
INOXIDABLE",images/TV-212.jpg,761,0.9
KAK-010,SET DE UTENSILIOS,,35.0,"• PRODUCTO: SET DE
UTENSILIOS PARA COCINA
• MATERIAL: SILICONA NEGRA
RESISTENTE AL CALOR CON
MANGO DE MADERA.
• ANTIADHERENTES
• INCLUYE: UN BALDE Y 12
PIEZAS DE UTENSILIOS.",images/KAK-010.jpg,762,0.9
KAK-015,SET DE CUCHILLOS,,45.0,"• PRODUCTO: SET DE
CUCHILLOS DE COCINA.
• INCLUYE: CUCHILLOS VARIOS
TAMAÑOS, TIJERA DE
COCINA Y UN AFILADOR,
TODOS ALMACENADOS CON
SOPORTE ACRILICO.
• MATERIAL: ACERO
INOXIDABLE, MANGOS DE
ACRILICO CON PATRON DE
MARMOL.",images/KAK-015.jpg,763,0.9
R7137,MOLINILLO RAF,,28.0,"• MOLINILLO DE CAFÉ ELECTRICO
• POTENCIA: 240W
• CUCHILLAS ACERO INOXIDABLE DE
ALTA PRECISION
• IDEAL PARA MOLER CAFÉ, ESPECIAS
COMO PIMIENTA, CANELA, CLAVOS
FRUTOS SECOS Y SEMILLAS.",images/R7137.jpg,764,0.9
R295,LICUADORA RAF,,60.0,"• VASO DE VIDRIO RESISTENTE
• CAPACIDAD 1.5 LITROS
• 6 MODOS DE VELOCIDAD
• CUERPO METALIZADO
• VASO ADICIONAL PROCESADORA",images/R295.jpg,765,0.9
NT-880G,LICUADORA NATIONALSTAR,,70.0,"• PRODUCTO: LICUADORA
• CARACTERÍSTICAS: LICUADORA
DE METAL, VASO DE VIDRIO
• CUCHILLAS: 6 ASPAS DE ACERO
INOXIDABLE.
• CAPACIDAD DE 1.5 LITROS
• PODER: 400W
• VELOCIDADES : 4 + PULSO",images/NT-880G.jpg,766,0.9
ET-Y322,LICUADORA,EWTTO,110.0,"• LICUADORA EWTTO METALICA
• VASO DE VIDRIO
• ACOPLE METALICO DE MAYOR
DURABILIDAD
• TRITURA HIELO
• 6 CUCHILLAS
• CAPACIDAD DE 1.25 LITROS
• PODER 700W",images/ET-Y322.jpg,767,1.0
BLDG-805R,"LICUADORA 
NATIONALIZER",,120.0,"• PRODUCTO: LICUADORA
• CARACTERÍSTICAS:
LICUADORA DE METAL, VASO
DE VIDRIO
• CAPACIDAD: 1.25L
• MOTOR RESISTENTE Y
DURADERO
• OFRECE 3 VELOCIDADES
• INCLUYE: RECIPINTE PARA
GUARDAR JUGO",images/BLDG-805R.jpg,768,0.9
HE-133,BATIDORA RAF,,18.0,"• PRODUCTO: BATIDORA DE MANO
• POWER:260W
• VELOCIDADES: 7
• AC220V – 50/60HZ
• IDEAL: BATIR CLARAS DE HUEVO, CREMAS, Y
MEZCLAS LIGERAS PARA PASTELES Y
TORTILLAS.
• MATERIAL: METAL.
• INCLUYE ACCESORIOS.",images/HE-133.jpg,769,0.9
R6633,BATIDORA RAF,RAF,25.0,"• PRODUCTO: BATIDORA DE MANO
• MARCA: RAF
• POTENCIA: 270W
• VOLTAJE: 220V
• VELOCIDADES: 7
• FUNCIÓN: SON MÁS VERSÁTILES PARA UNA
GAMA MÁS AMPLIA, ENFOCÁNDOSE EN LA
INCORPORACIÓN DE AIRE Y LA MEZCLA DE
INGREDIENTES MÁS DENSOS.
• IDEAL: BATIR CLARAS DE HUEVO, CREMAS, Y
MEZCLAS LIGERAS PARA PASTELES Y
TORTILLAS.
• MATERIAL: METAL.
• INCLUYE ACCESORIOS.",images/R6633.jpg,770,1.0
XH-FTG06,HERVIDORA VTM,,14.0,"• HERVIDOR DE ACERO INOXIDABLE
• BASE DE 360 GRADOS PARA UN
USO FACIL
• CAPACIDAD 2.0 LTS
• LUZ INDICADORA
• APAGADO AUTOMATICO",images/XH-FTG06.jpg,771,0.9
DOU-88,HERVIDORA ELECTRICO,,16.0,"• PRODUCTO: HERVIDOR
• CAPACIDAD: TIENE UNA CAPACIDAD
DE 2.0 LITROS.
• POTENCIA: FUNCIONA CON UNA
POTENCIA DE 2200 VATIOS
• MATERIAL: ESTÁ FABRICADO EN
ACERO INOXIDABLE.
• SEGURIDAD: CUENTA CON
CARACTERÍSTICAS DE APAGADO
AUTOMÁTICO Y PROTECCIÓN
CONTRA SOBRECALENTAMIENTO.",images/DOU-88.jpg,772,0.9
BM-0605,HERVIDORA BOMA,,30.0,"• PRODUCTO: HERVIDOR
• MODELO: BOMA
• MATERIAL: JARRA DE
VIDRIO
• CAPACIDAD: 2.2L
• POTENCIA: 1500W
• MATERIAL: RESISTENTE",images/BM-0605.jpg,773,0.9
NN-HV0611,HERVIDORA NATIONALIZER,,30.0,"• HERVIDOR DE VIDRIO
• BASE DE 360 GRADOS PARA UN
USO FACIL
• CAPACIDAD 2.2 LTS
• 220-240V
• INDICADORA DE MEDIDA.",images/NN-HV0611.jpg,774,0.9
R121,CAFETERA RAF,,60.0,"• PRODUCTO: CAFETERA
• MODELO: RAF
• MATERIAL : ACERO
INOXIDABLE
• BASE :  360 GRADOS PARA
UN USO FACIL
• POTENCIA : 220-240V
• CAPACIDAD:  1.2 LTS
• INCLUYE: LUZ INDICADORA
• APAGADO AUTOMATICO",images/R121.jpg,775,0.9
SP-28T180,TERMO SUPREMA,,18.0,"• TERMO SUPREMA
• CAPACIDAD: 1L
• CUENTA CON UN PLASTICO
DURADERO EN SU EXTERIOR.
• INCLUYE UNA TAPA QUE
FUNCIONA COMO TAZA Y UN ASA
ERGONOMICA PARA FACILITAR SU
TRANSPORTE DISEÑADO PARA
MANTENER LA TEMPERATURA DE
LOS LIQUIDOS , FRIOS O
CALIENTES.",images/SP-28T180.jpg,776,0.9
STA-1250,TERMO,,29.0,"• TERMO DE ACERO INOXIDABLE
• CAPACIDAD:1.3L
• CUENTA CON MANIJA
ERGONOMICA DE PLASTICO PARA
FACILITAR SU TRANSPORTE.
• INCLUYE TAPA DE ACERO
INOXIDABLE QUE FUNCIONA
COMO TAZA.
• DISEÑADO PARA MANTENER LAS
BEBIDAS FRIAS O CALIENTES POR
MAYOR TIEMPO.",images/STA-1250.jpg,777,0.9
SP-HXR-3000S,TERMO SUPREMA,,49.0,"• TERMO SIFON
• CAPACIDAD: 3L
• CUENTA CON CUERPO EXTERIOR
DE ACERO INOXIDABLE
• UTILIZA SISTEMA DE BOMBEO
MECANICO EN LA PARTE
SUPERIOR PARA SERVIR BEBIDAS
FACILMENTE.
• DISEÑADO PARA CONSERVAR LOS
LIQUIDOS FRIOS O CALIENTES
POR MAS TIEMPO.",images/SP-HXR-3000S.jpg,778,0.9
MR-222,CHOCOLATERA,,25.0,"• MAQUINA PARA DERRETIR
CHOCOLATE
• POTENCIA: 25W
• INDICADOR DE ENCENDIDO
• RECUBRIMIENTO ANTIADHERENTE
• CUENTA CON DOS NIVELES DE
TEMPERATURA AJUSTABLES
• INCLUYE MOLDES REUTILIZABLES
DE DIFERENTES FORMAS",images/MR-222.jpg,779,0.9
R546Q,MAQUINA MINI DONAS RAF,,45.0,"• MAQUINA PAR HACER MINI
DONAS
• INDICADOR DE ENCENDIDO
• CAPACIDAD PARA 6 MINI DONAS
• RECUBRIMIENTO ANTIADHERENTE
• INDICADOR DE PREPARACION LUZ
VER DE",images/R546Q.jpg,780,0.9
R580Q,MAQUINA MINI DONAS RAF,,50.0,"• MAQUINA PAR HACER MINI
DONAS
• INDICADOR DE ENCENDIDO
• RECUBRIMIENTO ANTIADHERENTE
• INDICADOR DE PREPARACION LUZ
VER DE",images/R580Q.jpg,781,0.9
JB-05,SANDWICHERA,,40.0,"• PRODUCTO: SANDWICHERA
• POTENCIA :750W
• CAPACIDAD : PARA MUCHOS
MINI SÁNDWICHES.
• CARACTERÍSTICAS:  PLACAS
PARA GRILL,SUPERFICIE
ANTIADHERENTE
• USO: SÁNDWICHES
TOSTADOS DE FORMA RÁPIDA
Y SENCILLA.",images/JB-05.jpg,782,0.9
R257T,SANDWICHERA,,40.0,"• PRODUCTO: SANDWICHERA
• POTENCIA :750W
• CAPACIDAD : PARA MUCHOS
MINI SÁNDWICHES.
• CARACTERÍSTICAS:  PLACAS
PARA GRILL,SUPERFICIE
ANTIADHERENTE
• USO: SÁNDWICHES
TOSTADOS DE FORMA RÁPIDA
Y SENCILLA.",images/R257T.jpg,783,0.9
NN-219SZJ,SANDWICHERA,,65.0,"• PRODUCTO: SANDWICHERA
• POTENCIA :1000W -1200W
• CAPACIDAD : PARA 4
SÁNDWICHES.
• CARACTERÍSTICAS:  PLACAS
PARA GRILL,SUPERFICIE
ANTIADHERENTE
• USO: SÁNDWICHES
TOSTADOS DE FORMA RÁPIDA
Y SENCILLA.",images/NN-219SZJ.jpg,784,0.9
AV-313B,SANDWICHERA,,70.0,"• SANDWICHERA AVINAS
• ESTA DISEÑADA PARA TOSTAR
HASTA 4 SANDWICHES
SIMULTANEAMENTE,
CONTANDO CON PLACAS
ANTIADHERENTES QUE
FACILITAN SU LIMPIEZA.
• CUENTA CON UN SISTEMA DE
CALENTAMIENTO RAPIDO U
PLACAS SELLADORAS.",images/AV-313B.jpg,785,0.9
R526,SANDWICHERA,RAF,40.0,"PRODUCTO: SANDWICHERA
• MARCA: RAF
• POTENCIA : 850W
• APACIDAD : PARA 2 SANDWICH
CARACTERÍSTICAS: DISEÑO
HUELLA DE PERRITO,
REVESTIMIENTO
ANTIADHERENTE, COMPACTO Y
ECONOMIZADOR DE ESPACIO.
• USO:PARA DISFRUTAR EN
FAMILIA, REUNIONES O
EMPRENDIMIENTOS",images/R526.jpg,786,1.0
AV-389,PARRILLERA AVINAS,,150.0,"• PRODUCTO: PARRILLA
• POTENCIA: 2800W PARA UN
CALENTAMIENTO RÁPIDO.
• RECUBRIMIENTO ANTIADHE
RENTE EN AMBOS LADOS DE
LA PLACA.
• INCLUYE UN REGULADOR DE
TEMPERATURA AJUSTABLE
EN LA PARTE FRONTAL.",images/AV-389.jpg,787,0.9
DGM-185,SARTEN,,25.0,"• PRODUCTO: SARTEN
REVESTIMIENTO:
ANTIADHERENTE
• CUENTA CON DOS ASAS
• FUNCION PRINCIPAL:
SALTEAR ALIMENTOS, IDEAL
PARA HACER CHAUFA",images/DGM-185.jpg,788,0.9
,21049 SARTEN,,22.0,"• PRODUCTO: SARTEN
REVESTIMIENTO:
ANTIADHERENTE
• CUENTA CON UN MANGO DE
MADERA
• FUNCION PRINCIPAL:
SALTEAR ALIMENTOS, IDEAL
PARA HACER CHAUFA",images/page_789_product_001.jpg,789,0.75
BM-20D15A,OLLA ARROCERA BOMA,,50.0,"• CAPACIDAD 2LT
• 400W
• MULTIFUNCIONAL
• OFRECE MODOS
AUTOMATICOS DE
COCCION Y
MANTENIMIENTO DE
CALOR, CON APAGADO
AUTOMATICO CUANDO YA
ESTA LISTA LA COMIDA.",images/BM-20D15A.jpg,790,0.9
BM-30D15A,OLLA ARROCERA BOMA,,60.0,"•
PRODUCTO: OLLA ARROCERA
•
POTENCIA: 500W
•
CAPACIDAD : 3 L
•
FUNCIÓN: COCINAR ARROZ Y
GRANOS DE FORMA AUTOMÁTICA
Y PERFECTA.
•
METODO: CALIENTA EL AGUA
HASTA QUE SE EVAPORA
COMPLETAMENTE, COCINANDO EL
ARROZ
•
AUTOMOTIZACIÓN: SI, COCINA Y
SE APAGA SOLA CUANDO
TERMINA.
•
CARACTERISTICAS: RECIPIENTE
ANTIADHERENTE, PLACA
CALEFACTORA
•
INCLUYE: TAZA
MEDIDORA,CUCHARA",images/BM-30D15A.jpg,791,0.9
26CM-9L,OLLA A PRESION,,105.0,"• OLLA A PRESION SOVIDIO
• MEDIDAS: 26CM DE
DIAMETRO
• CAPACIDAD: 9 LITROS
• MATERIAL: ALUMINIO
• CUENTA CON SISTEMA DE
SEGURIDAD PARA LIBERAR
PRESION INTERNA
• USO: IDEAL PARA ABLANDAR
CARNES Y COCINAR GRANOS
EN MENOR TIEMPO",images/26CM-9L.jpg,792,0.9
BM-40D15A,OLLA ARROCERA BOMA,,70.0,"• PRODUCTO: OLLA ARROCERA
• POTENCIA: 700W
• CAPACIDAD : 4 L
• FUNCIÓN: COCINAR ARROZ Y
GRANOS DE FORMA
AUTOMÁTICA Y PERFECTA.
• CARACTERISTICAS: RECIPIENTE
ANTIADHERENTE, PLACA
CALEFACTORA",images/BM-40D15A.jpg,793,0.9
SU-UC9A-10PC,SET DE OLLAS,,230.0,"• PRODUCTO: OLLAS
REVESTIMIENTO:
ANTIADHERENTE
• CUENTA CON TAPAS DE
VIDRIO
• VIENEN EN DIFERENTES
TAMAÑOS",images/SU-UC9A-10PC.jpg,794,0.9
R8010B,COCINA ELECTRICA,,20.0,"• COCINA ELECTRICA DE 1
HORNILLAS
• ACERO INOXIDABLE
• POTENCIA:1000W
• TEMPERATURA: 5 NIVELES
AJUSTABLES
• ENCENDIDO MANUAL CON
CONEXIÓN ESTANDAR",images/R8010B.jpg,795,0.9
BM-100A,COCINA BOMA,,35.0,"• COCINA ELECTRICA BOMA
• 1000W",images/BM-100A.jpg,796,0.9
BM-200B,COCINA ELECTRICA BOMA,,50.0,"• POTENCIA 2000W
• MULTIFUNCIONAL",images/BM-200B.jpg,797,0.9
NN-220E,OLLA ARROCERA,,120.0,"•
PRODUCTO: OLLA ARROCERA 10 EN 1
•
POTENCIA: 900W
•
CAPACIDAD : APROX 10-12 TAZAS
•
FUNCIÓN: COCINA DE FORMA
VERSATIL ARROZ, QUINUA,SOPA Y
MUCHO MAS.
•
RECUBRIMIENTO DE CERAMICA NO
CONTIENE PTEE O PFOA.
•
CUENTA CON UN PANEL DIGITAL PARA
SELECCIONAR SUS DIVERSAS
FUNCIONES DE COCCION.
•
INCLUYE: BANDEJA A VAPOR,TAZA
MEDIDORA,CUCHARA, TAPA DE VIDRIO",images/NN-220E.jpg,798,0.9
BM-F20MXP13,MICROONDAS ELECTRICO,BOMA,280.0,"• PRODUCTO:
MICROONDAS
ELECTRICA
• MARCA:BOMA
• POTENCIA: 700W
• VOLTAJE: 220
• CAPACIDAD : 20L
• VCARATERÍSTICAS:
REGULAR EN
DIFERENTES NIVELES",images/BM-F20MXP13.jpg,799,1.0
BM-20MXP23,MICROONDAS ELECTRICO,BOMA,290.0,"• PRODUCTO:
MICROONDAS ELECTRICA
• MARCA:BOMA
• POTENCIA: 700W
• VOLTAJE: 220
• CAPACIDAD : 20L
• VCARATERÍSTICAS:
REGULAR EN DIFERENTES
NIVELES",images/BM-20MXP23.jpg,800,1.0
BM-589,FREIDORA DE AIRE,EWTTO,130.0,"• FREIDORA DE AIRE EWTTO
• CAPACIDAD:4.5L
• POTENCIA: 1200W
• TEMPERATURA: 80°-210°
• TIEMPO DE TRABAJO:15-60
MINUTOS
• AJUSTE DE TEMPERATURA Y
CONTROL DE TIEMPO",images/BM-589.jpg,801,1.0
TK-608D,FREIDORA DE AIRE TESKA,,140.0,"• FREIDORA DE AIRE
• CAPACIDAD: 8L
• TEMPORIZADOR
• AJUSTE DE
TEMPERATURA Y
CONTROL DE TIEMPO
• POTENCIA 2400W
• PANTALLA DIGITAL",images/TK-608D.jpg,802,0.9
ET-H8005,FREIDORA DE AIRE,EWTTO,135.0,"• PRODUCTO: FREIDORA
DE AIRE
• MODELO: EWTTO
• CAPACIDAD: 5L
• TEMPERATURA: 100°-
200°
• INCLUIDO:
TEMPORIZADOR
• AJUSTE DE
TEMPERATURA Y
CONTROL DE TIEMPO",images/ET-H8005.jpg,803,1.0
BM-881,FREIDORA DE AIRE BOMA,,199.0,"• PRODUCTO:
FREIDORA DE AIRE
• CAPACIDAD: 8L
• POTENICA: 1800W
• TEMPORIZADOR
• AJUSTE DE
TEMPERATURA Y
CONTROL DE
TIEMPO
• PANTALLA DIGITAL
• COLORES: BLANCO Y
NEGRO",images/BM-881.jpg,804,0.9
R5382,FREIDORA DE AIRE RAF,,230.0,"• PRODUCTO: FREIDORA DE AIRE
• CAPACIDAD: 8.1 -10.0L
• POTENCIA: 2000W
• TEMPORIZADOR
• AJUSTE DE TEMPERATURA Y
CONTROL DE TIEMPO
• PANTALLA DIGITAL",images/R5382.jpg,805,0.9
AV-1210,EXTRACTOR DE JUGO 4 EN 1,,260.0,"• PRODUCTO: EXTRACTOR
DE JUGO
• MODELO: AVE
• INCLUIDO:INCLUYE
EXTRACTOR DE JUGOS,
LICUADORA MOLINILLO
DE CAFÉ Y PICADORA DE
CARNE",images/AV-1210.jpg,806,0.9
DN-278,EXTRACTOR DE JUGO 3 EN 1,,140.0,"• PRODUCTO: EXTRACTOR DE
JUGO 3 EN 1
• MODELO: AVE
• INCLUIDO:INCLUYE EXTRACTOR
DE JUGOS, LICUADORA Y
MOLINILLO DE CAFÉ.
• POTENCIA DE MOTOR 1500W
• CUENTA CON VELOCIDADES
AJUSTABLES",images/DN-278.jpg,807,0.9
AV-510XL,FREIDORA DE AIRE,,250.0,"• PRODUCTO: FREIDORA
DE AIRE
• MODELO: AVE
• ACERO INOXIDABLE
• CAPACIDAD: 10L
• POTENCIA:2800W
• PANTALLA LED PARA
PROGRAMAR TIEMPO DE
COCCION",images/AV-510XL.jpg,808,0.9
R2003,PLANCHA DE ROPA RAF,,24.0,"• REGULADOR DE TEMPERATURA
• CABLE GIRATORIO
• FUNCION DE VAPOR
• 1200W",images/R2003.jpg,809,0.9
NZ-2264,PLANCHA DE ROPA RAF,,30.0,"• REGULADOR DE TEMPERATURA
• CABLE GIRATORIO
• FUNCION DE VAPOR
• 1600W
• TAZA MEDIDORA",images/NZ-2264.jpg,810,0.9
SC-9007,PLANCHA,,32.0,"• PRODUCTO: PLANCHA
• MODELO: SLIVERS CRIEST
• POTENCIA: 2000W
• CARACTERISTÍCAS: REGULADOR
DE TEMPERATURA
• CAPACIDAD DE AGUA ,
PROTECCION CONTRA
SOBRECALENTAMIENTO
• INCLUYE: DEPOSITO DE
MEDIDOR DE AGUA
• USO: HOGAR, NEGOCIO",images/SC-9007.jpg,811,0.9
BM-188,MINI LAVADORA BOMA,,65.0,"• PRODUCTO: MINI
LAVADORA Y
CENTRIFUGADORA
• ALIMENTACIÓN:
PORTATIL
• POTENCIA: 36W
• CAPACIDAD: 4.5 LT
• MATERIAL: PLÁSTICO
ABS,GOMA",images/BM-188.jpg,812,0.9
,C-9 MINI LAVADORA,,200.0,"• PRODUCTO: MINI LAVADORA
• CUENTA SON UN DISEÑO
SEMIAUTOMATICO DE CARGA
SUPERIOR UY UN MOTOR DE 220V.
• INCLUYE UNA ESCOBILLA
DESMONTABLE ESPECIAL PARA
LIMPIAR ZAPATILLAS Y UNA
CANASTILLA PARA EL CENTRIFUGADO.
• IDEAL PARA LAVAR CARGAS PEQUEÑAS
COMO ROPA DE BEBÉ O ZAPATILLAS.
• CAPACIDAD: 6.5 LT
• MATERIAL: PLÁSTICO ABS,GOMA",images/page_813_product_001.jpg,813,0.75
20045-W12D,FUNDA DE LAVADORA,,10.0,"• FUNDA PARA LAVADORA
• DISEÑADA PARA PROTEGER LA
LAVADORA CONTRA EL POLVO,
HUMEDAD Y ARAÑAZOS
• MATERIAL RESISTENTE AL AGUA
Y EL SOL.
• MEDIDAS APROXIMADAS: 55 X
75X 100CM.
• DISEÑOS VARIABLES",images/20045-W12D.jpg,814,0.9
8550-C11E,"BOLSAS DE 
ALMACENAMIENTO",,12.0,"• BOLSAS DE ALMACENAMIENTO
AL VACIO
• DISEÑADO PARA REDUCIR EL
VOLUMEN DE ROPA Y TEXTILES
EN UN 80%
• INCLUYE UNA BOMBA DE
SUCCION MANUAL PARA
EXTRAER EL AIRE
• PROTEGEN CONTRA LA
HUMEDAD, EL POLVO,OLORES Y
PLAGAS, SON REUTILIZABLES.",images/8550-C11E.jpg,815,0.9
7496-W12D,CORTINA DE DUCHA,,13.0,"• JUEGO DE CORTINA CON
ESTAMPADO DIFERENTES
• INCLUYE UNA CORTINA DE
DUCHA Y 12 GANCHOS
METALICOS.
• EL MATERIAL PEVA ES
IMPERMEABLE Y ESTA
FABRICADO CON UN 30% DE
MATERIALES RECICLADOS
• RESISTENTE AL AGUA",images/7496-W12D.jpg,816,0.9
20738-C11E,FUNDA DE SOFA,,95.0,"• FUNDA PARA SOFA
• VIENEN 3 PIEZAS
• AYUDA A PROTEGER DE SUCIO,
DERRAMES Y POLVO
• COLOR MARRON",images/20738-C11E.jpg,817,0.9
DP13035,FREIDORA DE POP CORN RY-1031,,35.0,• FREIDORA DE POP CORN,images/DP13035.jpg,818,0.9
S00500,SET DE MANICURE,,7.5,"• SET DE MANICURE 7 PIEZAS
• INCLUYE :  2 CORTA UÑAS, 1
REMOVEDOR DE CUTICULA ,1
TIJERA, 1 ESPATULA , 1 CORTA
UÑAS CURVO, 1 LIMA
• VIENEN EN 3 COLORES VERDE,
BLANCO, MARRON.",images/S00500.jpg,819,0.9
RS13591,MOLDE HIELERA,,12.0,"• MOLDE, CAJA Y PALA PARA
HIELO",images/RS13591.jpg,820,0.9
LM-70,LIMPIA TODO,SCHUBERT,8.0,"• PRODUCTO: LIMPIADOR
MULTIUSOS
• MARCA: SCHUBERT
• UTILIDAD:
LIMPIEZA,TAPIZAS,MUEBLES,AS
FALTO,CERÁMICA,PAREDES,MA
DERA,LIMPIA MANCHAS DE
TELA,ALFOMBRAS
• PERMITE LA FORMA DE
ESPUMA: 30SS
• PRECAUCIÓN: ANTES DE QUE
ESPUMA SEQUE, USAR AGUA
PARA ELIMINAR CUALQUIER
LOCALIZACIÓN",images/LM-70.jpg,821,1.0
RG-80,REMOVEDOR DE GRASA,SCHUBERT,8.0,"• PRODUCTO: LIMPIADOR
DESENGRASANTE
• MARCA: SCHUBERT
• ESTA DISEÑADA PARA
PENETRAR GRASA ADHERIDA Y
FACILITAR LA LIMPIEZA DE
HORNOS, PARRILLAS, Y
ESTUFAS.
• ACTUA RAPIDA ACCION SIN
NECESIDAD DE FROTAR
INTENSAMENTE.",images/RG-80.jpg,822,1.0
AV-35L,"PROCESADOR DE 
ALIMENTOS AVINAS",,60.0,"• CAPACIDAD: CUENTA CON UN
TAZÓN DE VIDRIO DE 3.5 LITROS.
• VELOCIDADES: POSEE 3
VELOCIDADES AJUSTABLES PARA
DIFERENTES TIPOS DE ALIMENTOS.
• COMPONENTES: INCLUYE UN
MOTOR DE ACERO INOXIDABLE Y
MÚLTIPLES CUCHILLAS DE CORTE.
• USO: DISEÑADA PARA PICAR CARNE,
VERDURAS, NUECES, FRUTAS",images/AV-35L.jpg,823,0.9
TZP-207,ESCURRIDOR DE PLATOS,,35.0,"• INCLUYE SECCIONES
ESPECIFICAS PARA PLATOS,
CUENCOS, TAZAS, CUBIERTOS,
CUCHILLOS Y TABLAS DE
CORTAR.
• MEDIDAS: 36 X 45 X 32 CM",images/TZP-207.jpg,824,0.9
BLS-M503,ESCURRIDOR DE PLATOS,,35.0,• 2 NIVELES,images/BLS-M503.jpg,825,0.9
BX-R4302,ESCURRIDOR DE PLATOS,,35.0,• 2 NIVELES,images/BX-R4302.jpg,826,0.9
SU-DQ-6264A2,ESCURRIDOR DE PLATOS,,99.0,"• ESTA FABRICADO EN ACERO
INOXIDABLE E INCLUYE
COMPARTIMIENTOS
LATERALES PARA CUBIERTOS
Y VASOS.
• CUEENTA CON DOS NIVEKLES
• MEDIDAS : 660MM DE
LARGO , 261MM DE ANCHO Y
430MM DE ALTO APROX.
• TIENE BANDEJA DE DRENAJE
EXTRAIBLE.",images/SU-DQ-6264A2.jpg,827,0.9
,20988 FREIDORA DE POP CORN,,35.0,"• PRODUCTO: FREIDORA DE POP
CORN
• ALIMENTACIÓN: ELECTRICA
• POTENCIA: 1200W
• VOLTAJE: 220V/ 50HZ
• MATERIAL:
ABS,PLÁSTICO
• USO:COCCIÓN MEDIANTE AIRE
CALIENTE: PREPARA CANCHITA
SALUDABLES SIN NECESIDAD DE
ACEITE.",images/page_828_product_001.jpg,828,0.75
B1204,TETERA,,15.0,"• TETERA CON ASA
• CAPACIDAD 3.0L",images/B1204.jpg,829,0.9
JM-828-5,TAPERS DE COCINA,,25.0,"• 5 PIEZAS DE PLÁSTICO
TRANSPARENTE CON TAPAS DE
CIERRE HERMÉTICO.
• DISEÑADOS PARA ALMACENAR
ALIMENTOS SECOS COMO
CEREALES, HARINA, ARROZ Y
PASTAS, MANTENIENDO LA
FRESCURA.
• PROTEGEN LOS ALIMENTOS
CONTRA LA HUMEDAD.",images/JM-828-5.jpg,830,0.9
TV-155,SET ORGANIZADOR,,29.0,"• ORGANIZADORES
ESPECIALMENTE
PARA GRANOS Y
CEREALES
• 7 PIEZAS
• MATERIAL: VIRIO",images/TV-155.jpg,831,0.9
,9478 SET DE TAPERS,,38.0,"• 4 PIEZAS DE PLÁSTICO
TRANSPARENTE CON TAPAS.
• DISEÑADOS PARA ALMACENAR
ALIMENTOS SECOS COMO
CEREALES, HARINA, ARROZ Y
PASTAS, MANTENIENDO LA
FRESCURA.
• PROTEGEN LOS ALIMENTOS
CONTRA LA HUMEDAD.",images/page_832_product_001.jpg,832,0.75
CAU-260401,CONDIMENTERO,,25.0,"• ORGANIZADOR DE
CONDIMENTOS
• PLASTICO
• GIRATORIO
• DOS NIVELES
• 12 FRASCOS DE VIDRIO",images/CAU-260401.jpg,833,0.9
MS-290,CONDIMENTERO,,35.0,"• ORGANIZADOR DE
CONDIMENTOS
• METALIZADO
• 12 FRASCOS DE VIDRIO",images/MS-290.jpg,834,0.9
,20183 DISPENSADOR DE CEREAL,,12.0,"• DISPENSADOR DE CEREALES
• DISEÑADO PARA ALMACENAR
HASTA 1KG DE CEREALES,
GRANOS O MENESTRAS.
• CUENTA CON UN BOTON PARA
CONTROLAR LA CANTIDAD DE
ALIMENTO DISPENSADO,
AYUDANDO A CONTROLAR LAS
PORCIONES Y EVITAR
DESPERDICIOS.",images/page_835_product_001.jpg,835,0.75
TV-172,DISPENSADOR DE CEREALES,,28.0,"• DISEÑO CON MÚLTIPLES
COMPARTIMENTOS PARA
ALMACENAR DIFERENTES TIPOS
DE GRANOS.
• TAPA HERMÉTICA PARA
MANTENER LA FRESCURA Y
PROTEGER CONTRA LA
HUMEDAD E INSECTOS.
• INCLUYE TAZA MEDIDORA",images/TV-172.jpg,836,0.9
LS-531,ABRIDOR DE VINO,,25.0,"• PRODUCTO: SACA CORCHO
ELÉCTRICO
• MATERIAL :ABS
• INCLUYE: 1 SACA CORCHO,
CORTADOR DE PAPEL,
AIREADOR Y TAPÓN DE VACÍO
• PROFUNDIDAD: 23.2 CM
• MATERIAL RESISTENTE
• COLOR: NEGRO",images/LS-531.jpg,837,0.9
SF-400,BALANZA,,8.0,• BALANZA,images/SF-400.jpg,838,0.9
SHOWCASE-BD,EXHIBIDOR SOLAR,,10.0,"• PRODUCTO:  SOPORTE DE
EXHIBICIÓN
• ROTATORIO: 360°
• USO:  HERRAMIENTA
• PARA:  GRABADO BÁSICA
PARA JOYERÍA, CUENTAS,
RELOJES
• FUENTE DE PODER :
BATERÍA
• INCIDENCIA DE LUZ",images/SHOWCASE-BD.jpg,839,0.9
OK-121,MINI BALANZA,,12.0,"• BALANZA DE 5KG
• CUENTA CON RECIPIENTE",images/OK-121.jpg,840,0.9
OK-65,BALANZA,,20.0,"• PRODUCTO: BALANZA DIGITAL
• ESPECIFICACIONES: MEDIDAS DE
PESO (KG)
• MATERIAL:VIDRI0
• USO: HOGAR,COCINA, JOYAS,
HORNEAR, GESTIÓN DE
NUTRICIÓN",images/OK-65.jpg,841,0.9
KKF-23,BALANZA,,20.0,"• PRODUCTO: BALANZA DIGITAL
• ESPECIFICACIONES: MEDIDAS DE
PESO (KG)
• MATERIAL: VIDRIO
• SOPORTA HASTA 180 KG
• CUENTA CON BLUETOOTH PARA
SINCRONIZARSE EN DISPOSITIVOS
MOVILES
• FUNCION INTELIGENTE: MIDE
PESO Y PARAMETROS
CORPORALES COMO GRASA Y
AGUA",images/KKF-23.jpg,842,0.9
RS13661,TABLA PARA FLEXIONES,,18.0,"• TABLA PARA FLEXIONES
MULTIFUNCIONAL
• FUNCIONA PARA FLEXIONES DE
BRAZO CON ESTIRAMIENTO,
PECHO Y HOMBROS BIEN
DESARROLLADOS",images/RS13661.jpg,843,0.9
,8699 MINI CAJA FUERTE,,12.0,"• MINI CAJA FUERTE
• MEDIDAS:115X85X50MM
• INCLUYE MECANISMO DE
BLOQUEO CON LLAVE CILINDRICA
NIQUELADA PARA PROTEGER
OBJETOS DE VALOR O DINERO.
• CUENTA CON UNA RANURA
SUPERIOR PARA INSERTAR
BILLETES O MONEDAS SIN
NECESIDAD DE ABRIR LA CAJA.",images/page_844_product_001.jpg,844,0.75
D4146,MINI VENITLADOR,,8.0,"• PRODUCTO: VENTILADOR DE
MANO
• BATERIA: 250 MAH
• POTENCIA: 3.7V
• DURACION: 1H
• CONECTIVIDAD: RECARGABLE
• INCLUYE. CABLE DE CARGA Y
LUZ LED
• USO: PERSONAL",images/D4146.jpg,845,0.9
X100,VENTILADOR DE ESCRITORIO,,8.0,"• CUENTA CON TRES VELOCIDADES
DE VIENTO AJUSTABLES.
• ES PLEGABLE, LO QUE FACILITA SU
TRANSPORTE Y
ALMACENAMIENTO.
• BATERIA RECARGABLE HASTA
1200MAH
• SE CARGA A TRAVÉS DE UN
PUERTO USB",images/X100.jpg,846,0.9
D4144,MINI VENITLADOR,,10.0,"• PRODUCTO: VENTILADOR DE
MANO
• POTENCIA: 4.2V
• MEDIDAS :13.8 X 8.8 X 17CM
• CONECTIVIDAD: RECARGABLE
• INCLUYE. CABLE DE CARGA Y
LUZ LED
• USO: PERSONAL",images/D4144.jpg,847,0.9
,X5 VENTILADOR DE CUELLO,,8.0,"• ES UN DISPOSITIVO RECARGABLE
POR USB QUE PROPORCIONA UN
FLUJO DE AIRE FRESCO
CONSTANTE ALREDEDOR DEL
CUELLO Y LA CARA.
• SU DISEÑO SIN ASPAS ES SEGURO
Y EVITA QUE EL CABELLO SE
ENREDE.",images/page_848_product_001.jpg,848,0.75
CN-F2700,VENTILADOR CAFINI,CAFINI,22.0,"• MARCA: CAFINI
• CUENTA CON TRES VELOCIDADES
DE VIENTO AJUSTABLES.
• ES PLEGABLE, LO QUE FACILITA SU
TRANSPORTE Y
ALMACENAMIENTO.
• BATERÍA DE LITIO RECARGABLE
DE 6000 MAH.
• SE CARGA A TRAVÉS DE UN
PUERTO USB",images/CN-F2700.jpg,849,1.0
FS-100,VENTILADOR PORTATIL SPRAY,,20.0,"• VENTILADRO DE MANO CON
SPRAY DE AGUA REFRESCANTE
• RECARGABLE
• DOBLE ASPAS CON JUEGO DE
LUCES LED
• CAPSULA DE AGUA EN LA PARTE
SUPERIOR
• LANGER SUJETADOR",images/FS-100.jpg,850,0.9
VENT123,"VENTILADOR 
HUMIFICADOR",,24.0,"• FUNCIONALIDAD: COMBINA
VENTILADOR Y
HUMIDIFICADOR CON
PULVERIZACIÓN DOBLE.
• ALIMENTACIÓN: FUNCIONA
MEDIANTE CONEXIÓN USB.
• CARACTERÍSTICAS: INCLUYE
CONTROL REMOTO, LUCES
LED, Y FUNCIÓN DE GIRO.",images/VENT123.jpg,851,0.9
CN-F2683B,VENTILADOR CAFINI,CAFINI,28.0,"• MARCA: CAFINI
• NIVELES DE VELOCIDAD: 3
INTENSIDADES (BAJO,
MEDIO, ALTO)
• PANEL LED INTEGRADO
CON AJUSTE DE BRILLO
• TIEMPO DE CARGA: 3 A 5H
• INCLUYE CABLE DE CARGA
TIPO C",images/CN-F2683B.jpg,852,1.0
AB-02,"CALEFACTOR Y 
CLIMATIZADOR",,45.0,"• CALEFACTOR Y CLIMATIZADOR
ELECTRICO DE PARED 2 EN
1,COMUNMENTE COMERCIALIZADO
COMO UNA UNIDAD PORTATIL O DE
MONTAJE SENCILLO.
• CUENTA CON PANTALLA DIGITAL
PARA VISUALIZACION Y FUNCIONES
CONTROL REMOTO PARA AJUSTAR
LA TEMPERATURA.
• VOLTAJE:220V
• POTENCIA:1500W",images/AB-02.jpg,853,0.9
EW-H655,VENTILADOR,EWTTO,85.0,"• VENTILADOR EWTTO
16” PULGADAS",images/EW-H655.jpg,854,1.0
EW-H656,VENTILADOR PARA MESA,,70.0,"• VENTILADOR EWTTO A
CORRIENTE
• TRES VELOCIDADES
• 16” PULGADAS
• POTENCIA DE 55W",images/EW-H656.jpg,855,0.9
TV-34,X 50UND TV-34 MANGUERA EXPANDIBLE,,15.0,"• MANGUERA
• 22.5M
• CABEZALES INTERCAMBIABLES",images/TV-34.jpg,856,0.9
DHJ5770,PORTA CIGARROS,,8.0,"• CAJA PORTA CIGARRO
• VIENE CON CABLE DE CARGA
• BOTON DE ENCENDIDO",images/DHJ5770.jpg,857,0.9
FSD-002,BOLSA PROTECTOR DE CELULAR,,1.5,"• BOLSA IMPERMEABLE PARA
CELULAR
• PERMITE TOMAR Y GRABAR BAJO
EL AGUA
• BORDES CON CÁMARA DE AIRE
ANTI HUNDIMIENTO",images/FSD-002.jpg,858,0.9
FSD-003,BOLSA PORTA CELULAR,,2.0,"• BOLSA PARA CELULAR
IMPERMEABLE
• ANTIHUMEDAD
• CUERDA SUJETADORA",images/FSD-003.jpg,859,0.9
YQS-22,CORREA PARA MASCOTA,,10.0,"• TENSIÓN MÁXIMA DE 25 LIBRAS.
• LONGITUD DEL CORDÓN DE 3
METROS
• DISEÑADA PARA COMODIDAD Y
CONTROL.
• IDEAL PARA MASCOTAS
PEQUEÑAS Y MEDIANAS.",images/YQS-22.jpg,860,0.9
KM-1056,PELUQUERA DE MASCOTA KEMEI,,40.0,"• KIT PROFESIONAL CORTADORA DE PELO
PARA MASCOTAS.
• POTENCIA:3W
• INCLUYE CUCHILLAS DE PRESICION
DISEÑADAS PARA MANEJAR DIFERENTES
TIPOS DE PELAJE DE MASCOTAS.
• MOTOR POTENTE PERO SILENCIOSO Y DE
BAJA VIBRACION PARA ASEGURAR LA
COMIDAD DE LA MASCOTA DURANTE EL
USO.
• RECARGABLE VIA USB.
• CUENTA CON PEINE,CEPILLO LIMPIADOR,
ESPONJA, ACEITE, CORTA UÑAS Y LIMA.",images/KM-1056.jpg,861,0.9
SH12310,JOYERO,,18.0,"• JOYERO ROSADO DE DOS
NIVELES CON LLAVE.
• EL INTERIOR ESTA FORRADO
CON TERCIOPELO SUAVE Y
CUENTA CON MULTIPLES
COMPARTIMIENTOS PARA
ANILLOS, ARETES, COLLARES Y
PULSERAS.",images/SH12310.jpg,862,0.9
SH15002,JOYERO,,28.0,"• CUENTA CON 5
COMPARTIMENTOS
INDIVIDUALES CON COJINES.
• CUENTA CON TAPA DE CRISTAL
PARA EXHIBICION.",images/SH15002.jpg,863,0.9
20922-W15D,ORGANIZADORA,,30.0,"• CUENTA CON 6
COMPARTIMENTOS
INDIVIDUALES PARA RELOJES
CON COJINES Y 3 ESPACIOS
DISEÑADOS PARA LENTES O
GAFAS
• CUENTA CON TAPA DE CRISTAL
PARA EXHIBICION Y UN CIERRE
METALICO SEGURO QUE SE
PUEDE BLOQUEAR CON LLAVE.",images/20922-W15D.jpg,864,0.9
YY-3002,INFLABLE PORTA BEBIDAS,,8.0,"• VALVULA DE SEGURIDAD AL
INFLAR
• MODELO PALTA
• PARA PISCINA O PLAYA
• 8 COMPARTIMIENTOS",images/YY-3002.jpg,865,0.9
YY-3003,INFLABLE PORTA BEBIDAS,,10.0,"• VALVULA DE SEGURIDAD AL
INFLAR
• MODELO PLATINADO
• DOBLE ASA EN CADA EXTREMO
• PARA PISCINA O PLAYA
• 8 COMPARTIMIENTOS",images/YY-3003.jpg,866,0.9
SC-2262,PSICINA INFLABLE BESTWAY,,120.0,"• 262x175x51 CM
• MATERIAL RESISTENTE EN
PVC
• 2 CAPAS DE PVC
• CAPACIDAD DE 6+",images/SC-2262.jpg,867,0.9
,21164 SILLA PEGABLE,,20.0,"• SILLA PLEGABLE
• DISEÑO MULTICOLOR
• ALTURA AJUSTABLE
• RESISTENTE Y FACIL DE
LLEVAR",images/page_868_product_001.jpg,868,0.75
SF-1180,COJÍN INFLABLE,,50.0,"• SILLA INFLABLE MODELO PELOTA
• 110CM X 80CM
• VALVULA DE SEGURIDAD AL
INFLAR",images/SF-1180.jpg,869,0.9
KB-06,LAMPARA LED,,4.5,• ESFERA DE CRISTAL,images/KB-06.jpg,870,0.9
LED-736,LAMPARA DISEÑOS,,10.0,"• LAMPARA DE MESA PARA
NIÑOS
• RECARGABLE",images/LED-736.jpg,871,0.9
PM12075,LAMPARA ASTRONAUTA,,12.0,"• LAMPARA DISEÑO ASTRONAUTA
• CON CABLE CARGA",images/PM12075.jpg,872,0.9
LAM-108,LÁMPARA CON GANCHO,,12.0,"• PRODUCTO: LINTERNA DE
LECTURA
• ALIMENTACIÓN:  A CORRIENTE
DIRECTA
• USO: MESITA DE NOCHE,
ESCRITORIO
• CARACTERISTICAS: PROTECCIÓN
OCULAR
• TIPO : GANSO CON PINZA Y
GANCHO
• COLORES:
ROJO,NEGRO,AZUL,VERDE,ROSA
DO,GRIS",images/LAM-108.jpg,873,0.9
LED-759,LÁMPARA,,10.0,"• PRODUCTO: 1 LAMPARA
• MODELO: CAPIBARA
• LUZ : DE MESA
• FORMA: OVALADA
• ALIMENTACIÓN: RECARGABLE
• INCLUYE: CABLE USB
• USO: SALA DE
ESTUDIOS,COMPAÑERO DEL
SUEÑO, REGALO DECORATIVO
PARA DORMITORIO
• COLORES: MARRÓN Y
ROSADO",images/LED-759.jpg,874,0.9
CN-E7825,/BT LAMPARA ASTRONAUTA,,20.0,"• LAMPARA DISEÑO ASTRONAUTA.
• INCLUYE UN PROYECTOR DE
GALAXIAS Y ESTRELLAS
AJUSTABLES,UN ALTAVOZ
BLUETOOTH INTEGRADO PARA
REPRODUCIR MUSICA .
• DIMENSIONES: 16.3 CM X 16 CM
X 17.3 CM APROXIMADAMENTE.
• CON CABLE DE CARGA TIPO C Y
CONTROL REMOTO",images/CN-E7825.jpg,875,0.9
ET-L7030B,LAMPARA ASTRONAUTA,EWTTO,25.0,"• PRODUCTO: ASTRONAUTA
MODELO: SISTEMA SOLAR DE
SATURNO
• INCLUYE: CONTROL REMOTO
• LUZ : NOCTURNA DECORATIVA
• ALIMENTACIÓN: ELECTRICA POR
USB
• USO: DECORACIÓN PARA
ESCRITORIO, HOGAR, OFICINA Y
OCASIONES ESPECIALES",images/ET-L7030B.jpg,876,1.0
LM-080,MASAJEADOR DE CABEZA,,24.0,"• MODELO: MOLDEABLE PARA LA
CABEZA
• MASAJES VIBRATORIOS
• CUENTA CON 3 TIEMPOS DE
VIBRACION
• 8 MODOS DE MASAJE SHIATSU",images/LM-080.jpg,877,0.9
LS-16,MASAJEADOR DE CUELLO LS-16,,50.0,"• MODELO: MOLDEABLE Y
• 16 NODOS GIRATORIOS
• MATERIALES: PVC Y TELA
• POTENCIA NOMINAL: 24W
• INCLUYE ADAPTADOR: 12V
PARA EL AUTO>
• 8 MODOS DE MASAJE SHIATSU",images/LS-16.jpg,878,0.9
SH-005,SECADORA PORTATIL,,45.0,"• SECADORA PORTATIL
• SECADO EN 30 MINUTOS
• CUENTA CON TEMPERATURA
CONSTANTE, 5 VELOCIDADES, ES
BAJO DE RUIDO",images/SH-005.jpg,879,0.9
CF82-A282,ORGANIZADOR DE BAÑO,,18.0,"• ORGANIZADOR DE BAÑO
• MULTIPLES COMPARTIMENTOS
• DIMENSIONES APROX:
47X25X155CM",images/CF82-A282.png,880,0.9
ZWJ-1026,ORGANIZADOR,,24.0,"• ORGANIZADOR DE BAÑO
• MULTIPLES COMPARTIMENTOS
• DIMENSIONES APROX: 152 CM Y
165 CM DE ALTO, ANCHO DE 62 A
65 CM Y UNA PROFUNDIDAD DE
25 CM.",images/ZWJ-1026.png,881,0.9
YG-77,ORGANIZADOR DE DUCHA,,25.0,"• PRODUCTO:
ORGANIZADORES DE
DUCHA
• ESTILO: DECO, URBANO
INDUSTRIAL
• MATERIAL: ACERO
• SISTEMA DE FIJACIÓN:
SOBREPONER
• ACABADO: MATE
• COLOR: BLANCO Y NEGRO",images/YG-77.jpg,882,0.9
TM-0090,ORGANIZADOR DE BAÑO,,32.0,"• PRODUCTO: ORGANIZADORES
DE BAÑO
• ESTILO: DECO, URBANO
INDUSTRIAL
• MATERIAL: ACERO
• CANTIDAD DE REPISAS: 3
• SISTEMA DE FIJACIÓN:
SOBREPONER
• ACABADO: MATE
• COLOR: NEGRO",images/TM-0090.jpg,883,0.9
ZWJ-1033,ORGANIZADOR,,32.0,"• 3 NIVELES
• 160 X 36X170 CM",images/ZWJ-1033.jpg,884,0.9
ZWJ-1018,ORGANIZADOR,,32.0,"• 103CM X 41CM X 188CM
• MULTIPLES COMPARTIMENTOS
• ESTRUCTURA METALICA",images/ZWJ-1018.jpg,885,0.9
,54442 TENDEDERO,,32.0,"• TENDEDERO VERTICAL PEGABLE
• DISEÑADO PARA SECAR ROPA
OPTIMIZANDO EL ESPACIO.
• CUENTA CON 4 NIVELES QUE
PERMITE COLGAR MULTIPLES
PRENDAS AL MISMO TIEMPO.
• FABRICADO CON MATERIALES
RESISTENTES COMO ACERO Y
POLIPROPILENO.",images/page_886_product_001.jpg,886,0.75
20151-C14D,ORGANIZADOR DE GORRAS,,9.0,"• ESTANTE ORGANIZADOR DE
GORRAS
• DISEÑADO PARA MONTAJE EN LA
PARED
• MATERIAL DE PLASTICO ABS",images/20151-C14D.jpg,887,0.9
20983-C93BS,ZAPATERA,,20.0,"• PRODUCTO: ZAPATERA
• MATERIAL DE ALUMINIO
• MEDIDAS APROXIMADAS:
71XX26X85 CM",images/20983-C93BS.jpg,888,0.9
,0139 PERCHERO,,32.0,"• PRODUCTO: PERCHERO CON
ZAPATERA
• FACIL DE ARMAR,
RESISTENTE AL POLVO
• 4 NIVELES",images/page_889_product_001.jpg,889,0.75
MS-2750,ZAPATERA,,55.0,"• PRODUCTO: ZAPATERO CON
PERCHERO
• MATERIAL: ASAMBLADO
CON UN TUBO DE METAL
• CARACTERISTICAS: CON
BUENA ESTABILIDAD Y UNA
GRAN CAPACIDAD DE
CARGA.
• 6 NIVELES",images/MS-2750.jpg,890,0.9
CB-13,SECADOR DE CALZADO,,24.0,"• SECADORA PORTATIL
• SECA EL CALZADO CON AIRE
CALIENTE A UNA TEMPERATURA
CONSTANTE DE 48 °C , UTILIZA LUZ
ULTRA VIOLETA PARA ELIMINAR
GERMENES Y MAL OLOR.
• CUENTA CON TEMPORIZADOR
PARA PROGRAMAR EL SECADO
DESDE 30 HASTA 120 MINUTOS
CON APAGADO AUTOMATICO AL
FINALIZAR.",images/CB-13.jpg,891,0.9
NFJ-03,CALEFACTOR,,24.0,"• PRODUCTO: CALEFACTOR
ELECTRICO
• SALIDA : ENCHUFE DE
PARED
• INCLUYE: TERMOSTATO
AJUSTABLE
• PROTECCION: CONTRA
SOBRECALENTAMIENTO
• POTENCIA :400W
• COLOR: NEGRO",images/NFJ-03.jpg,892,0.9
BH-167,FUNDA PARA LAVAR ZAPATILLAS,,6.0,"•
MATERIAL: CUENTA CON CERDAS
INTERNAS QUE SIMULAN UN
CEPILLADO MANUAL PARA UNA
MEJOR LIMPIEZA Y RIZO PROTECTOR.
•
FUNCIÓN: PROTEGE EL CALZADO DE
DEFORMACIONES Y EVITA DAÑOS EN
EL TAMBOR DE LA LAVADORA.
•
CIERRE: EQUIPADO CON
CREMALLERA SEGURA PARA
MANTENER LOS ZAPATOS DENTRO
DURANTE EL CICLO DE LAVADO.",images/BH-167.jpg,893,0.9
,8624 ASPIRADORA,,50.0,"• PRODUCTO: ASPIRADORA DE MANO
INALAMBRICA MULTIUSOS PARA
LIMPIEZA.
• UTILIZA LUZ ULTRAVIOLETA PARA
DESINFECTAR Y ELIMINAR GERMENES,
BATERIAS Y HASTA EL 99% DE LOS
ACAROS EN COLCHONES Y SOFAS.
• CUENTA CON UN FILTRO HEPA QUE
CAPTURA PARTICULAS FINAS Y
ALERGENOS MICROSCOPICOS PARA UN
AIRE MAS LIMPIO
• DURA HASTA 20 MINUTOS CONTINUOS
DE LIMPIEZA",images/page_894_product_001.png,894,0.75
C1859-2,"INFLADOR + 
ASPIRADORA",,75.0,"•
COMPARTIMIENTO: SISTEMA DE
RECOLECCIÓN
•
FUNCIONES: 2 EN 1 (INFLADOR MÁS
ASPIRADORA PORTATIL)
•
POTENCIA: 100 W
•
INCLUYE: ASPIRADORA INFLADOR,
CABLE DE CARGA:  BOQUILLAS
INTERCAMBIABLES , ACCESORIOS
MONTABLES Y MANUAL DE GUÍA
•
TIPO DE ASPIRADORA: DE
AUTOMÓVIL
•
CARACTERÍSTICAS: AJUSTE DE
TEMPERATURA",images/C1859-2.jpg,895,0.9
MS-416,LEVANTA MUEBLES,,12.0,"• PRODUCTO: ELEVADOR
LEVANTA MUEBLES
• ALTO: 10 CM
• ANCHO : 28CM
• PESO: 690 GR.
• INCLUYE
• SETS DE HERRAMIENTA
LEVANTA MUEBLES
• CARACTERISTICAS: MANGO
ANTIDESLIZANTE
USO:MANO DE OBRA FINA,
LA DIMENSIÓN PRECISA,
PARA MUEBLES Y GRANDES
ELEMENTOS PESADOS",images/MS-416.jpg,896,0.9
,"20893 SET DE 
DESTORNILLADOR",,10.0,"•
DESTORNILLADORES CON
MANGO EN FORMA DE T Y
PUNTAS INTERCAMBIABLES.
•
MATERIAL: ACERO CROMADO
DE ALTA, RESISTENCIA
•
PRESENTACIÓN: ESTUCHE
ORGANIZADOR PORTÁTIL
•
USO: AUTOMOTRIZ, MECÁNICO
Y DOMÉSTICO",images/page_897_product_001.jpg,897,0.75
,"20895 SET DE 
HERRAMIENTAS",,10.0,"• INCLUYE 4 HERRAMIENTAS
ESENCIALES PARA
REPARACIONES BASICAS.
• INCLUYE: CINTA METRICA
DE 3 METROS, CUTTER, UN
DESTORNILLADOR CON
MANGO ERGONOMICO Y
CINTA AISLANTE P.V.C",images/page_898_product_001.jpg,898,0.75
,"420111 SET DE 
HERRAMIENTAS",,10.0,"• INCLUYE LLAVE FIJA
COMBINADA Y UN CUTTER
• HERRAMIENTAS PARA DAR
UNA MAYOR SEGURIDAD Y
PRECISION EN TRABAJOS
DE MECANICA.",images/page_899_product_001.jpg,899,0.75
,20774 ENCENDEDOR ELECTRICO,,8.0,"•
ENCENDEDOR ELECTRICO RECARGABLE
•
UTILIZA TECNOLOGIA DE PLASMA DE
ARCO ELECTRICO EN LUGAR DE
LLAMA, LO QUE LO HACE RESISTENTE
AL VIENTO Y AL CLIMA HUMEDO.
•
CUENTA CON CUELLO GIRATORIO DE
360 GRADOS QUE FACILITA EL
ENCENDIDO EN AGULOS DIFICILES.
•
VIENE CON CABLE USB PARA SU
CARGA.
•
INCLUYE INTERRUPTOR DE BLOQUEO
DE SEGURIDAD PARA PREVENIR
ENCENDIDOS ACCIDENTALES.",images/page_900_product_001.jpg,900,0.75
8789-C60B,CAUTIN PARA SOLDAR,,8.0,"•
CAUTIN ELECTRICO
•
POTENCIA: 60W
•
DISEÑADO EN FORMA DE LAPIZ
PARA MANEJO COMODO
DURANTE REPARACIONES O
ENSAMBLES ELECTRONICOS.
•
IDEAL PARA PROYECTOS DE
BRICOLAJE, INSTALACION Y
MANTENIMIENTO DE
CIRCUITOS.",images/8789-C60B.jpg,901,0.9
JF-12IN1,KIT DE HERRAMIENTAS,,15.0,"• KIT DE 12 PIEZAS
• INCLUYE
• SOCKET:6 ,8, 9 ,10MM
• PHILLIPS: PHO, PH1, PH2,
PH3
• SLOTTED:3, 4, 5MM
• SOCKET ADAPTOR: 1/4´´",images/JF-12IN1.jpg,902,0.9
,20887 SOLPLADOR Y ASPIRADORA,,55.0,"• SOPLADOR Y ASPIRADORA
INALAMBRICA
• IDEAL PARA LIMPIEZA DE
VEHICULOS,EQUIPOS DE
COMPUTACION, HERRAMIENTAS Y
AREAS EXTERIORES.
• VOLTAJE: 48V
• INCLUYE: CARGADOR",images/page_903_product_001.jpg,903,0.75
,21738 MINI TALADRO,,20.0,"•
INCLUYE DESTORNILLAFDOR
ELECTRICO DE 47 PIEZAS
•
PRESENTA UNA VARIEDAD DE
PUNTAS,DADOS Y UN EJE
FLEXIBLE PARA ACCEDER A
ESPACIOS REDUCIDOS.
•
ES UNA HERRAMIENTA
INALAMBRICA Y RECARGABLE
DISEÑADA PARA TRABAJOS
DOMESTICOS Y BRICOLAJE
LIGERO.",images/page_904_product_001.jpg,904,0.75
TL-9329,JUEGO DE TALADRO,,65.0,"•
INCLUYE: JUEGO DE TALADRO
INALAMBRICO DE 36V
•
INCLUYE: 2 BATERIAS
RECARGABLES Y UN CARGADOR
DE PARED
•
FUNCIONES DE TALADRO
PERCUTOR Y DESTORNILLADOR.
•
VARIEDAD DE PUNTAS Y
BROCAS (MECHAS) PARA
DIFERENTES USO.
•
USO: DISEÑADO PARA
ENSAMBLAJE DE MUEBLES Y
TAREAS DOMESTCICAS",images/TL-9329.jpg,905,0.9
,150193 PISTOLA DE CLAVOS FULMINANTE,,25.0,"• USO: PERMITE REALIZAR ANCLAJES RÁPIDOS
DE PERFILES METÁLICOS O ESTRUCTURAS A
PAREDES DE CONCRETO SIN NECESIDAD DE
TALADRAR O MARTILLAR.
• COMPONENTES: INCLUYE LA PISTOLA DE
CLAVOS, CUATRO BARRAS DE EXTENSIÓN
METÁLICAS, GAFAS DE SEGURIDAD, TAPONES
AUDITIVOS, ACEITE LUBRICANTE Y CEPILLOS DE
LIMPIEZA.
• FUNCIONAMIENTO: GENERALMENTE UTILIZA
FULMINANTES (CARGAS DE POTENCIA) DE
DIFERENTES COLORES PARA AJUSTAR LA
FUERZA DEL DISPARO SEGÚN EL MATERIAL.",images/page_906_product_001.jpg,906,0.75
WB-16,KIT DE HERRAMIENTAS,,75.0,"• ESTUCHE ORGANIZADOR PLÁSTICO
• LLAVE CRICKET REVERSIBLE.
• INCLUYE TODO ENCASTRES 1/2:
• LLAVES ALLEN 1.5MM, 2MM, 2.5MM.
• MOVIMIENTO EN ÁNGULO. BARRAS
EXTENSIÓN 2'' Y 4‘’.
• EXTENSIÓN FLEXIBLE 4'' (RESORTE
FLEXIBLE PERMITE TRABAJAR EN LUGARES
DIFÍCILES).
• LLAVE DE FUERZA. AGARRE TIPO
DESTORNILLADOR PARA LOS BITS.
ADAPTADOR PARA BITS STANDARD.
• 18 TUBOS INCLUIDOS",images/WB-16.jpg,907,0.9
,STN 21006 TALADRO,,85.0,"• VOLTAJE 48V
• INCLUYE UN ESTUCHE RIGIDO DE
TRANSPORTE, VARIAS BROCAS,
PUNTAS DE DESTORNILLADOR Y UN
EJE FLEXIBLE, DOS BATERIAS DE
IONES DE LITIO.
• IDEAL PARA PERFORAR MADERA,
METAL Y PAREDES,ASI COMO PARA
ATORNILLAR EN DIVERSOS
MATERIALES.",images/page_908_product_001.jpg,908,0.75
,7825 PISTOLA DE PINTURA,,100.0,"• MARCA LANTUN
• VOLTAJE: 21V
• CAPACIDAD DE 1000ML
• INCLUYE: CARGARDOR",images/page_909_product_001.jpg,909,0.75
RS13544,HIDROLAVADORA LANTUN,,55.0,"• HIDROLAVADORA PORTATIL
INALAMBRICA.
• TIENE TASA DE FLUJO ESTIMADA DE
240 L/H.
• BATERIA : 4000 MAH
• INCLUYE LA PISTOLA DE LAVADO A
PRESION, BATERIAS RECARGABLES Y
UNA MANGUERA",images/RS13544.jpg,910,0.9
RS13754,HIDROLAVADORA LANTUN,,80.0,"• HIDROLAVADORA PORTATIL
INALAMBRICA.
• INCLUYE MALETIN PARA
TRANSPORTAR EL EQUIPO Y
ACCESORIOS..
• CUENTA CON UNA PISTOLA DE
LIMPIEZA RECARGABLE QUE
FUNCIONA CON BATERIA DE IONES
DE LITIO,OFRECIENDO MOVILIDAD
SIN NECESIDAD DE CABLES.
• POTENCIA :120V",images/RS13754.jpg,911,0.9
HV-80,HIDROLAVADORA VOLCANO,,80.0,"• HIDROLAVADORA PORTATIL
• INCLUYE LA PISTOLA DE LAVADO,DOS
BATERIAS, CARGADOR, MANGUERA DE
SUCCION CON FILTROO, BOQUILLAS Y
UN RECIPIENTE PARA DETERGENTE.
• IDEAL PARA LIMPIEZA DE
AUTOMOVILES,BICICLETAS, MOTOS Y
AREAS EXTERIORES DEL HOGAR.
• ALTA PRESION APROXIMADAMENTE DE
30 BAR Y CAUDALES DE AGUA
ALREDEDOR DE 4 LITROS POR MINUTO.",images/HV-80.jpg,912,0.9
YD-151,CAMINADORA,,599.0,"• CINTA CAMINADORA
• PESO MÁXIMO DE CARGA 120KG
• ALTO 122CM
• PANTALLA DIGITAL QUE INDICA:
TIEMPO, VELOCIDAD, KILOMETROS
Y CALORÍAS.
• COLOR NEGRO
• SOPORTE DE CELULAR",images/YD-151.jpg,913,0.9
MM-20,MORRAL ANTIROBO,,16.0,"• MULTIPLES BOLSILLOS
• CON UN PUERTO USB EN EL
EXTERIOR Y UNA LÍNEA DE
CARGA DE DATOS EN EL
INTERIOR
• TELA OXFORD, RESISTENTE
AL GUA Y DESGASTE
• BOLSILLO ANTIROBO OCULTO
• CANDADO CON CLAVE",images/MM-20.jpg,915,0.9
605-C23W,MORRAL,,20.0,"• CUENTA CON MULTIPLES
BOLSILLOS
• 3 BOLSILLOS EN EL EXTERIOR
Y UNO EN EL INTERIOR DEL
BOLSO",images/605-C23W.jpg,916,0.9
HB159,MORRAL,,22.0,"• CUENTA CON MULTIPLES
BOLSILLOS
• 2 BOLSILLOS EN EL EXTERIOR
Y UNO EN EL INTERIOR DEL
BOLSO",images/HB159.jpg,917,0.9
AN-403,CARTERA,AIN AIN,30.0,"• CARTERA TIPO BAGUETTE
• MARCA: AIN AIN
• ESTAMPADO NEGRO CON
BESOS EN TONOS ROSADOS.
INCLUYE CORREA AJUSTABLE.",images/AN-403.jpg,918,1.0
08B-198,MOCHILA,,32.0,"• PRODUCTO: MOCHILAS
• DISEÑADA CON CORREAS
AJUSTABLE
• INCLUYE UN PEQUEÑO
MONEDERO O ACCESORIO
DESMONTABLE EN FORMA
DE CABEZA DE
DINOSAURIO.",images/08B-198.jpg,919,0.9
B-8006,MOCHILA 2EN1,,35.0,"• PRODUCTO: MOCHILA
+ CARTUCHERA A
JUEGO.
• DISEÑO PARA NIÑOS Y
NIÑAS.",images/B-8006.jpg,920,0.9
O7B-1913,MOCHILA MALETA 3EN1,,52.0,"• EL CONJUNTO INCLUYE UNA
MOCHILA CON RUEDAS,
UNA LONCHERA Y UN
ESTUCHE PARA LÁPICES.
• CARACTERÍSTICAS: LA
MOCHILA PRINCIPAL
CUENTA CON UN ASA
RETRÁCTIL Y RUEDAS PARA
FACILITAR EL TRANSPORTE.",images/O7B-1913.jpg,921,0.9
XY-7169,MOCHILA,,40.0,"• MOCHILA ESCOLAR ESTILO
KAWAII
• COLORES: LILCA, ROSA Y
NEGRO",images/XY-7169.jpg,922,0.9
XY-7093,MOCHILA,,45.0,"• MÚLTIPLES BOLSILLOS PARA
ORGANIZACIÓN
• DISEÑO VERSÁTIL O MOCHILA
ESCOLAR.
• COMODIDAD: INCLUYE
CORREAS DE HOMBRO
AJUSTABLES Y ACOLCHADAS
• COLOR: BEIGE Y ROSADO.",images/XY-7093.jpg,923,0.9
7775-CNT9D,BILLETERA DE CABALLERO,,8.0,"• MÚLTIPLES
COMPARTIMIENTOS PARA
TARJETAS Y UNA VENTA
TRANSPARENTE PARA FOTOS O
DOCUMENTOS.
• TIENE CIERRE EN EL INTERIOR
PARA GUARDAR MONEDAS O
OTROS USO.
• DISEÑO CLASICO",images/7775-CNT9D.jpg,924,0.9
SP-6055,LENTES+GANCHOS,,5.0,"• PRODUCTO: GAFAS
DECORATIVAS DE MODA
JUVENIL
• MARCO: FORMA CIRCULAR Y
OREJITAS
• INCLUYE: ESTUCHE DE
CARTON, LENTES ,1 PAR DE
GANCHOS
• COLORES:
AMARILLO,VERDE,CELESTE,BEI
GER Y BLANCO",images/SP-6055.jpg,925,0.9
BH-JQ020,PISTOLA DE SILICONA,,10.0,"• PISTOLA A CORRIENTE DE
SILICONA
• SWITCHER DE ENCENDIDO Y
APAGADO",images/BH-JQ020.jpg,926,0.9
,A9 MINI CAMARA,,12.0,"• MINI CAMARA
• CUENTA CON RESOLUCION HD PARA
IMÁGENES CLARAS, VISION
NOCTURNA PARA CONDICIONES DE
POCA LUZ Y DETECCION DE
MOVIMIENTO.
• INCLUYE BATERIA INTERNA,SOPORTE
PARA TARJETAS MICROSD
• DISEÑADA PARA VIGILANCIA
DISCRETA DE INTERIORES.",images/page_928_product_001.jpg,928,0.75
MY-7142,CAMARA GO PRO,,55.0,• CAMARA 4K ULTYRA HD,images/MY-7142.jpg,929,0.9
5700-PRO-2K,CAMARA INTERIOR,,65.0,"• CAMARA DE DOBLE LENTE DE UHD DE
RESOLUCIÓN
• VISIÓN NOCTURNA (B/N Y TAMBIÉN A
COLORES)
• SENSOR DE MOVIMIENTO
• ALARMA TIPO SIRENA INCORPORADO
• MICRÓFONO INCORPORADO
• ALTAVOZ INCORPORADO
• CÁMARA INFERIOR ESTÁTICA
• CÁMARA SUPERIOR GIRATORIA 360°
• WIFI ( RECOMENDABLE USAR 2.4 GHZ)",images/5700-PRO-2K.jpg,930,0.9
LT-A8B,CAMARA INTERIOR,,75.0,"• CONECTIVIDAD WI-FI
• CAPACIDAD PANORAMICA Y DE
INCLINACION
• INCLUYE LA CÁMARA, ADAPTADOR
DE CORRIENTE, SOPORTE DE
MONTAJE Y ACCESORIOS DE
INSTALACIÓN.",images/LT-A8B.jpg,931,0.9
P6PRO-3K,CAMARA DE SEGURIDAD,,90.0,"• CAMARA DE DOBLE LENTE PARA
EXTERIORES, CON ALTA RESOLUCION
• LOS DOS LENTES PERMITEN
MONITOREAR AREAS
SIMULTANEAMENTE PSRA REDUCIR
PUNTOS CIEGOS OFRECIENDO
REDOLUCION DE 3K O ALTA
DEFINICION
• DISEÑO PTZ
• CUBRE UN ANGULO DE 360°
• CUENTA CON WIFI Y VISION
NOCTURNA",images/P6PRO-3K.jpg,932,0.9
BS-H9023,CAMARA DE SEGURIDAD,,100.0,"• TRIPLE CÁMARA MULTIENFOQUE
360 GRADOS
• FUNCIONAMIENTO DESDE
APLICATICO
• ALARMA SIRENA LUZ ROJA Y AZUL
• DOBLE ANTENA DE RECEPCIÓN
• SENSOR DE MOVIMIENTO",images/BS-H9023.jpg,933,0.9
BS-H9018,CAMARA BOSSNEY,,125.0,"• PRODUCTO: CAMARA
• MODELO: DOBLE ANTENA
• RESOLUCION:  HD
• CARACTERISTÍCAS:
ALTAVOZ PARA AUDIO
• CONTROL: APLICATIVO
• FUNCIONA :MEMORIA
• INCLUYE: ACCESORIOS DE
INSTALACION
• COLOR: NEGRO",images/BS-H9018.jpg,934,0.9
BS-H9016,CAMARA BOSSNEY,,150.0,"•
PRODUCTO:CAMARA
•
TIPO DE CÁMARA: INTERIOR Y EXTERIOR
•
CARACTERÍSTICAS: CONEXIÓN WI-FI,
SENSOR
•
RESOLUCIÓN MÁXIMA: 1440P 8K
•
LENTE: 3  DE 3.6MM
•
POTENCIA: 12V2A
•
GRADO DE IP: IP66
•
MOVIMIENTO-: 360°
•
INCLUYE: AUDIO, PARLANTES,
MICRÓFONO
•
MEMORIA MICRO SD: HASTA 128G (NO
INCLUYE)
•
COMPATIBILIDAD
•
WIFI , CABLE DE RED
•
APP:ICSEE",images/BS-H9016.jpg,935,0.9
BS-H9009,CAMARA BOSSNEY,,165.0,"•
PRODUCTO: CAMARA DE 3 LENTES
•
LENTES SUPERIOR: 2 Y 3.6M
•
LENTE INFERIOR: 1 LENTE Y 3.6M
•
SENSOR: DOBLE SENSOR DE 3 PANTALLAS
•
VISUALIZACIÓN: ANGULAR,LARGA DISTANCIA,
MONITREO LEJOS Y CERCA
•
LUCES:  LUZ BLANCA,DUAL, INFRARROJA Y
VISIÓN NORCTURNA
•
RECONOCIMIENTO Y DETECCIÓN: POR IA
•
FORMATO DE VIDEO: H.265
•
INCLUYE: ALARMA DE CORREO ELECTRÓNICO
•
ADMITE : ALMACENAMIENTO TF Y EN NUBE
•
CONEXIÓN:  WIFI 2,4 GHZ ( NO ADMITE WIFI
5G)
•
CONEXIÓN: CABLE RED
•
APLICACIÓN: ""ICSEE"" DE GOOGLE PLAY O IOS
APP STORE",images/BS-H9009.jpg,936,0.9
TY-326,PROYECTOR,,130.0,"• PRODUCTO: PROYECTOR SMART
LCD
• CONECTIVIDAD: BLUETOOTH,
WIFI
• SISTEMA ANDROID :11.0
• CARACTERÍSTICAS: RUEDA DE
ENFOQUE
• SOPORTE PARA RESOLUCION 4K
• ENTRADAS:  USB Y HDMI
• INCLUYE: CONTROL REMOTO",images/TY-326.jpg,937,0.9
PJ235,PROYECTOR HAVIT,,310.0,"• PROYECTOR HAVIT
• RESOLUCION NATIVA DE
PROYECCION: 1280*720
• COMPATIBLE CON 4K
• PANTALLA: 80000 LUMENES
• CONEXIÓN: USB, HDMI-
COMPATIBLE, SALIDA DE JACK
3.5MM
• POTENCIA: 65W
• INCLUYE CONTRO REMOTO Y
CABLE A CORRIENTE DIRECTA",images/PJ235.jpg,938,0.9
TS-9PRO,PROYECTOR LANTUN,,350.0,"• PROYECTOR LANTUN.
• CUENTA CON CONECTIVIDAD
WIFI 5G Y BLUETOOTH PARA
TRANSMISION INALAMBRICA DE
SONIDO Y CONTENIDO DESDE
DISPOSITIVOS MOVILES.
• OFRECE RESOLUCION NATIVA DE
ALTA DEFINICION CON
FUNCIONALIDAD DE ENFOQUE
AUTOMATICO PARA FACILITAR
LA CONFIGURACION DE LA
IMAGEN.
• ALTURA AJUSTABLE",images/TS-9PRO.jpg,939,0.9
X10,PLUS PROYECTOR,,199.0,"• PROYECTOR SMART LCD
• JUEGOS EN 4K
• BLUETOOTH, WIFI
• RUEDA DE ENFOQUE
• ENTRADA USB , MEMORIA SD Y HDMI
• CONTROL REMOTO
• CON DOS MANDOS",images/X10.jpg,940,0.9
LKV57,PROYECTOR LINK,MAX,350.0,"• PROYECTOR LINKMAX
• CUENTA CON CONECTIVIDAD
WI-FI, BLUETOOTH Y PUERTOS
HDMI Y USB PARA DIVERSAS
FUENTES DE ENTRADAS.
• OFRECE RESOLUCION 4K Y
PUEDE PROYECTAR IMÁGENES
DE HASTA 200 PULGADAS.
• INCLUYE CONTROL REMOTO Y
UNA BASE GIRATORIA
INCORPORADA PARA AJUSTAR
EL ANGULO DE PROYECCION.",images/LKV57.jpg,941,1.0
PJ300,PROYECTOR,,990.0,"• PRODUCTO: PROYECTOR SMART
• RESOLUCION 4K Y SISTEMA OPERATIVO
ANDROID TV 9.0
• CUENTA CON UNA LUMINOSIDAD DE
550ANSI LUMENES Y CORRECCION DE
IMAGEN TRAPEZOIDAL AUTOMATICA DE
40 GRADOS.
• CONECTIVIDAD: WIFI DE DOBLE BANDA
(2.4G/5G) Y BLUETOOTH.
• ENTRADAS: 2 HDMI, USB, AV Y UN JACK
3.5MM PARA AUDIO.
• INCLUYE: CONTROL REMOTO,CABLE
AUXILIAR, CABLE A CORRIENTE DIRECTA",images/PJ300.jpg,942,0.9
,ISDBT DECODIFICADOR,,38.0,"•
SINTONIZADOR KRONO PERMITE
RECIBIR CANALES DE TELEVISION
DIGITAL TERRESTREEN ALTA DEFINICION
(1080P)
•
INCLUYE UN PUERTO USB PARA
REPRODUCCION DE MULTIMEDIA Y
GRABACION DE PROGRAMAS.
•
CUENTA CON UN CONTROL REMOTO Y
CABLES HDMI Y RCA PARA CONEXIÓN A
TELEVISORES ANTIGUOS O MODERNOS.",images/page_943_product_001.jpg,943,0.75
H96MAX,TVBOX,,85.0,"•
CUENTA CON 4 GB DE RAM Y 32 GB DE
ALMACENAMIENTO INTERNO.
•
SOPORTA DECODIFICACIÓN DE VIDEO
4K.
•
INCLUYE UN CONTROL REMOTO CON
FUNCIONES DE VOZ Y BOTONES
DEDICADOS PARA APLICACIONES
POPULARES COMO NETFLIX Y
YOUTUBE.
•
PERMITE ACCEDER A UNA GRAN
VARIEDAD DE APLICACIONES DE
STREAMING COMO DISNEY+, HULU,
PRIME VIDEO Y MÁS.",images/H96MAX.jpg,944,0.9
Z11,DEDALES GAMER,,1.5,"• ESTAN DISEÑADOS PARA
MEJORAR LA SENSIBILIDAD
TACTIL Y REDUCIR LA FRICCION
EN LA PANTALLA.
• AYUDAN A ABSORBER EL
SUDOR DE LOS DEDOS PARA
EVITAR QUE SE DESLICEN
INCORRECTAMENTTE.
• SON COMPATIBLES CON LA
MAYORIA DE MARCAS DE
TELEFONOS ANDROID E IOS.",images/Z11.jpg,945,0.9
J36,ULTRA JUEGO DE MANO,,140.0,"• PANTALLA: IPS DE 3.5
PULGADAS.
• ALMACENAMIENTO: DISPONIBL
E EN VERSIONES DE 64GB O
128GB.
• FUNCIONALIDAD: REPRODUCTO
R DE VIDEO RETRO Y SISTEMA
DE JUEGOS CLÁSICO.
• ACCESORIOS: INCLUYE CABLE
DE CARGA.",images/J36.jpg,946,0.9
X80,PRO CONSOLA DE JUEGOS,,175.0,"• PANTALLA: 7 PULGADAS.
• BATERIA: 300MAH
• SOPORTE PARA SALIDA DE VIDEO
HD A TELEVISORES.
• OFRECE ALMACENAMIENTO
INTERNO,CON ALGUNAS
VERSIONES QUE INCLUYEN 16GB
DE CAPACIDAD PARA JUEGOS
CLASICOS, CUENTA CON CAMARA.
• ACCESORIOS: INCLUYE CABLE DE
CARGA, CABLE HDMI, AUDIFONOS.",images/X80.jpg,947,0.9
SJ-A703W,MANDOS DE JUEGO,,23.0,"• GAMEPAD SEISA
• INCLUYE FUNCIONES DE
VIBRACION PARA MEJORAR LA
INMERSION EN EL JUEGO.
• SE CONECTA MEDIANTE UN
CABLE USB DE
APROXIMADAMENTE 1.8
METROS DE LARGO.
• COMPATIBLE CON PC, PS2,PS3 Y
ANDROID.",images/SJ-A703W.jpg,948,0.9
SJ-906,MANDOS DE JUEGO,,32.0,"• MANDO INALAMBRICO SEISA
• UTILIZA CONECTIVIDAD
BLUETOOTH PARA JUGAR SIN
CABLES.
• CUENTA CON FUNCIONALIDAD
VIBRATORIA INTEGRADA PARA
UNA EXPERIENCIA DE JUEGO
MAS INMERSIVA.
• INCLUYE JOYSTICKS
ANALOGICOS Y BOTONES
SENSIBLES A LA PRESION.",images/SJ-906.jpg,949,0.9
BSP-D3,CONTROL DE JUEGOS PARA CELULAR,,38.0,"• MANDO DE JUEGOS MOVIL TIPO
SWITCH.
• CONTROLADOR INALAMBRICO Y SE
CONECTA MEDIANTE BLUETOOTH A
DISPOSITIVOS ANDROID E IOS.
• FUNCION
TELESCÓPICA(EXPANDIBLE) QUE
PERMITE SUJETAR TELEFONOS
MOVILES DE DISTINTOS TAMAÑOS
PARA JUGAR.",images/BSP-D3.jpg,950,0.9
PD16116,CONTROL DE JUEGOS PARA CELULAR,,120.0,"• MANDO INALÁMBRICO DE
CELULAR.
• DOBLE PALANCA ANÁLOGA.",images/PD16116.jpg,951,0.9
E88,DRON,,40.0,"• DRON SE PUEDE CONTROLAR CON EL
MANDO O  CON UNA APP MOVIL
• DURABILIDAD 20 A 30 MINUTOS
• CABLE DE CARGA
• CONTROL DE MANDO",images/E88.jpg,952,0.9
E99,PRO DRONE,,40.0,"• BATERÍA: TIENE UNA CAPACIDAD
DE 1800 MAH Y DURA
APROXIMADAMENTE 20
MINUTOS.
• ALCANCE: EL CONTROL REMOTO
TIENE UNA DISTANCIA DE
APROXIMADAMENTE 100
METROS.
• CARACTERÍSTICAS: ES PLEGABLE,
COMPACTO Y CUENTA CON
RETENCIÓN DE ALTITUD.",images/E99.jpg,953,0.9
SC-A0098,ANTENA DIGITAL SANCI,,10.0,"• COMPATIBLE CON TELEVISORES
SMART TV, LCD Y PLASMA.
• CUENTA CON UNA GANANCIA DE
4.0 DBI PARA LA RECEPCIÓN DE
SEÑAL.
• SU DISEÑO PERMITE SU USO
TANTO EN INTERIORES COMO EN
EXTERIORES.
• ES RESISTENTE A LA EXPOSICIÓN
SOLAR Y A LA LLUVIA.",images/SC-A0098.jpg,954,0.9
BS-L3341,DETECTOR DE BILLETE,,15.0,"• DETECTOR DE BILLETE DE LUZ
• ILUMINACION VIOLETA
• RECARGABLE
• CARGA POR USB",images/BS-L3341.jpg,956,0.9
LED-755,SOCATE BUYTITI,,3.0,"• TIPO DE CLAVIJA: SOQUETE
• USO: DALE VIDA A TUS
PROYECTOS CON
ILUMINACIÓN
• MATERIAL: SOCKETS
RESISTENTES A ALTAS
TEMPERATURAS E IMPACTOS,
• DISEÑO:  MARFIL, ORIFICIOS
Y CABLES PARA SU
INSTALACIÓN
• USO: PARA DECORACIÓN,
ILUMINACIÓN.",images/LED-755.jpg,957,0.9
LED-752,FOCO LED,,5.0,"• FOCO LED AHORRADOR
• POTENCIA : 3W
• CARACTERÍSTICAS: PROPORCIONA
LUZ BLANCA CALIDA  O FRIA, ALTA
LUMINOSIDAD
• PROTECCION OCULAR , AHORRO
DE ENERGIA 80%",images/LED-752.jpg,958,0.9
LD4950,FOCO LED,,8.0,"• TECNOLOGÍA DE
ILUMINACIÓN: LED DE BAJO
CONSUMO.
• SEGURIDAD: DISEÑADO SIN
RADIACIÓN INFRARROJA NI
ULTRAVIOLETA.
• APLICACIÓN: IDEAL PARA SERIES
DE LUCES DE AHORRO
ENERGÉTICO.",images/LD4950.jpg,959,0.9
BS-L3055,FOCO LED,,10.0,"• FOCO LED RECARGABLE CON
PANEL SOLAR
• CABLE DE CARGA",images/BS-L3055.jpg,960,0.9
ET-L0986-24W,FOCO LED,,12.0,"• TECNOLOGÍA DE
ILUMINACIÓN: LED DE BAJO
CONSUMO., ANTI-ESTATICA
• BATERIA: 1200MAH*2
• SE PUEDE USAR CON BATERIA
DOBLE AA EN CASO DE
EMRGENCIA.
• POTENCIA:24W.",images/ET-L0986-24W.jpg,961,0.9
BS-L3056,FOCO BOSSNEY,,9.0,"• FOCO LED
• POTENCIA:30W
• CUENTA CON BATERIA DE LITIO 18650
• RECARGABLE
• DISEÑADO PARA USO COMO LAMPARA
DE EMERGENCIA, OFRECIENDO
AUTONOMIA DURANTE
INTERRUPCIONES DEL SERVICIO
ELECTRICO.
• UTILIZA UNA ROSCA ESTÁNDAR E27, LO
QUE FACILITA SU INSTALACION EN LA
MAYORIA DE LOS PORTALAMPARAS.",images/BS-L3056.jpg,962,0.9
BS-L3032,LAMPARA DE EMERGENCIA,,22.0,"• LAMPARA DE EMERGENCIA
RECARGABLE
• PANEL PRINCIPAL CUENTA CON 24LED
PARA ILUMINACION DE AREA AMPLIA.
• FUNCIONA CON RED ELECTRICA O
MEDIANTE ENERGIA SOLAR CON
PANEL PORTATIL INCLUIDO.
• DISEÑO:CONTRUIDA CON PLASTICO
DURADERO Y UN ASA SUPERIOR PARA
FACILITAR SU TRANSPORTE Y
OPCIONES DE FIJACION EN LA PARED.",images/BS-L3032.jpg,963,0.9
BS-L3393,LINTERNA CAFINI,,8.0,"•
LINTERNA FRONTAL RECARGABLE
•
CUENTA CON ILUMINACION LED DE 5W Y
DISEÑO MULTIFUNCIONAL.
•
INCLUYE BANDA ELASTICA Y UN CABLE
DE CARGA USB PARA DISPOSITIVO
•
PERMITE INCLINAR LA LUZ PARA AJUSTAR
EL ANGULO DE ENFOQUE DURANTE EL
USO.",images/BS-L3393.jpg,964,0.9
CN-L7815C,LINTERNA CAFINI,,12.0,"•
TIPO: LINTERNA DE CABEZA
MINERA/INDUSTRIAL.
•
BATERIA DE LITIO REMOVIBLE DE
1200MAH.
•
DISEÑO: ESTA FABRICSADO EN PLASTICO
ABS RESISTENTE Y ADECUADO PARA
ACTIVIDADES COMO CAMPING,TRABAJO
O EMERGENCIAS.",images/CN-L7815C.jpg,965,0.9
CN-L7653-MC,LINTERNA CAFINI,,12.0,"•
TIPO: LINTERNA DE CABEZA
MINERA/INDUSTRIAL.
•
CARACTERÍSTICAS: RESISTENTE AL AGUA
Y CUENTA CON UNA POTENCIA
ANUNCIADA DE 5W.
•
ACCESORIOS: INCLUYE UNA BATERÍA
RECARGABLE (DENTRO DE LA CARCASA),
UNA CORREA AJUSTABLE PARA LA
CABEZA Y UN CARGADOR DE PARED.
•
USO: DISEÑADA PARA ACTIVIDADES AL
AIRE LIBRE, MINERÍA O TRABAJOS QUE
REQUIEREN ILUMINACIÓN MANOS
LIBRES.",images/CN-L7653-MC.jpg,966,0.9
BS-L3027,FOCO BOSSNEY,,13.0,"• ILUMINACIÓN: EQUIPADA CON
BOMBILLAS LED DE ALTO BRILLO
• ALIMENTACIÓN: BATERÍA DE
LITIO INCORPORADA
• OPCIONES DE RECARGA:
MEDIANTE EL PANEL SOLAR
INTEGRADO O A CABLE
(INCLUIDO).
• PORTABILIDAD: CUENTA CON UN
GANCHO PARA COLGARLA
FÁCILMENTE.",images/BS-L3027.jpg,967,0.9
BS-L3028,FOCO LINTERNA SOLAR BOSSNEY,,18.0,"• PRODUCTO: FOCO LAMPARA DE
EMERGENCIA
• POTENCIA: 40W.
• FUENTE DE ENERGÍA: RECARGABLE.
• BATERÍA: 1×18650 DE 3,7 V.
• TIEMPO DE CARGA: 2-3 HORAS.
• PRINCIPAL (FOCO), LUZ DE BULBO
(LÁMPARA DE CAMPING)
• INCLUYE: PANEL SOLAR INTEGRADO PARA
RECARGA, ASA AGARRADERA PARA
TRANSPORTE MANUAL, GANCHO COLGANTE
PARA SUSPENDER LA LÁMPARA.
• CONECTIVIDAD: PUERTO DE CARGA TIPO C.",images/BS-L3028.jpg,968,0.9
BS-L3029,LAMPARA CAMPING,BOSSNEY,20.0,"• PRODUCTO: LAMPARA
SOLAR
• MARCA:BOSSNEY
• POTENCIA: 50 W
• MATERIAL: ABS.
• TIPO DE LUZ: LED.
• NIVELES DE INTENSIDAD: .
• DURACIÓN DE LA BATERÍA:
50DÍAS.
• ES RESISTENTE AL AGUA.
• INCLUYE: CABLE DE CARGA",images/BS-L3029.jpg,969,1.0
BS-L3979,PUNTERO LASER BOSSNEY,,20.0,"• LINTERNA TACTICA
• INCLUYE: UNA BATERIA
RECARGABLE Y CUENTA CON UN
PUNTERO LASER INTEGRADO.
• OFRECE ZOOM TELESCOPICO
AJUSTABLE Y MULTIPLES MODOS
DE ILUMINACION.
• PORTABILIDAD: CUENTA CON UN
GANCHO PARA COLGARLA
FÁCILMENTE.",images/BS-L3979.jpg,970,0.9
ET-L0978-57,FOCO,EWTTO,30.0,"• LUZ LED RECARGABLE
• AHORRO DE ENERGIA
• RENDIMIIENTO DE
CALOR:80%
• POTENCIA : 57 W
• VOLTAJE: AC86-265V
• LUZ BLANCA",images/ET-L0978-57.jpg,971,1.0
BS-L3057,FOCO BOSSNEY,,30.0,"• LUZ LED DE CAMPING
RECARGABLE
• AHORRO DE ENERGIA
• POTENCIA : 50 W
• LUZ FRIA",images/BS-L3057.jpg,972,0.9
ET-L0993RGB-60W,FOCO PARLANTE,EWTTO,30.0,"• PRODUCTO: POCO PARLANTE
• POTENCIA: 60W
• ILUMINACION: RGB MULTICOLOR,
LUZ BLANCA AJUSTABLE
MEDIANTE CONTROL REMOTO
• AUDIO: PARLANTE BLUETOOTH
• CUENTA CON UN CASQUILLO E27
DESMONTABLE PARA CONEXIÓN
ESTÁNDAR.",images/ET-L0993RGB-60W.jpg,973,1.0
H6801-50W,D- FOCO VENTILADOR,,35.0,"• FOCO VENTILADOR LED
RECARGABLE
• VENTILADOR 3
VELOCIDADES
• AHORRO DE ENERGIA
• POTENCIA : 50 W
• LUZ AJUSTABLE
• FUNCIONES
TEMPORIZADOR DE
APAGADO
AUTOMATICO,CONTROL
REMOTO",images/H6801-50W.jpg,974,0.9
BS-S3532BLS,FUENTE DE PODER BOSSNEY,,80.0,"• FUENTE DE PODER KIT SOLAR
RECARGABLE
• BLUETOOTH Y  FM AM SW
• LECTOR DE USB Y MEMORIA SD
• LINTERNA Y LAMPARA LATERAL
• 4 FOCOS CON SWITCH
• CABLE CON ENTRADAS DE
DISPOSITIVOS
• PANEL SOLAR",images/BS-S3532BLS.jpg,975,0.9
ET-F5654,LINTERNA,EWTTO,6.0,"• PRODUCTO: LINTERNA
• MODELO: EWTTO
• COLOR: NEGRO Y ROJO.
• POTENCIA: 100 LÚMENES.
• 4 LEDS
• DISEÑO COMPACTO Y
PORTATIL",images/ET-F5654.jpg,976,1.0
,L4 MINI LINTERNA,,6.0,"• PRODUCTO: MINI LINTERNA
CUENTA CON ALEACION DE
ALUMINIO Y OFRECE
ILUMINACION FRONTAL Y
LATERAL COB.
• INCLUYE CARACTERISTICAS
COMO ZOOM AJUSTABLE, TRES
MODOS DE LUZ Y RECARGA
MEDIANTE USB.
• CABLE DE CARGA Y ESTUCHE.",images/page_977_product_001.jpg,977,0.75
ET-F6661S,LINTERNA,EWTTO,6.5,"• PRODUCTO: LINTERNA
• MODELO: EWTTO
• ALIMENTACIÓN:
RECARGABLE
• ILUMINACIÓN :LED
• POTENCIA: 1W
• BATERIA: 300 MAH
• COLORES: AZUL Y ROJO",images/ET-F6661S.jpg,978,1.0
ET-F5972,LINTERNA,EWTTO,9.0,"• PRODUCTO: LINTERNA
• MODELO: EWTTO
• ALIMENTACIÓN: RECARGABLE
• ILUMINACIÓN : LED
• COLORES: AMARILLO +
NEGRO Y AZUL + NEGRO
• MUY BRILLANTE",images/ET-F5972.jpg,979,1.0
SD-585,LINTERNA BUYTITI,,8.0,"• LINTERNA RECARGABLE
• CARGA CON PUERTO TIPO C",images/SD-585.jpg,980,0.9
ET-F8919,MINI LINTERNA,EWTTO,12.0,"• PRODUCTO: MINI LINTERNA
EWTTO.
• CUENTA CON ALEACION DE
ALUMINIO Y OFRECE
ILUMINACION FRONTAL Y
LATERAL COB.
• INCLUYE CARACTERISTICAS
COMO ZOOM AJUSTABLE, TRES
MODOS DE LUZ Y RECARGA
MEDIANTE USB.
• CABLE DE CARGA Y ESTUCHE.",images/ET-F8919.jpg,981,1.0
BS-L3326-TG,LINTERNA BOSSNEY,,22.0,"• LINTERNA  RECARGABLE
• DISEÑO METALIZADO
• CON PUERTO  TIPO C
• ROMPE LUNA
• NAVAJA",images/BS-L3326-TG.jpg,982,0.9
DE-L867,LINTERNA DE MANO DEXBO,,24.0,"• LINTERNA RECARGABLE
• POTENCIA DE LARGA DISTANCIA
• CABLE DE CARGA
• 20W",images/DE-L867.jpg,983,0.9
ET-F5620,LINTERNA,EWTTO,24.0,"• ALCANCE: 200M
• POTENCIA: 18000W
• ES PORTÁTIL, RECARGABLE Y
ESTÁ DISEÑADA PARA
SEGURIDAD, CAMPING O USO
MINERO.
• OFRECE AHORRO DE ENERGÍA
• INCLUYE CABLE DE CARGA Y
UNA CORREA PARA
TRANSPORTAR.",images/ET-F5620.jpg,984,1.0
BS-L3365,LINTERNA BOSSNEY,,26.0,"• ALCANCE: CUENTA CON UN
ALCANCE DE HASTA 3000 METROS.
• MODOS DE ILUMINACIÓN: OFRECE 5
MODOS DE ILUMINACIÓN FRONTAL
(FUERTE, MEDIA, BAJA,
ESTROBOSCÓPICA LENTA Y RÁPIDA)
Y UNA LUZ LATERAL RGB
• INCLUYE UN ZOOM TELESCÓPICO
PARA AJUSTAR ENTRE ILUMINACIÓN
FOCAL Y PANORÁMICA.
• BATERÍA Y CARGA: ES RECARGABLE
MEDIANTE USB TIPO-C",images/BS-L3365.jpg,985,0.9
BS-S3632-20W,PANEL SOLAR BOSSNEY,,50.0,"• PRODUCTO: REFLECTOR
• SISTEMA: PANEL SOLAR
• POTENCIA:  20W
• CARACTERISTICAS: RESISTENTE
AL AGUA
• INCLUYE: CARGA DIRECTA,
CABLE PULPO CON ENTRADAS
DE CARGA PARA DIVERSOS
DISPOSITIVOS
• CABLE COCODRILO PARA PASAR
CARGA
• MULTI-FUNCION",images/BS-S3632-20W.jpg,986,0.9
BS-S3634-15W,PANEL SOLAR BOSSNEY,,38.0,"• PRODUCTO: REFLECTOR
• SISTEMA: PANEL SOLAR
• POTENCIA:  15W
• CARACTERISTICAS: RESISTENTE
AL AGUA
• INCLUYE: CARGA
DIRECTACABLE PULPO CON
ENTRADAS DE CARGA PARA
DIVERSOS DISPOSITIVOS
• MULTI-FUNCION",images/BS-S3634-15W.jpg,987,0.9
BS-S3635-9W,PANEL SOLAR BOSSNEY,,40.0,"• POTENCIA: 9W.
• FUNCIONALIDADES: INCLUYE UNA
BATERÍA INTEGRADA (POWER BANK)
PARA CARGAR DISPOSITIVOS Y UNA
LUZ LED DE ALTA INTENSIDAD.
• CONECTIVIDAD: CUENTA CON
PUERTOS USB Y TYPE-C PARA LA
CARGA DE EQUIPOS.
• DISEÑO: ES PORTÁTIL,
IMPERMEABLE Y ESTÁ DISEÑADO
PARA USO EN EXTERIORES.",images/BS-S3635-9W.jpg,988,0.9
BS-S3636-18W,PANEL SOLAR BOSSNEY,,48.0,"• PANEL SOLAR DE 18W
• CARGA DIRECTA
• CABLE DE CARGA
• INDICADOR DE BATERÍA
• MULTIFUNCIONES",images/BS-S3636-18W.jpg,989,0.9
ET-E2816,BATERIA PORTATIL,EWTTO,340.0,"• PRODUCTO: BATERIA
PORTATIL PARA EXTERIORES
• CARGA SOLAR 21W
• CONTIENE:
• PANTALLA LED
• CABLE CON DIVERSAS
ENTRADAS
• BATERIA:88.8WH
• POTENCIA: 100W
• VOLTAJE: 220V",images/ET-E2816.jpg,990,1.0
,5050RGB CINTA LED,,18.0,"• PRODUCTO: CINTA LED
• LUCES: RGB
• LONGITUD: 5 METROS DE
CINTA FLEXIBLE
• CONTROL REMOTO
INALAMBRICO PARA CAMBIAR
COLORES, MODOS, E
ILUMINACION.",images/page_991_product_001.jpg,991,0.75
CL-190PRO,LAMPARA SOLAR,,20.0,"•
PRODUCTO: LAMPARA DE EMERGENCIA
CON SENSOR Y PANEL SOLAR
•
MODOS:  LED DE LUZ BLANCA + 9 LED
AZUL + 9 LED ROJO (LUZ DE
EMERGENCIA)
•
BRILLO: 2000 LÚMENES
•
SENSOR: PUEDE DETECTAR
MOVIMIENTOS A PARTIR DE 3-5M DE
HASTA 120 ° DE ÁNGULO (ABARCA
MUCHO MÁS QUE LA ZONA DE
ILUMINACIÓN)
•
DATOS: SE CARGARÁ EN EL DÍA, LA
NOCHE LOS LEDS  ESTRAN APAGADOS,
PERO CUANDO DETECTA MOVIMIENTO
SE ENCIENDEN TODOS DURANTE 20 A 30
SEGUNDOS, LUEGO SE VUELVEN A
APAGAR.",images/CL-190PRO.jpg,992,0.9
EM108,LAMPARA BUYTITI,BUYTITI,28.0,"• PRODUCTO: LAMPARA
• MARCA: BUYTITI
• POTENCIA: 30W
• ALIMENTACIÓN: ELÉCTRICA Y
SOLAR
• INCLUYE: ACCESORIOS PARA
INSTALACIÓN
• USO:
HOGAR,CAMPAMENTO,EVENTO",images/EM108.jpg,993,1.0
EM126,LAMPARA BUYTITI,BUYTITI,28.0,"• PRODUCTO: LAMPARA
• MARCA: BUYTITI
• ALIMENTACIÓN: ELÉCTRICA Y
SOLAR
• INCLUYE: PANEL SOLAR,CABLE DE
CARGA, ACCESORIOS PARA
INSTALACIÓN
• USO:
HOGAR,CAMPAMENTO,EVENTO",images/EM126.jpg,994,1.0
TY127683,LAMPARA SOLAR,,90.0,"• PRODUCTO: LAMPARA
• UTILIZA LUZ LED PARA BRINDAR
UNA LUZ BLANCA INTENSA, IDEAL
PARA EXTERIORES COMO
JARDINES , PATIOS, ENTRADAS.
• CUENTA CON PANEL SOLAR, SE
RECOMIENDA CARGARLO AL
MENOS DE 6 A 12 HRS BAJO LUZ
SOLAR DIRECTA ANTES DEL
PRIMER USO
• FOTOSENSOR
• INCLUYE CONTROL REMOTO PARA
GESTIONAR FUNCIONES.",images/TY127683.jpg,995,0.9
BS-E6051,CARGADOR DE PILA BOSSNEY,,7.0,"• PRODUCTO: CARGADOR PARA
PILAS
• MODELO :18650
• CARACTERÍSTICAS: CARGA
RÁPIDA, FOCOS INDICADORES
DE CARGA COMPLETA
• CONECXIÓN: CARGADOR AC
DIRECTA",images/BS-E6051.jpg,997,0.9
TPH0003,CARGADOR DE PILAS RO,MAX,13.0,"• PRODUCTO: CARGADOR PARA
PILAS
• CAPACIDAD DE CARGA: HASTA 4
PILAS DE TAMAÑO AA O AAA.
• VERSATILIDAD: TAMBIÉN
CUENTA CON RANURAS PARA
CARGAR BATERÍAS DE 9V.
• DISEÑO: ES UN MODELO
COMPACTO Y PORTÁTIL
DISEÑADO PARA EL USO DIARIO.",images/TPH0003.jpg,998,1.0
TPH0004,CARGADOR DE PILAS RO,MAX,7.0,"• PRODUCTO: CARGADOR DE
BATERIA DE LITIO 18650
• CAPACIDAD DE CARGA: HASTA 2
PILAS DE TAMAÑO AA
• DISEÑADO PARA EL USO DIARIO.",images/TPH0004.jpg,999,1.0
BS-S3715-7,PILAS BOSSNEY,,12.0,"• TIPO: PILAS AAA (TRIPLE A)
• POTENCIA:1.5V
• BATERIA:1600MAH
• SON RECARGABLES
• CUENTAN CON CABLE DE
CARGA TIPO C",images/BS-S3715-7.jpg,1000,0.9
TPI0004,PILAS ALCALINAS AA RO,MAX,20.0,"• TIPO: PILAS AA (DOBLE A)
• VOLTAJE: 1.5 V
• CARACTERÍSTICAS: POTENCIA
DURADERA Y 10 AÑOS DE
VIDA ÚTIL.
• ECOLÓGICAS: LIBRES DE
CADMIO Y MERCURIO.",images/TPI0004.jpg,1001,1.0
RD-922CL,ADAPTADOR DE AUDIO,,16.0,"• PRODUCTO: CABLE
ADAPTADOR DE AUDIO , OTG
• MODELO: REDD
• TIPO: IPHONE
• SALIDAS: OTG,C
• SALIDA: 2A
• USO: PARA CONECTAR TU
SMARTPHONE A VARIOS
DISPOSITIVOS, PODRÁS LEER
MEMORIAS USB
• DETALLE : LEER MEMORIA
SIN NECESIDAD DE LAPTOP
MATERIALES: PLÁSTICO ABS",images/RD-922CL.jpg,1002,0.9
AD-I18,CABLE TIPO C,ALDEEPO,1.5,"• MODELO: AD-I18.
• TIPO DE CONECTOR: USB
TIPO-C.
• SALIDA DE CORRIENTE: 3.1
AMPERIOS PARA CARGA
RÁPIDA.",images/AD-I18.jpg,1003,1.0
AD-I600,CABLE,ALDEEPO,1.5,"•
TIPO DE CABLE: USB A
V8.
•
POTENCIA: SOPORTA
HASTA 6.0A PARA UNA
CARGA RÁPIDA.
•
LONGITUD: 1200 MM
(1.20 METRO).",images/AD-I600.jpg,1004,1.0
RC-23,CABLE REDD TIPO C SUELTO,,2.0,"• CABLE TIPO C REFORZADO
• CABLE NAYLO GRUESO",images/RC-23.jpg,1005,0.9
RC-30,CABLE REDD SUELTO,,2.0,"• CABLE V8 REFORZADO
• CABLE NAYLO GRUESO",images/RC-30.jpg,1006,0.9
RD-20V,CABLE REDD V8,,2.0,"• CABLE V8 DE GOMA
• 6.1A",images/RD-20V.jpg,1007,0.9
AD-I610,CABLE,ALDEEPO,2.0,"•
TIPO DE CABLE: USB A
TYPE C.
•
POTENCIA: SOPORTA
HASTA 6.0A PARA UNA
CARGA RÁPIDA.
•
LONGITUD: 1200 MM
(1.20 METRO).",images/AD-I610.jpg,1008,1.0
AD-IPD788,CABLE,ALDEEPO,2.0,"•
TIPO DE CABLE: TYPE-C
A TYPE-C.
•
POTENCIA: SOPORTA
HASTA 60W PARA UNA
CARGA RÁPIDA.
•
LONGITUD: 1000 MM
(1 METRO).",images/AD-IPD788.jpg,1009,1.0
CB189,CABLE SUPER,,2.0,"• PRODUCTO: CABLE
• MODELO:  SUPER
• TIPO: USB- V8
• VOLTAJE: 6A
• CARACTERISTICAS: CABLE
DE DATOS, CABLE DE
CARGA",images/CB189.jpg,1010,0.9
RD-10V,CABLE REDD,,2.0,"• PRODUCTO: CABLE
• MODELO: REDD
• TIPO: USB A V8
• VOLTAJE: 3.8 A
• OFRECE: VELOCIDADES DE
TRANSFERENCIA DE DATOS,
SUMINISTRO DE ENERGÍA Y
COMPATIBILIDAD CON
DISPOSITIVOS.",images/RD-10V.jpg,1011,0.9
AD-I28,CABLE,ALDEEPO,2.0,"•
TIPO DE CABLE: USB A
TYPE-C.
•
POTENCIA: SOPORTA
HASTA 6.A PARA UNA
CARGA RÁPIDA.
•
LONGITUD: 1000 MM
(1 METRO).",images/AD-I28.jpg,1012,1.0
KSC-982C,CABLE KAKUSIGA,,2.5,"• PRODUCTO: CABLE
• MODELO: KAKUSIGA
• TIPO: C A C
• POTENCIA: 60W
• OFRECE: VELOCIDADES
DE TRANSFERENCIA DE
DATOS, SUMINISTRO DE
ENERGÍA Y
COMPATIBILIDAD CON
DISPOSITIVOS.",images/KSC-982C.jpg,1013,0.9
RD-19T,CABLE REDD,,2.5,"• MODELO: RD-19T
• MATERIAL: PVC
• CABLE CARGA RAPIDA
• LONGITUD: 1M
• CONECTOR USB-A Y USB-C
• RESISTENTE A DOBLECES
• MAYOR RESISTENCIA",images/RD-19T.jpg,1014,0.9
V915M,X- CABLE SAMZO SAFE,,2.5,"• PRODUCTO: CABLE
• MODELO: SAFE
• TIPO:  C
• VOLTAJE: 3.1A
• LONGITUD: 1.5 METRO DE
LARGO
• COLOR: BLANCO Y NEGRO",images/V915M.jpg,1015,0.9
CB190,CABLE SUPER,,2.5,"• PRODUCTO: CABLE
• MODELO: SUPER
• TIPO: USB A C
• VOLTAJE: 6.0 A
• OFRECE: VELOCIDADES
DE TRANSFERENCIA DE
DATOS, SUMINISTRO DE
ENERGÍA Y
COMPATIBILIDAD CON
DISPOSITIVOS.",images/CB190.jpg,1016,0.9
RD-2015,CABLE AUXILIAR,,2.5,"• CABLE AUXILIAR
• LONGITUD: 3.5MM
• IDEAL PARA DVD ,
COMPUTADORA, HDTV ,
CELULAR , MP3",images/RD-2015.jpg,1017,0.9
AD-ICC38,CABLE CAC,ALDEEPO,3.0,"•
TIPO DE CABLE: USB
TYPE-C A TYPE-C.
•
POTENCIA: SOPORTA
HASTA 65W PARA UNA
CARGA RÁPIDA.
•
LONGITUD: 1000 MM
(1 METRO).",images/AD-ICC38.jpg,1018,1.0
AD-I10,CABLE,ALDEEPO,3.0,"•
TIPO DE CABLE: USB
TYPE-C A TYPE-C.
•
POTENCIA: SOPORTA
HASTA 65W PARA UNA
CARGA RÁPIDA.
•
LONGITUD: 1000 MM
(1 METRO).",images/AD-I10.jpg,1019,1.0
RD-2084,CABLE REDD V8,,3.5,"• PRODUCTO: CABLE
• MODELO: REDD
• TIPO: USB A V8
• POTENCIA: 75W
• VOLTAJE: 6.5 A
• OFRECE: VELOCIDADES DE
TRANSFERENCIA DE DATOS,
SUMINISTRO DE ENERGÍA Y
COMPATIBILIDAD CON
DISPOSITIVOS.
• LONGITUD: 1.2M",images/RD-2084.jpg,1020,0.9
ET-E4320M-120,CABLE,EWTTO,3.5,"• PRODUCTO: CABLE
• MODELO: EWTTO
• TIPO:  USB- V8
• LONGITUD:1200M
• VOLTAJE: 3.9 PD
• USO: CABLE DE CARGA
RAPIDA",images/ET-E4320M-120.jpg,1021,1.0
RD-32CC,CABLE REDD C,,3.0,"• POTENCIA: 100W
• COMPATIBILIDAD: AMPLIAMENTE
COMPATIBLE CON DISPOSITIVOS
QUE USAN PUERTOS TIPO-C.
• DURABILIDAD: DISEÑADO PARA SER
FUERTE, DURADERO Y RESISTENTE A
FRACTURAS.
• CARACTERÍSTICAS: INCLUYE
CONECTORES RESISTENTES A LA
OXIDACIÓN Y CAPACIDAD DE
TRANSFERENCIA DE DATOS.",images/RD-32CC.jpg,1022,0.9
RD-32L,CABLE REDD,REDD,5.0,"• MARCA: REDD
• CONECTORES: USB
• ENTRADA DE IPHONE
• POTENCIA: 33W
• LONGITUD: 1METRO
• CARACTERÍSTICAS: CARGA
RÁPIDA, ALTA DURABILIDAD Y
TRANSFERENCIA DE DATOS",images/RD-32L.jpg,1023,1.0
RD-20T,CABLE REDD TIPO C,,3.0,"• CABLE TIPO C DE GOMA
• 5.1A
• PUNTA NARANJA",images/RD-20T.jpg,1024,0.9
PRO-20,CABLE V8,ALDEEPO,3.5,"• VOLTAJE:6A
• LONGITUD: MIDE 120 CM
• MATERIAL: CABLE DE NAYLON
RESISTENTE
• ENTRADA: USB A TIPO V8",images/PRO-20.jpg,1025,1.0
LK-C103,CABLE LINK,MAX,4.0,"• CABLE TIPO C
• REFORZADO",images/LK-C103.jpg,1026,1.0
D06,CABLE MICCELL,,4.0,"• PRODUCTO: CABLE
• MODELO: MICCELL
• TIPO:  C A C
• VOLTAJE: 6 A
• POTENCIA: 60W
• LONGITUD:100CM
• CARGA RAPIDA
• COLOR: BLANCO
• USO: CABLE DE CARGA, CABLE
DE DATOS",images/D06.jpg,1027,0.9
IMS-117C,CABLE CARGADOR,,4.5,"• PRODUCTO: CABLE DE CARGA
• TIPO: USB A V8
• POTENCIA: 100W
• VOLTAJE: 6.2 A
• USB A TIPO C
• OFRECE: VELOCIDADES DE
TRANSFERENCIA DE DATOS,
SUMINISTRO DE ENERGÍA Y
COMPATIBILIDAD CON
DISPOSITIVOS.
• LONGITUD: 1M",images/IMS-117C.jpg,1028,0.9
ET-E4320C-120,CABLE,EWTTO,4.0,"• PRODUCTO: CABLE
• MODELO: EWTTO
• TIPO:  USB- C
• POTENCIA: 20W
• VOLTAJE: 3.9 PD
• USO: CABLE DE CARGA
RAPIDA",images/ET-E4320C-120.jpg,1029,1.0
TCD0097,CABLE RO,MAX,4.0,"• TIPO: USB A USB-V8.
• POTENCIA DE SALIDA MAX:
60W
• INTENSIDAD: 6A.
• CARGA RAPIDA",images/TCD0097.jpg,1030,1.0
PRO-I33,CABLE V8,ALDEEPO,4.5,"• VOLTAJE:6A
• LONGITUD: MIDE 120 CM
• MATERIAL: CABLE DE NAYLON
RESISTENTE
• ENTRADA: USB A TIPO V8",images/PRO-I33.jpg,1031,1.0
OC-17XP,CABLE ONCE,,5.0,"• CABLE ONCE
• TIPO C
• POTENCIA: 60W
• SALIDA:TIPO C
• LONGITUD: 1 METRO",images/OC-17XP.jpg,1032,0.9
TCD704,CABLE RO TIPO V8,MAX,5.0,"• PRODUCTO: CABLE
• MODELO: ROMAX
• TIPO : USB-V8
• CARACTERISTÍCAS: CABLE
NAYLO REFORZADO
• VOLTAJE DE SALIDA: 6A
• POTENCIA. 60W
• COLORES: NEGRO Y ROJO",images/TCD704.jpg,1033,1.0
D150,CABLE MICCELL,,5.0,"• PRODUCTO: CABLE
• MODELO: MICCELL
• TIPO:  USB A C
• VOLTAJE: 6 A
• POTENCIA: 66W
• LONGITUD:120CM
• CARGA RAPIDA
• COLOR: BLANCO
• USO: CABLE DE CARGA, CABLE
DE DATOS",images/D150.jpg,1034,0.9
LK-C102,CABLE LINK,MAX,5.0,"• PRODUCTO: CABLE
• MODELO: LINKMAX
• TIPO:  C- C
• POTENCIA: 60W
• USO: CABLE D
ECARGA,
TRANSFERENCIA DE
DATOS",images/LK-C102.jpg,1035,1.0
RD-2119C,CABLE REDD TIPO C,,5.0,"• PRODUCTO: CABLE
• MODELO: REDD
• POTENCIA:75W
• USB – TIPO C
• VOLTAJE: 7.2A
• LONGITUD: 1 METRO DE
LARGO",images/RD-2119C.jpg,1036,0.9
TCD0905,CABLE RO TIPO V8,MAX,5.0,"• PRODUCTO: CABLE
• MODELO: ROMAX
• TIPO : USB-V8
• CARACTERISTÍCAS: CABLE
NAYLO REFORZADO
• VOLTAJE DE SALIDA: 6A
• POTENCIA. 60W",images/TCD0905.jpg,1037,1.0
TCD0324,CABLE RO,MAX,5.5,"• CABLE ROMAX TIPO C
• CARGA RAPIDA 6 A-66W",images/TCD0324.jpg,1038,1.0
CB32,CABLE SUPER 3 EN 1,,8.0,"• CABLE 3 EN 1 UNIVERSAL
• POTENCIA: 100W
ENTRADAS:
• TIPO C
• LIGHTNING
• V8",images/CB32.jpg,1039,0.9
AD-I21,CABLE 3EN1,ALDEEPO,5.5,"• CONECTIVIDAD: CONECTOR
ES TYPE-C, LIGHTNING Y
MICRO USB
• POTENCIA: 120W
• DISEÑO: 100CM DE
LONGITUD",images/AD-I21.jpg,1040,1.0
TCD0862,CABLE RO,MAX,5.5,"• TIPO: USB-C A USB-C.
• POTENCIA DE SALIDA MAX:
100W
• INTENSIDAD: 6A.
• LONGITUD: 1M
• CARGA RAPIDA",images/TCD0862.jpg,1041,1.0
B41,CABLE SUPER,,5.5,"• PRODUCTO: CABLE
• MODELO: SUPER
• TIPO:  C A C
• VOLTAJE: 6.5 A
• POTENCIA: 45W
• CARACTERISTÍCAS: CABLE
REFORZADO EN NAYLON
• COLOR: NEGRO
• USO: CABLE DE CARGA, CABLE
DE DATOS",images/B41.jpg,1042,0.9
CB95,CABLE YOOKIE,,6.0,"• CABLE 4 EN 1 UNIVERSAL
• POTENCIA: 65W
• ENTRADAS: TIPO C, V8,
LIGHTNING, USB
• LONGITUD:1M
• PARA TODO TIPO DE EQUIPO
LAPTOPS, TABLETS Y
CELULARES.",images/CB95.jpg,1043,0.9
RD-2082C,CABLE REDD,,6.5,"• PRODUCTO: CABLE
• MODELO: REDD
• TIPO: C
• VOLTAJE: 8 A
• POTENCIA:100W
• LONGITUD: 1200MM
• OFRECE: VELOCIDADES DE
TRANSFERENCIA DE DATOS,
SUMINISTRO DE ENERGÍA Y
COMPATIBILIDAD CON
DISPOSITIVOS.",images/RD-2082C.jpg,1044,0.9
CB28,CABLE SUPER,,6.0,"• CABLE 4 EN 1 UNIVERSAL
• POTENCIA: 65W
ENTRADAS:
• TIPO C
• V8
• LIGHTNING",images/CB28.jpg,1046,0.9
LK-H15,CABLE LINK,MAX,6.0,"• CABLE HDMI 1.5 METROS
• VELOCIDAD HASTA 100MDPS
• FUNCIONA PARA PS4, BLU-RAY,
PROYECTR DECODIFICADO, TV.
• ULTRA HD 4K
• ALTA VELOCIDAD
• TRANSMISION ESTANDAR
HDTV 2.0",images/LK-H15.jpg,1048,1.0
LK-H30,CABLE LINK,MAX,8.0,"• CABLE HDMI 3 METROS
• VELOCIDAD HASTA 100MDPS
• FUNCIONA PARA PS4, BLU-RAY,
PROYECTR DECODIFICADO, TV.
• ULTRA HD 4K
• ALTA VELOCIDAD
• TRANSMISION ESTANDAR
HDTV 2.0",images/LK-H30.jpg,1049,1.0
OX1246,CABLE HDMI 3 EN 1,,8.0,"• CABLE HDMI 3 METROS
• ADAPTADORES INCLUIDOS PARA
MINI HDMI Y MICRO HDMI.
• INCLUYE UN CABLE HDMI
MACHO DE 1.5 METROS
• ES COMPATIBLE CON
RESOLUCIONES FULL HD(1080P) Y
DISPOSITIVOS COMO TELEFONOS
INTELIGENTES , TABLETAS Y
CAMARAS.",images/OX1246.jpg,1050,0.9
D34,CABLE MICCELL CaC,,6.5,"• POTENCIA: SOPORTA CARGA
RÁPIDA DE HASTA 100W.
• INTENSIDAD: SOPORTA HASTA 5
AMPERIOS.
• LONGITUD: MIDE 120 CM (O
1.2 METROS).
• MATERIAL: CARCASA DE
ALEACIÓN DE ALUMINIO Y
CABLE C A C TRENZADO DE
NAILON REFORZADO.",images/D34.jpg,1051,0.9
S-680,"CABLE KLGO 3EN1 MICRO USB
USB TIPO C
LIGHTNING (PARA IPHONE)",KLGO,7.5,"• MARCA: KLGO
• MODELO: S-680
• TIPO: CABLE DE CARGA RÁPIDA Y
TRANSFERENCIA DE DATOS USB 3
EN 1
• CONECTORES: INCLUYE TRES
TIPOS DE CONECTORES:",images/S-680.jpg,1052,1.0
S-56,CABLE KLGO CaC,,7.5,"• TIPO: USB-C A USB-C.
• POTENCIA MÁXIMA: 66W.
• INTENSIDAD: 6A.
• CARACTERÍSTICA ESPECIAL:
CUENTA CON LUZ LED EN LOS
CONECTORES.",images/S-56.jpg,1053,0.9
EW-E476,CABLE,EWTTO,8.0,"• PRODUCTO: CABLE EWTTO
• TIPO :  4EN1
• MODELO: EWTTO
• PUERTO:USB-A
• TIPO:C-C Y LIGHTING
• LONGITUD: 2 M
• USO: PARA CONECTAR TU
SMARTPHONE A VARIOS
DISPOSITIVOS, PODRÁS LEER
MEMORIAS USB",images/EW-E476.jpg,1054,1.0
D145,CABLE MICCELL,,11.0,"• CABLE CARGA RAPIDA 4 EN 1
• POTENCIA:240W
• CUENTA CON MULTIPLES
CONECTORES, INCLUYENDO
ADAPTADORES USB-A A USB-
C Y USB-C A LIGHTNING.
• CABLE TRENZADO DE
NAILON PARA MAYOR
DURABILIDAD.",images/D145.jpg,1055,0.9
RD-401,CIGARRERA REDD,,6.0,"• PRODUCTO: CIGARRERA
COMPLETA
• MODELO: REDD
• CUENTA CON 2 PUERTOS USB
• VOLTAJE: 6.8ª
• POTENCIA:67W
• OFRECE PROTECCION CONTRA
SOBRETENSION Y VOLTAJE
CONSTANTE.",images/RD-401.jpg,1056,0.9
AD-C17,CIGARRERA,ALDEEPO,8.5,"• CIGARRERA ALDEEPO
• POTENCIA: 65W
• CUENTA CON DOS
ENTRADAS
• 1 ENTRADA USB
• 1ENTRADA TIPO C",images/AD-C17.jpg,1057,1.0
DE-E5201,CIGARRERA DEXBO,,9.5,"• PRODUCTO: CIGARRERA
COMPLETA
• MODELO: DEXBO
• PUERTOS : USB-C Y PD
• POTENCIA:  6.8W
• CARACTERISTICAS: CARGA
RÁPIDA
• INCLUYE CABLE: TIPO C",images/DE-E5201.jpg,1058,0.9
DE-E5217,CIGARRERA DEXBO,,9.5,"• PRODUCTO: CIGARRERA
COMPLETA
• MODELO: DEXBO
• PUERTOS : USB Y TIPO-C
• VOLTAJE: 6.8A
• CARACTERISTICAS: CARGA
RÁPIDA
• INCLUYE CABLE: TIPO C DE 1.2M",images/DE-E5217.jpg,1059,0.9
BS-E6510C,CIGARRERA BOSSNEY,,10.0,"• INCLUYE UN CABLE USB-C DE 1
METRO DE LONGITUD.
• CUENTA CON CARGA RÁPIDA
QUALCOMM QUICK CHARGE 3.0
DE 18W Y UN PUERTO PD DE
20W.
• OFRECE UNA POTENCIA TOTAL
COMBINADA DE 38W.",images/BS-E6510C.jpg,1060,0.9
DE-E5210,CIGARRERA DEXBO,,10.5,"• PRODUCTO: CIGARRERA
COMPLETA
• MODELO: DEXBO
• PUERTOS : USB-C Y PD
• POTENCIA:  140W
• CARACTERISTICAS: CARGA
RÁPIDA
• INCLUYE CABLE: TIPO C",images/DE-E5210.jpg,1061,0.9
C48,CIGARRERA MICCELL,,12.0,"• PRODUCTO : CIGARRERA
COMPLETA
• MODELO: MICCELL
• PUERTOS: USB Y C
• CABLE : C
• POTENCIA:  48W
• USO: PARA CARGAS
RÁPIDAS, REPRODUCIR
MÚSICA DESDE TU
TELÉFONO ,MEMORIA USB.",images/C48.jpg,1062,0.9
TCC0565,CIGARRERA,,12.0,"• PRODUCTO : CIGARRERA
MODELO: ROMAX
• PUERTOS:  USB
• MATERIALES: ABS DE ALTA
CALIDAD
• POTENCIA:  66W
• VOLTAJE:6.2ª
• CABLE USB A  TIPO C
• USO: PARA CARGAS RÁPIDAS,
REPRODUCIR MÚSICA DESDE
TU TELÉFONO ,MEMORIA USB.",images/TCC0565.jpg,1063,0.9
BL-E304CD,CIGARRERA BLESS,,12.5,"• PRODUCTO: CIGARRERA
COMPLETA
• MODELO: BLESS
• CUENTA CON 2 PUERTOS , 1 USB
Y 1 TIPO C
• POTENCIA:120W
• LONGITUD: 1M
• OFRECE PROTECCION CONTRA
SOBRETENSION Y VOLTAJE
CONSTANTE.",images/BL-E304CD.jpg,1064,0.9
RD-4066PD,CIGARRERA REDD,,12.0,"• INCLUYE UN CABLE USB-C DE 1
METRO DE LONGITUD.
• CUENTA CON CARGA RÁPIDA
• POTENCIS 8.2ª (100W)",images/RD-4066PD.jpg,1065,0.9
DE-E5209,CIGARRERA DEXBO,,12.0,"• PRODUCTO: CIGARRERA
COMPLETA
• MODELO: DEXBO
• PUERTOS : USB-C+PD
• POTENCIA:  140W
• CARACTERISTICAS: CARGA
RÁPIDA
• CABLE TIPO C DE 1.2M",images/DE-E5209.jpg,1066,0.9
RD-6,CABEZAL REDD,,5.0,"• PRODUCTO: CABEZAL
• MODELO:  REDD
• ENTRADA:  USB
• VOLTAJE:  4.2 A
• CARACTERÍSTICAS: CARGA
RÁPIDA
• USO: CELULARES,TABLET,
ETC",images/RD-6.jpg,1067,0.9
RD-7,CABEZAL REDD,,6.0,"• PRODUCTO: CABEZAL
• MODELO:  REDD
• ENTRADA:  USB
• VOLTAJE:  4.8 A
• CARACTERÍSTICAS: CARGA
RÁPIDA
• USO: CELULARES,TABLET,
ETC",images/RD-7.jpg,1068,0.9
RD-8,CABEZAL REDD,,6.0,"• PRODUCTO: CABEZAL
• MODELO:  REDD
• ENTRADA:  USB
• POTENCIA: 67W
• VOLTAJE:  6.2 A
• CARACTERÍSTICAS: CARGA
RÁPIDA
• USO: CELULARES,TABLET,
ETC",images/RD-8.jpg,1069,0.9
RD-12,CABEZAL REDD,,6.5,"• PRODUCTO: CABEZAL
• MODELO:  REDD
• ENTRADA:  USB
• VOLTAJE:  6.2 A
• CARACTERÍSTICAS: CARGA
RÁPIDA
• ENTRADA USB
• USO: CELULARES,TABLET,
ETC",images/RD-12.jpg,1070,0.9
AD-C27,CABEZAL,ALDEEPO,5.5,"• TIPO: CABEZAL
• MODELO: AD-C27.
ENTRADA: AC100-240V
50/60HZ
• SALIDA USB: 5A",images/AD-C27.jpg,1071,1.0
BS-E6006PD,CABEZAL BOSSNEY,,7.0,"• PRODUCTO:CACABEZAL
• POTENCIA: 35W DE CARGA
RÁPIDA.
• TECNOLOGÍA: SOPORTA
POWER DELIVERY (PD) 3.0.
• PUERTO: CONEXIÓN USB-C.
• COMPATIBILIDAD:
DISPOSITIVOS COMPATIBLES
CON TIPO C.",images/BS-E6006PD.jpg,1072,0.9
RD-13,CABEZAL REDD,,7.0,"• PRODUCTO: CABEZAL
• MODELO:  REDD
• ENTRADA:  USB Y TIPO C
• VOLTAJE:  6.8 A
• POTENCIA:80W
• CARACTERÍSTICAS: CARGA
RÁPIDA
• USO: CELULARES,TABLET,
ETC",images/RD-13.jpg,1073,0.9
RD-10PD,CABEZAL REDD,,7.5,"• PRODUCTO: CABEZAL
• MODELO:  REDD
• ENTRADA:  USB
• VOLTAJE:  75W
• CARACTERÍSTICAS: CARGA
RÁPIDA, 1 ENTRADA PARA
USB Y  1 ENTRADA TIPO C
• USO: CELULARES,TABLET,
ETC",images/RD-10PD.jpg,1074,0.9
TCC0576,CABEZAL RO,MAX,9.0,"• CABEZAL ROMAX
• 1 ENTRADA USB
• CARGA RAPIDA 6.2A / 60W",images/TCC0576.jpg,1075,1.0
TCC0578,CABEZAL RO,MAX,9.5,"• CABEZAL ROMAX
• 1 ENTRADA TIPO C
• CARGA RAPIDA 6.2A / 80W",images/TCC0578.jpg,1076,1.0
TCC0207,CARGADOR RO V8,MAX,4.0,"• CARGADOR COMPLETO DE USB A
V8
• CABEZAL:DOBLE ENTRADA USB
• CARGA RAPIDA
• 5.5 A/30W",images/TCC0207.jpg,1079,1.0
SC-T2925V,CARGADOR SANCI V8,,4.5,"• CARGADOR COMPLETO
• POTENCIA: 6.0A
• CARGA RAPIDA
• TIPO V8
• PUERTO USB A V8",images/SC-T2925V.jpg,1080,0.9
SC-T1138,CABEZAL SANCI,,4.5,"• PRODUCTO: CABEZAL
• POTENCIA: 4.8A
• ENTRADA:  TIPO USB
• CARACTERISTÍCAS: CARGA
RÁPIDA
• COLOR: BLANCO",images/SC-T1138.jpg,1081,0.9
RD-6032,D TIPO C,,4.5,"• PRODUCTO: CARGADOR
COMPLETO
• MODELO: TIPO C
• POTENCIA: 3.1A
• LONGITUD: 1 METRO",images/RD-6032.jpg,1082,0.9
RD-6036,D TIPOC,,5.0,"• CARGADOR COMPLETO
TIPOC
• 3.1A
• CABLE TIPOC DE 1 METRO",images/RD-6036.jpg,1083,0.9
SC-T2924T,CARGADOR SANCI,,5.0,"• PRODUCTO: CARGADOR
• TIPO: KIT DE CARGADOR DE
PARED CON CABLE USB.
• CONECTORES: DISPONIBLE
EN VERSIONES USB TIPO C Y
MICRO USB.
• SALIDA: 6.0A DE POTENCIA
DE SALIDA ESTABLE.",images/SC-T2924T.jpg,1084,0.9
CN-T480,CARGADOR CAFINI V8,,5.0,"• MODELO: CAFINI
• PUERTOS: 2 SALIDAS USB
• POTENCIA: 3.1 A
• INCLUYE CABLE DE CARGA
TIPO C
• LONGITUD: 1M
• CARGA RAPIDA",images/CN-T480.jpg,1085,0.9
CN-T480TU,CARGADOR CAFINI TIPO C,,2.0,"• MODELO: CAFINI
• PUERTOS: 2 SALIDAS USB
• POTENCIA: 3.1 A
• INCLUYE CABLE DE CARGA
TIPO C
• LONGITUD: 1M
• CARGA RAPIDA",images/CN-T480TU.jpg,1086,0.9
AD-AC131,CARGADOR,ALDEEPO,5.5,"• PRODUCTO: CARGADOR
ALDEEPO
• CARGA INTELIGENTE
• VOLTAJE: 5A
• ENTRADA TIPO C
• CABLE TIPO C A  TIPO C",images/AD-AC131.jpg,1087,1.0
RD-04V,CARGADOR REDD,,5.5,"• PRODUCTO: CARGADOR
COMPLETO
• TIPO: CABLE TIPO V8
• CARACTERÍSTICAS: CABEZAL
CON ENTRADA USB CARGA
RAPIDA",images/RD-04V.jpg,1088,0.9
BS-E6039M,CARGADOR BOSSNEY,,6.0,"• PRODUCTO: CARGADOR
COMPLETO
• ENTRADA: USB
• MODELO: TIPO V8
• POTENCIA:  4.8A
• LONGITUD: CABLE 1 METRO",images/BS-E6039M.jpg,1089,0.9
RD-03T,CARGADOR REDD,,6.0,"• CARGADOR COMPLETO
• CARGA RAPIDA 3.8-18W
• DADO ENTRADA  TIPO C
• CABLE DE 1 METRO",images/RD-03T.jpg,1090,0.9
BS-E6039C,CARGADOR BOSSNEY,,6.5,"• PRODUCTO: CARGADOR
COMPLETO
• MODELO: TIPO C
• POTENCIA:  4.8A
• LONGITUD: CABLE 1 METRO",images/BS-E6039C.jpg,1091,0.9
BS-E6046C-1,.2M CARGADOR BOSSNEY,,7.0,"• CARGADOR COMPLETO TIPO C
• CARGA 6.2A
• LONGITUD: 1.2M
• DOBLE ENTRADA USB
• CARGA RAPIDA",images/BS-E6046C-1.jpg,1092,0.9
AD-C03,CARGADOR,ALDEEPO,7.0,"• PRODUCTO: CARGADOR
ALDEEPO
• CARGA INTELIGENTE
• POTENCIA: 60W
• ENTRADA USB
• CABLE USB A  TIPO C",images/AD-C03.jpg,1093,1.0
BS-E6052C,CARGADOR BOSSNEY,,7.0,"• PRODUCTO: CARGADOR
BOSSNEY
• MODELO:  BOSSNEY
•
TIPO:  C
• POTENCIA: 6.2A
• CABLE:  1.2 M
• ENTRADAS: 2 USB
• CARACTERISTICAS: CARGA
RÁPIDA",images/BS-E6052C.jpg,1094,0.9
BJ-25014,CARGADOR TIPO C,,7.5,"• PRODUCTO: CARGADOR
COMPLETO
• MODELO: TIPO C
• POTENCIA: 45W
• CABLE TIPO TIPO-C A TIPO-C
• 1 METRO",images/BJ-25014.jpg,1095,0.9
RD-6132C,CARGADOR REDD TIPO C,,9.5,"• PRODUCTO: CARGADOR
COMPLETO
• POTENCIA: 75W
• LONGITUD:1000MM
• TIPO C
• SALIDA: 7.2A
• CARACTERÍSTICAS: CARGA
RÁPIDA",images/RD-6132C.jpg,1096,0.9
RD-6067,CARGADOR REDD V8,,7.5,"• PRODUCTO: CARGADOR
COMPLETO
• POTENCIA: 67W
• LONGITUD:1000MM
• TIPO C
• SALIDA: 6.2A
• CARACTERÍSTICAS: CARGA
RÁPIDA",images/RD-6067.jpg,1097,0.9
RD-6087,CARGADOR REDD TIPO C,,8.5,"• CARGADOR COMPLETO REDD TIPO
C
• CARGA 67W | 6.2A
• CABEZAL CON ENTRADAS USB
• CARGA RAPIDA",images/RD-6087.jpg,1098,0.9
BS-E6086PD,CARGADOR BOSSNEY,,8.5,"• PRODUCTO: CARGADOR
COMPLETO
• MODELO: BOSSNEY
• TIPO : C
• CABEZAL: 2 ENTRADAS (
USB,C)
• POTENCIA: 48W
• CARACTERÍSTICAS: SUPER
CARGA RÁPIDA
• COLOR: BLANCO",images/BS-E6086PD.jpg,1099,0.9
RD-6086,CARGADOR REDD V8,REDD,8.5,"• PRODUCTO: CARGADOR
COMPLETO
• MARCA: REDD
• MODELO: RD-6086
• CORRIENTE MÁXIMA: 5.8ª
• TIPO DE CONECTOR: MICRO
USB (TIPO V8)
• LONGITUD DEL CABLE: 1000
MM (1 METRO)",images/RD-6086.jpg,1100,1.0
RD-6042,CARGADOR,,8.5,"• PRODUCTO: CARGADOR
COMPLETO
• TIPO: C
• POTENCIA: 67W
• VOLTAJE: 6.2A
• CABEZAL: 1 ENTRADA USB
• CARACTERISTÍCAS: CARGA
RAPIDA",images/RD-6042.jpg,1101,0.9
T300,CARGADOR MICCELL TIPO C,,9.0,"• PRODUCTO: CARGADOR
COMPLETO
• POTENCIA: 66W
• CABLE DE DATOS USB-A a USB-C
• SALIDA: 6.2A
• CARACTERÍSTICAS: CARGA
RÁPIDA",images/T300.jpg,1102,0.9
RD-6045,CARGADOR REDD TIPO C,,9.0,"• PRODUCTO: CARGADOR
COMPLETO
• POTENCIA: 67W
• TIPO C
• SALIDA: 6.2A
• CARACTERÍSTICAS: CARGA
RÁPIDA",images/RD-6045.jpg,1103,0.9
RD-6064C,CARGADOR REDD TIPO C,,9.5,"• CARGADOR COMPLETO REDD
• CABLE USB A TIPO C
• POTENCIA 70W | 6.8A
• CARGA RÁPIDA
• LONGITUD DE CABLE 1
METRO",images/RD-6064C.jpg,1104,0.9
BS-E6069PD,CARGADOR BOSSNEY,,9.5,"• PRODUCTO: CARGADOR
BOSSNEY
• MODELO:  BOSSNEY
•
TIPO:  C
• POTENCIA: 6.8A
• INCLUYE: 1 PUERTO USB Y 1
PUERTO TIPO C
• CARACTERISTICAS: CARGA
RÁPIDA",images/BS-E6069PD.jpg,1105,0.9
BS-E6074PD,CARGADOR BOSSNEY,,9.5,"• PRODUCTO: CARGADOR
COMPLETO
• MODELO: BOSSNEY
• TIPO : C
• CABEZAL: 2 ENTRADAS (
USB,C)
• VOLTAJE: 6.8A
• POTENCIA: 48W
• CARACTERÍSTICAS: SUPER
CARGA RÁPIDA,
ILUMINACIÓN RGB
• COLOR: BLANCO",images/BS-E6074PD.jpg,1106,0.9
RD-6138C,CARGADOR REDD,,9.5,"• PRODUCTO: CARGADOR
COMPLETO
• MODELO: REDD
• TIPO: C
• POTENCIA: 75W
• VOLTAJE: 7A
• ENTRADA: USB
• CARACTERÍSTICAS:  CARGA
RAPIDA TURBO",images/RD-6138C.jpg,1108,0.9
AD-PD19,CARGADOR,ALDEEPO,10.0,"• PRODUCTO: CARGADOR
ALDEEPO
• CARGA INTELIGENTE
• POTENCIA: 65W
• ENTRADA TIPO C
• CABLE TIPO C A  TIPO C",images/AD-PD19.jpg,1109,1.0
RD-6056PD,CARGADOR REDD TIPO C,,10.0,"• CARGADOR COMPLETO REDD TIPO
C
• CARGA 70W | 6.8A
• CABEZAL CON 1 ENTRADA USB Y 1
ENTRADA TIPO C
• CARGA RAPIDA",images/RD-6056PD.jpg,1110,0.9
AD-PD20,CARGADOR,ALDEEPO,10.0,"• PRODUCTO: CARGADOR
ALDEEPO
• CARGA INTELIGENTE
• POTENCIA: 67W
• ENTRADA USB
• CABLE USB A  TIPO C",images/AD-PD20.jpg,1111,1.0
RD-6155,CARGADOR REDD V8,,10.0,"• PRODUCTO: CARGADOR
COMPLETO
• POTENCIA: 85W
• CABLE DE DATOS USB-V8
• LONGITUD: 1000MM
• CARACTERÍSTICAS: CARGA
RÁPIDA",images/RD-6155.jpg,1112,0.9
BS-E6080PD,CARGADOR BOSSNEY,,10.0,"• PRODUCTO: CARGADOR
COMPLETO
• MODELO: BOSSNEY
• TIPO : C
• CABEZAL: 2 ENTRADA ( USB,
Y TIPO C)
• VOLTAJE: 6.8A
• POTENCIA: 48W
• CARACTERÍSTICAS: SUPER
CARGA RÁPIDA,
• COLOR: BLANCO",images/BS-E6080PD.jpg,1113,0.9
AD-PD18,CARGADOR,ALDEEPO,10.0,"• PRODUCTO: CARGADOR
ALDEEPO
• CARGA INTELIGENTE
• POTENCIA: 80W
• ENTRADA TIPO C
• CABLE TIPO C A  TIPO C",images/AD-PD18.jpg,1114,1.0
AD-C21,CARGADOR TIPO C,ALDEEPO,10.0,"• PRODUCTO: CARGADOR
COMPLETO
• MODELO: ALDEEPO
• PUERTOS: USB Y USB-C
• POTENCIA: 80W
• CARGA RAPIDA",images/AD-C21.jpg,1115,1.0
OC-838C,CARGADOR,,10.0,"• PRODUCTO: CARGADOR
COMPLETO
• MODELO: ONCE
• ENTRADA: USB-C
• CABLE :TIPO C
• POTENCIA: 80W
• POTENCIA:  7 A
• CARACTERÍSTICAS: CARGA
RÁPIDA",images/OC-838C.jpg,1116,0.9
BS-E6081PD,CARGADOR,,10.0,"• PRODUCTO: CARGADOR
COMPLETO
• INCLUYE: 1 ENTRADA  USB
Y 1 ENTRADA TIPO C
• CABLE :TIPO C
• POTENCIA: 48W
• CARACTERÍSTICAS: CARGA
RÁPIDA",images/BS-E6081PD.jpg,1117,0.9
BL-E203CD,CARGADOR BLESS,,11.0,"• PRODUCTO: CARGADOR
COMPLETO
• POTENCIA:85W
• LONGITUD:1000MM
• TIPO: CABLE TIPO C
• CARACTERÍSTICAS: CABEZAL
CON ENTRADA USB Y
ENTRADA TIPO CARGA
RAPIDA",images/BL-E203CD.jpg,1118,0.9
BL-E204CD,CARGADOR BLESS,,11.0,"• PRODUCTO: CARGADOR
COMPLETO
• POTENCIA:85W
• LONGITUD:1000MM
• TIPO: CABLE TIPO C
• CARACTERÍSTICAS: CABEZAL
CON ENTRADA USB Y
ENTRADA TIPO CARGA
RAPIDA",images/BL-E204CD.jpg,1119,0.9
OC-845PD,CARGADOR ONCE,,11.0,"• PRODUCTO: CARGADOR
COMPLETO
• MODELO: TIPO C
• POTENCIA:  60W
• ENTRADAS: 1TIPO C Y UNA
USB.
• LONGITUD: CABLE 1 METRO",images/OC-845PD.jpg,1120,0.9
RD-6095,CARGADOR REDD,REDD,11.0,"• PRODUCTO: CARGADOR
COMPLETO
• MARCA: REDD
• TIPO C
• CABLE 1000MM
• MODELO: RD-6095
• CORRIENTE MÁXIMA: 6.8ª
• LONGITUD DEL CABLE: 1000
MM (1 METRO)",images/RD-6095.jpg,1121,1.0
OC-844C,CARGADOR ONCE,,11.0,"• CARGADOR COMPLETO ONCE
• TIPO C
• POTENCIA 67W
• CARGA RÁPIDA
• INCLUYE CABLE USB A TIPO C
• CABEZAL ENTRADA USB",images/OC-844C.jpg,1122,0.9
TCC0542,CARGADOR RO,MAX,11.0,"• CARGADOR COMPLETO DE USB A
V8
• CARGA RAPIDA
• 6.2 A/60W",images/TCC0542.jpg,1123,1.0
RD-6154C,CARGADOR REDD TIPO C,,11.0,"• PRODUCTO: CARGADOR
COMPLETO
• MODELO: REDD
• TIPO: CABLE TIPO C
• POTENCIA:85W
• CARGA : 7.8A
• LONGITUD: 1METRO
• CARACTERÍSTICAS: CABEZAL
CON ENTRADA USB
• CARGA RAPIDA",images/RD-6154C.jpg,1125,0.9
CR73,CARGADOR SUPEER TIPOC,,11.0,"• PRODUCTO: CARGADOR
COMPLETO
• MODELO: SUPER
• POTENCIA: 45W
• VOLTAJE: 7.1A
• CABLE TIPO: C-C
• CABEZAL TIPO: USB-C
• CARACTERÍSTICAS: CARGA
SUPER RÁPIDA",images/CR73.jpg,1126,0.9
DE-E5187C,CARGADOR DEXBO,,11.0,"• PRODUCTO: CARGADOR
COMPLETO
• MODELO: DEXBO
• TIPO:  C
• ENTRADA: USB-C
• POTENCIA: 70W PD
• CARACTERISTÍCAS:  USB CABLE
DE DATOS, CARGA ULTRA
RÁPIDA",images/DE-E5187C.jpg,1127,0.9
AK200,CARGADOR TRANYCO,,12.0,"• PRODUCTO: CARGADOR
COMPLETO
• MODELO:  TRANYCO
• TIPO C
• POTENCIA: 18W
• ENTRADA : USB
• CARACTERÍSTICAS: CARGA
SUPER RÁPIDA
• COLOR: BLANCO",images/AK200.jpg,1128,0.9
TCC0541,CARGADOR TIPO C RO,MAX,12.0,"• PRODUCTO: CARGADOR
COMPLETO
• MODELO:  ROMAX
• POTENCIA: 60W
• SALIDA: 6.2A.
• ENTRADA USB
• CABLE TIPO C",images/TCC0541.jpg,1129,1.0
SC-T2921T,CARGADOR SANCI TIPO C,,12.0,"• PRODUCTO: CARGADOR
COMPLETO
• POTENCIA: 120W.
• CONECTIVIDAD: INCLUYE CABLE
USB TIPO-C DE 1000 MM (1
METRO) DE LONGITUD.
• TECNOLOGÍA: SOPORTA CARGA
RÁPIDA DE ALTA POTENCIA
PARA REDUCIR TIEMPOS DE
RECARGA.",images/SC-T2921T.jpg,1130,0.9
TCC0602,CARGADOR TIPO C RO,MAX,12.5,"• PRODUCTO: CARGADOR
COMPLETO
• MODELO:  ROMAX
• POTENCIA: 66W
• SALIDA: 6.2A.
• ENTRADA USB
• CABLE TIPO C
• CARGA RAPIDA",images/TCC0602.jpg,1131,1.0
TCC480,CARGADOR RO,MAX,12.0,"• PRODUCTO: CARGADOR
COMPLETO
• TIPO C
• CARGA RAPIDA  60W
• VOLTAJE: 6.2A
• CABEZAL CON ENTRADA USB
• CARGA RAPIDA",images/TCC480.jpg,1132,1.0
SC-T2915T,CARGADOR SANCI,,12.0,"• PRODUCTO: CARGADOR
COMPLETO
• TIPO: CABLE TIPO C
• CARACTERÍSTICAS: CABEZAL
CON ENTRADA USB Y ENTRADA
TIPO C
• CARGA RAPIDA",images/SC-T2915T.jpg,1133,0.9
T09,CARGADOR MICCELL TIPO C,,12.5,"• PRODUCTO: CARGADOR
COMPLETO DE CARGA
RAPIDA
• POTENCIA DE 25W.
• ENTRADA DE TIPO C A TIPO C",images/T09.jpg,1134,0.9
TCC0621,CARGADOR TIPO C RO,MAX,12.5,"• PRODUCTO: CARGADOR
COMPLETO
• MODELO:  ROMAX
• POTENCIA: 66W
• SALIDA: 6.2A.
• ENTRADA USB
• CABLE TIPO C",images/TCC0621.jpg,1135,1.0
PRO-C30,CARGADOR,ALDEEPO,13.0,"• PRODUCTO: CARGADOR
ALDEEPO
• CARGA INTELIGENTE
• POTENCIA: 65W
• PUERTO USB Y C
• CABLE TIPO USB A C",images/PRO-C30.jpg,1136,1.0
TCC0674,CARGADOR RO,MAX,13.0,"• PRODUCTO: CARGADOR
• MODELO:  ROMAX
• POTENCIA:80W
•
TIPO:  TIPO C
• ENTRADA DOBLE: USB Y
TIPO C
• CARACTERISTICAS: CARGA
RÁPIDA",images/TCC0674.jpg,1137,1.0
DE-E5215C,CARGADOR DEXBO,,13.0,"• PRODUCTO: CARGADOR
DEXBO
• POTENCIA: 140W
• PUERTO USB Y PD
• CABLE TIPO C-C",images/DE-E5215C.jpg,1138,0.9
TCC0676,CARGADOR RO,MAX,13.0,"• PRODUCTO: CARGADOR
• MODELO:  ROMAX
• POTENCIA:80W
•
TIPO:  TIPO C
• ENTRADA: TIPO C
• CARACTERISTICAS: CARGA
RÁPIDA",images/TCC0676.jpg,1139,1.0
US4-V8,CARGADOR TRANYO,,14.0,"• PRODUCTO: CARGADOR
COMPLETO
• MODELO: SUPER
• POTENCIA: 40W
• CABLE TIPO: V8
• CABEZAL TIPO: USB
• CARACTERÍSTICAS: CARGA
SUPER RÁPIDA",images/US4-V8.jpg,1140,0.9
CR36,CARGADOR SUPER,,14.0,"• PRODUCTO: CARGADOR
COMPLETO
• MODELO:  SUPER
• TIPO: C A C
• POTENCIA:  68W
• VOLTAJE: 6.8A
• ENTRADA: USB, C
• CARACTERÍSTICAS:
CARGADOR INTELIGENTE
AUTO-ID
• COLOR: NEGRO",images/CR36.jpg,1141,0.9
PRO-16,CARGADOR,ALDEEPO,15.0,"• PRODUCTO: CARGADOR
ALDEEPO
• MODELO:  PRO-16
•
TIPO:  C
• POTENCIA: 120W
• INCLUYE: 1 PUERTO USB Y 2
PUERTO TIPO C
• CARACTERISTICAS: CARGA
RÁPIDA",images/PRO-16.jpg,1142,1.0
BS-6073PD,CARGADOR BOSSNEY,,15.0,"• CARGADOR COMPLETO CARGA
RAPIDA TIPO C
• POTENCIA: 75W
• CARGA RAPIDA
• CABLE TIPO: C-C
• ENTRADAS: 2 TIPO C Y 1 USB",images/BS-6073PD.jpg,1143,0.9
US4-C,CARGADOR TRANYOO,,15.0,"• CARGADOR COMPLETO TIPO C
• CARGA 40W
• ENTRADA USB
• CARGA RAPIDA",images/US4-C.jpg,1144,0.9
PRO-C31,CARGADOR,ALDEEPO,15.0,"• PRODUCTO: CARGADOR
COMPLETO
• MARCA: ALDEEPO
• VOLTAJE:100-240V
• DOBLE ENTRADA TIPO C, 1
ENTRADA USB",images/PRO-C31.jpg,1145,1.0
,H-66W CARGADOR HONOR,,15.0,"• PRODUCTO: CARGADOR
HONOR
• TIPO:  C
• POTENCIA: 66W
• INCLUYE: 1 PUERTO USB Y 1
PUERTO TIPO C
• CARACTERISTICAS: CARGA
RÁPIDA",images/page_1146_product_001.jpg,1146,0.75
US2-C,CARGADOR TRANYOO,,15.0,"• CARGADOR COMPLETO TIPO C
• CARGA 67W
• ENTRADA USB
• CARGA RAPIDA",images/US2-C.jpg,1147,0.9
SM-65W,CARGADOR RO,MAX,16.0,"• PRODUCTO: CARGADOR
• MODELO:  SAMSUNG
•
TIPO:  C
• POTENCIA: 65W
• ENTRADA: TIPO C A TIPO C
• CABEZAL CUENTA CON 2
ENTRADAS TIPO C Y 1
ENTRADA USB .
• CARACTERISTICAS: CARGA
RÁPIDA",images/SM-65W.jpg,1148,1.0
TCC0664,CARGADOR RO,MAX,17.0,"• PRODUCTO: CARGADOR
• MODELO:  ROMAX
• POTENCIA:100W
•
TIPO:  TIPO C
• ENTRADA: USB A TIPO C
• CARACTERISTICAS: CARGA
RÁPIDA",images/TCC0664.jpg,1149,1.0
LK-513,CARGADOR LINK,MAX,18.0,"• POTENCIA DE 25W.
• CUENTA CON UN PUERTO
USB-C.
• INCLUYE TECNOLOGÍA DE
CARGA RÁPIDA PD Y QC.
• DISEÑADO PARA SER
SEGURO, RÁPIDO Y
CONFIABLE.
• VIENE CON LUZ TÁCTIL
INCORPORADA.",images/LK-513.jpg,1150,1.0
OC-837PD,CARGADOR TIPO C ONCE,,18.0,"• CARGADOR COMPLETO TIPO C
• POTENCIA: 45W
• CARGA RAPIDA
• TIPO: CARGADOR TIPO C A
TIPO C.
• INCLUYE: CUBO CARGADOR Y
CABLE.",images/OC-837PD.jpg,1151,0.9
CR64,65W CARGADOR SUPER,,22.0,"• PRODUCTO: CARGADOR
COMPLETO
• TIPO:  C
• POTENCIA: 65W
• LONGITUD: CABLE
REFORZADO 2M
• CABEZAL : ENTRADA TIPO
C
• CARACTERÍSTICAS: CARGA
ULTRA RÁPIDA",images/CR64.jpg,1152,0.9
MI-120TURBO,CARGADOR XIAOMI,,22.0,"• PRODUCTO: CARGADOR
COMPLETO
• MODELO: XIAOMI
• CABLE:   USB-C
• CARACTERÍSTICAS: DADO
CON ENTRADA USB, CARGA
RAPIDA
• POTENCIA:  120W
• SALIDA RAPIDA: 3.6-20V  6A
• COLOR : BLANCO",images/MI-120TURBO.jpg,1153,0.9
T16,CARGADOR MICCELL TIPO C,,25.0,"• PRODUCTO: CARGADOR
COMPLETO
• POTENCIA: 30W
• CABLE DE TIPO C A TIPO C
• CABEZAL: 1 ENTRADA USB Y 1
ENTRADA TIPO C
• CARACTERÍSTICAS: CARGA
RÁPIDA",images/T16.jpg,1154,0.9
CR62,CARGADOR SUPER,,28.0,"• PRODUCTO: CARGADOR
COMPLETO
• MODELO:  SUPER
• TIPO:  C-C
• ENTRADA : TIPO C
• LONGITUD: CABLE
REFORZADO 2M
• POTENCIA: PD 75W
• CARACTERÍTICAS: SUPER
CARGA RAPIDA",images/CR62.jpg,1155,0.9
T62,CARGADOR MICCELL TIPO C,,35.0,"• PRODUCTO: CARGADOR
COMPLETO
• POTENCIA: CAPACIDAD DE CARGA
RÁPIDA DE 35W.
• CABLE INTEGRADO: INCLUYE UN
CABLE USB-C
• PUERTOS: CUENTA CON 2 (USB-C
Y USB-A)
• DISEÑO: ESTÁ DISEÑADO PARA
SER COMPACTO Y REDUCIR EL
DESORDEN DE CABLES.",images/T62.jpg,1156,0.9
PL-25,POWER BANK BUYTITI,,14.0,"• BATERIA PORTATIL
• CAPACIDAD 20000 MAH
• CUENTA CON 3 PUERTOS USB
• PANTALLA Y LINTERNA LED
• INCLUYE: CABLE DE CARGA TIPO
V8
• PROTECCIÓN: DISEÑADO CON
PROTECCIÓN CONTRA
SOBRECARGAS",images/PL-25.jpg,1157,0.9
PL-22,POWER BANK BUYTITI,,14.0,"• BATERIA PORTATIL
• CAPACIDAD 20000 MAH
• CUENTA CON 3 PUERTOS USB
• LINTERNA LED
• INCLUYE: CABLE DE CARGA TIPO
V8
• PROTECCIÓN: DISEÑADO CON
PROTECCIÓN CONTRA
SOBRECARGAS",images/PL-22.jpg,1158,0.9
PL-26,POWER BANK BUYTITI,,14.0,"• BATERIA PORTATIL
• CAPACIDAD 20000 MAH
• CUENTA CON 3 PUERTOS USB
• CON LINTERNA LED
• INCLUYE: CABLE DE CARGA TIPO
V8
• PROTECCIÓN: DISEÑADO CON
PROTECCIÓN CONTRA
SOBRECARGAS",images/PL-26.jpg,1159,0.9
PL-20,POWER BANK BUYTITI,,14.0,"• BATERIA PORTATIL
• CAPACIDAD 20000 MAH
• CUENTA CON 3 PUERTOS USB
• INCLUYE: CABLE DE CARGA TIPO
V8
• PROTECCIÓN: DISEÑADO CON
PROTECCIÓN CONTRA
SOBRECARGAS",images/PL-20.jpg,1160,0.9
PL-23,POWER BANK BUYTITI,,14.0,"• BATERIA PORTATIL
• CAPACIDAD 20000 MAH
• CUENTA CON 3 PUERTOS USB
• CON LINTERNA INCLUIDA
• INCLUYE: CABLE DE CARGA TIPO
V8
• PROTECCIÓN: DISEÑADO CON
PROTECCIÓN CONTRA
SOBRECARGAS",images/PL-23.jpg,1161,0.9
PL-21,BATERIA PORTATIL BUYTITI,,14.0,"• BATERIA PORTATIL 20000MAH
• 2PUERTO USB
• 1PUERTO V8
• INDICADOR DE CARGA
• CARGA RAPIDA",images/PL-21.jpg,1162,0.9
E2028,D- BATERIA PORTATIL,,20.0,"• PRODUCTO: BATERIA
PORTATIL
• MODELO: DEMGEL
• ALIMENTACIÓN: ELÉCTRICA
• CAPACIDAD:6 500 MAH
• POTENCIA 25W
• VERSATILIDAD: INTEGRADO 1
CABLE TIPO “LIGHTNING”
• INCLUYE: CABLE DE CARGA
TIPO “C”
• COLOR:BLANCO Y NEGRO",images/E2028.jpg,1163,0.9
CP-25,POWER BANK IPHONE 10000A,,25.0,"• PRODUCTO: CARGA
INALAMBRICA
• CAPACIDAD: 10000MAH",images/CP-25.jpg,1164,0.9
PB225,POWER BANK YESIDO,,25.0,"• BATERIA PORTATIL
• CARGADOR SOLAR: 60MAH
• CUENTA CON 1 PUERTOS USB,1
TIPO C
• LINTERNA LED: 1W
• INCLUYE: CABLE DE CARGA DE
DIFERENTES ENTRADAS,TIPO C, V8
Y LIGHTNING
• CARGA INALAMBRICO
• CARGA RAPIDA",images/PB225.jpg,1165,0.9
PB95,POWER BANK YESIDO,,25.0,"• BATERIA PORTATIL
• CARGADOR SOLAR: 200MAH
• CUENTA CON 2 PUERTOS USB,1
TIPO C
• LINTERNA LED: 2W
• CUENTA CON ENCENDEDOR DE
CIGARRO
• INCLUYE: CABLE DE CARGA DE
DIFERENTES ENTRADAS,TIPO C, V8
Y LIGHTNING
• CARGA RAPIDA",images/PB95.jpg,1166,0.9
PB205,POWER BANK YESIDO,,25.0,"• BATERIA PORTATIL
• CARGADOR SOLAR: 360MAH
• CUENTA CON 2 PUERTOS USB,1
TIPO C
• LINTERNA LED: 2W
• INCLUYE: CABLE DE CARGA DE
DIFERENTES ENTRADAS,TIPO C, V8
Y LIGHTNING
• CARGA RAPIDA",images/PB205.jpg,1167,0.9
E2034,D- BATERIA PORTATIL,,30.0,"• PRODUCTO: BATERIA PORTATIL
• MODELO: DEMGEL
• CAPACIDAD:  12000MAH
• POTENCIA: 25W
• ALIMENTACIÓN: ELÉCTRICA
• VERSATILIDAD: CABLES DE
CARGA (TIPO C, IPHONE),
CONEXIÓN DE CARGA
INTEGRADA Y PANTALLA
INDICADORA DE CARGA
• PUERTOS:  1 PUERTO CY 1
PUERTO PARA IPHONE.",images/E2034.jpg,1168,0.9
TCP0180,POWER BANK RO,MAX,30.0,"• CAPACIDAD: 12000 MAH.
• POTENCIA: 66W
• CARGA RAPIDA
• PUERTOS: USB, TIPO C,LIGHTNING.",images/TCP0180.jpg,1169,1.0
E2013,D- BATERIA PORTATIL,,33.0,"• PRODUCTO: BATERIA PORTATIL
• MODELO: DEMGEL
• CAPACIDAD:  12000MAH
• POTENCIA: 22.5W
• ALIMENTACIÓN: ELÉCTRICA
• VERSATILIDAD: LINTERNA LED
INTEGRADA, CABLES DE CARGA
(TIPO C, IPHONE Y USB),
CONEXIÓN DE CARGA
INTEGRADA Y PANTALLA
INDICADORA DE CARGA
• PUERTOS:  1PUERTOS USB,1
PUERTO C Y V8.",images/E2013.jpg,1170,0.9
BG-E8020,BATERIA PORTATIL BIG GER,,38.0,"• BATERIA PORTATIL 30000MAH
• PANTALLA CON INDICADOR DE CARGA
• 2 PUERTOS USB
• 1 PUERTO TIPO C
• 22.5W",images/BG-E8020.jpg,1171,0.9
BG-E8105,POWER BANK,BIG-GER,38.0,"• CAPACIDAD: 30000 MAH.
• POTENCIA: 22.5W
• CARGA RAPIDA
• PANTALLA LED INDICADOR DE
CARGA.
• CUENTA CON LINTERNA
• PUERTOS: 2 USB, TIPO C,V8.",images/BG-E8105.jpg,1172,1.0
LK-142,POWER BANK LINK,MAX,40.0,"• CAPACIDAD DE 10,000 MAH.
• CARGA INALÁMBRICA DE 15W.
• CARGA SÚPER RÁPIDA POR
CABLE PD 22.5W.
• SOPORTE PARA CARGA RÁPIDA
BIDIRECCIONAL MEDIANTE
PUERTO USB TIPO-C.
• DISEÑO ULTRADELGADO CON
CUERPO DE ALEACIÓN DE
ALUMINIO.",images/LK-142.jpg,1173,1.0
TCP0202,POWER BANK RO,MAX,40.0,"• CAPACIDAD: 12000 MAH.
• CARACTERÍSTICAS: PANTALLA
DIGITAL PARA MOSTRAR ENERGÍA,
VOLTAJE Y CORRIENTE.
• TECNOLOGÍA: SOPORTA CARGA
RÁPIDA PD DE 22.5W.
• PUERTOS: INCLUYE PUERTO USB Y
SALIDA TIPO C.",images/TCP0202.jpg,1174,1.0
CP30,POWER BANK SUPER SPEED4,,40.0,"• PRODUCTO: BATERIA PORTATIL
SUPER
• ALIMENTACIÓN: ELÉCTRICA
• BATERIA: 15000 MAH
• VERSATILIDAD: PANTALLA CON
INDICADOR DE CARGA, INCLUIDO
2 CABLES DE CARGA ( C Y
LIGHTNING).
• ENTRADAS: 1 PUERTOS USB, 1
PUERTO C.
• INCLUYE: CABLE DE CARGA",images/CP30.jpg,1175,0.9
AD-PD23,POWER BANK,ALDEEPO,45.0,"•
MARCA/MODELO: ALDEEPO
•
CAPACIDAD: 20,000 MAH.
•
VELOCIDAD DE CARGA: 22.5W DE
CARGA RÁPIDA.
•
CARACTERÍSTICAS : DISEÑO BLANCO,
PANTALLA LCD PARA PORCENTAJE DE
BATERÍA, CABLES INTEGRADOS (USB-
C, LIGHTNING,MICRO-USB,TIPO-C) Y
FUNCIÓN DE LINTERNA.",images/AD-PD23.jpg,1176,1.0
AD-PD03,POWER BANK,ALDEEPO,45.0,"•
MARCA/MODELO: ALDEEPO
•
CAPACIDAD: 30,000 MAH.
•
VELOCIDAD DE CARGA: 22.5W DE
CARGA RÁPIDA.
•
CARACTERÍSTICAS ÚNICAS: DISEÑO
TRANSPARENTE, PANTALLA LCD PARA
PORCENTAJE DE BATERÍA, CABLES
INTEGRADOS (USB-C, LIGHTNING) Y
FUNCIÓN DE LINTERNA.",images/AD-PD03.jpg,1177,1.0
P56,POWER BANK MICCELL,,50.0,"• PRODUCTO: BATERIA PORTATIL
• MODELO: MICCELL
• ALIMENTACIÓN:  RECARGABLE
• ALMACENAMIENTO: 10000
MAH
• POTENCIA: 22.5W
• PANTALLA DIGITAL LED,
MUESTRA EL PORCENTAJE DE
BATERIA
• CABLE LIGHTNING INCLUIDO",images/P56.jpg,1178,0.9
AD-PD02,POWER BANK,ALDEEPO,52.0,"• MARCA/MODELO: ALDEEPO
• CAPACIDAD: 30,000 MAH
• DISEÑO: INCLUYE CABLES
INTEGRADOS PARA MAYOR
COMODIDAD
• LUZ LED FRONTAL.",images/AD-PD02.jpg,1179,1.0
P31S,POWER BANK MICCELL,,60.0,"• PRODUCTO: BATERIA PORTATIL
MAGNETICA
• MODELO: MICCELL
• ALIMENTACIÓN:  RECARGABLE
• BATERIA: 10000 MAH
• POTENCIA: 20W
• CABLE DE CARGA TIPO C",images/P31S.jpg,1180,0.9
PB-10K,POWER BANK BELKIN,,70.0,"•
MARCA/MODELO: BELKIN
•
CAPACIDAD: 10,000 MAH
•
POTENCIA DE 15W.
•
TIPO DE CARGA: ADMITE
TECNOLOGÍA DE SÚPER CARGA
RÁPIDA.
•
ENTRADAS: 2 PUERTOS USB-A, 1
PUERTO USB-C",images/PB-10K.jpg,1181,0.9
P108,POWER BANK MICCELL,,105.0,"• PRODUCTO: BATERIA PORTATIL
• MODELO: MICCELL
• ALIMENTACIÓN:  RECARGABLE
• ALMACENAMIENTO: 50000
MAH
• POTENCIA: 22.5W
• INCLUYE CABLES
INCORPORADOS Y UNA
LINTERNA LED INTEGRADA",images/P108.jpg,1182,0.9
BS-E5724,BATERIA PORTATIL BOSSNEY,,110.0,"• BATERIA PORTATIL 60000MAH
• 2 PUERTOS TIPO C
• 4 PUERTOS USB
• PANTALLA CON INDICADOR DE CARGA
• FUENTE DE ENERGIA DE CARGA RÁPIDA",images/BS-E5724.jpg,1183,0.9
SC-DY4706,POWER BANK SANCI,,110.0,"• BATERIA PORTATIL 60000MAH
• 2 PUERTOS TIPO C – 160W
• 2 PUERTOS USB – 22.5W
• PANTALLA DIGITAL LED CON
INDICADOR DE PORCENTAJE DE
CARGA
• LINTERNA (LUZ LED)
• CORREA DE TRANSPORTE
• INCLUYE: CABLE DE CARGA TIPO C",images/SC-DY4706.jpg,1184,0.9
BS-E5733,BATERIA PORTATIL BOSSNEY,,120.0,"• PRODUCTO: BATERIA PORTATIL
• CAPACIDAD: 60 000 MAH
• POTENCIA: 65W
• ENTRADA Y SALIDA : USB-C
• POTENCIA: PD 65W
• CARACTERISTICAS: LINTERNA
INTEGRADA, PANTALLA DIGITAL,
( MUESTRA BATERÍA Y VOLTAJE)
•
DISEÑO: COMPACTO Y
ROBUSTO,
•
MATERIAL: ABS",images/BS-E5733.jpg,1185,0.9
LK-249,POWER BANK LINK,MAX,130.0,"• PRODUCTO: BATERIA PORTATIL
• CAPACIDAD: 20000MAH
• POTENCIA: 100W
•
DISEÑO MODERNO CON
PANTALLA DIGITAL LED QUE
MUESTRA EL ESTADO DE CARGA
EN TIEMPO REAL.
•
INCLUYE UNA CORREA DE
TRANSPORTE PARA FACILITAR
SU USO.",images/LK-249.jpg,1186,1.0
P109,POWER BANK MICCELL,,155.0,"• PRODUCTO: BATERIA PORTATIL
• MODELO: MICCELL
• ALIMENTACIÓN:  RECARGABLE
• ALMACENAMIENTO: 80000
MAH
• POTENCIA: 22.5W
• INCLUYE CABLES
INCORPORADOS PARA MAYOR
COMODIDAD Y UNA LINTERNA
LED INTEGRADA",images/P109.jpg,1187,0.9
,IPHONE+USB 1M CABLE IPHONE,,5.0,"• CABLE IPHONE USB
• LONGITUD DE 1 METRO",images/page_1188_product_001.jpg,1188,0.75
,IPHONE 14 PRO CABLE IPHONE,MAX,5.0,"• PRODUCTO: CABLE
• MODELO: IPHONE 14 PRO
MAX
• CARACTERÍSTICAS: C-
LIGHTNING
• LONGITUD: 1 METRO
• COLOR:  BLANCO",images/page_1189_product_001.jpg,1189,0.85
,17 PRO CABLE IPHONE,MAX,20.0,"• PRODUCTO: CABLE PARA
IPHONE
• POTENCIA: 240W
• LONGITUD: 2M
• DISEÑO: CONECTOR USB-
C EN AMBOS EXTREMOS
• CARGA RAPIDA",images/page_1190_product_001.jpg,1190,0.85
,"20W
CABEZAL IPHONE",,8.0,"• PRODUCTO: CABEZAL
• MODELO: IPHONE 13 PRO
MAX
• ENTRADA: “C”
• POTENCIA: 20W
• COLOR:  BLANCO",images/page_1191_product_001.jpg,1191,0.75
,16 PRO CARGADOR IPHONE,MAX,12.0,"• CARGADOR COMPLETO
MODELO IPHONE TIPO C A
IPHONE
• DADO IPHONE 20W",images/page_1192_product_001.jpg,1192,0.85
,14 PRO CARGADOR IPHONE,MAX,12.0,"• CARGADOR COMPLETO
MODELO IPHONE
• ENTRADA TIPO C A CUBO
• SALIDA TIPO LIGHTNING
• POTENCIA: 20W",images/page_1193_product_001.jpg,1193,0.85
,CaC 15 PRO CARGADOR IPHONE,MAX,12.0,"• PRODUCTO: CARGADOR
• MODELO: IPHONE 15 PRO
MAX
• ENTRADA: “C-C”
• POTENCIA: 20W
• COLOR:  BLANCO",images/page_1194_product_001.jpg,1194,0.85
,17 PRO CARGADOR IPHONE,MAX,20.0,"• CARGADOR COMPLETO
MODELO IPHONE TIPO C A
TIPO C
• DADO IPHONE 60W
• ENTRADA TIPO C",images/page_1195_product_001.jpg,1195,0.85
,T9 PELUQUERA VINTAGE,,10.0,"• MAQUINA CORTAPELO RECARGABLE
• DISEÑO METALIZADO
• PEINES DE TAMAÑOS
• ACEITE Y CEPILLO PARA
MANTENIMIENTO
• CABLE DE CARGA",images/page_1197_product_001.jpg,1197,0.75
MR-129,MAQUINA CORTAPELO BUYTITI,,20.0,"• MAQUINA CORTAPELO RECARGABLE
• INCLUYE UNA PANTALLA LED PARA
INDICAR EL NIVEL DE CARGA DE LA
BATERÍA.
• PEINES DE TAMAÑOS
• CEPILLO PARA MANTENIMIENTO Y
ACEITE .
• CABLE DE CARGA",images/MR-129.jpg,1198,0.9
CH-142,MAQUINA CORTA PELO MORLEY,,22.0,"• MAQUINA CORTAPELO CON CABLE
• INCLUYE: PEINES DE VARIOS
TAMAÑOS PARA CORTE, TIJERA Y
PEINE",images/CH-142.jpg,1199,0.9
DL-9296,AFEITADORA DALING,,55.0,"• AFEITADORA ELECTRICA
RECARGABLE PARA BARBA Y
RASURADOR
• PANTALLA DIGITAL
• TRES VELOCIDADES AJUSTABLES
Y UN CUERPO METALICO PARA
MAYOR DURABILIDAD.
• CEPILLO PARA
MANTENIMIENTO
• CABLE DE CARGA",images/DL-9296.jpg,1200,0.9
DL-7106,CORTADORA DE VELLO NASAL,,10.0,"• MAQUINA CORTADORA DE VELLO
NASAL Y DE OREJAS INALAMBRICO
• CUENTA CON CUCHILLAS DE ACERO
INOXIDABLE DE DOBLE BORDE PARA
ELIMINAR VELLO DE MANERA
PRECISA Y SEGURA SIN DAÑAR LA
PIEL",images/DL-7106.jpg,1201,0.9
BS-H9207,AFEITADORA ELECTRICA BOSSNEY,,28.0,"• CUENTA CON BATERIA RECARGABLE
• DISEÑADA CON TRES CABEZALES
FLEXIBLES PARA UN AFEITADO AL RAS
• USO INALAMBRICO
• CABEZALES ROTATIVOS",images/BS-H9207.jpg,1202,0.9
DL-1922,MAQUINA CORTAPELO DALING,,28.0,"• MAQUINA CORTAPELO RECARGABLE
• PEINES DE TAMAÑOS
• CEPILLO PARA MANTENIMIENTO Y
ACEITE .
• CABLE DE CARGA",images/DL-1922.jpg,1203,0.9
SC-J5802,MAQUINA CORTAPELO SANCI,,28.0,"• MAQUINA CORTAPELO RECARGABLE
• INCLUYE UNA PANTALLA LED PARA
INDICAR EL NIVEL DE CARGA DE LA
BATERÍA.
• PEINES DE TAMAÑOS
• CEPILLO PARA MANTENIMIENTO Y
ACEITE .
• CABLE DE CARGA",images/SC-J5802.jpg,1204,0.9
DL-1730,PELUQUERA DALING,,30.0,"• PRODUCTO: MAQUINA CORTAPELO
• MODELO: DALING
• TECNOLOGÍA INALÁMBRICA: FUNCIONA
CON BATERÍA RECARGABLE, OFRECIENDO
LIBERTAD DE MOVIMIENTO DURANTE SU
USO.
• PANTALLA LED: INCLUYE UN INDICADOR
DIGITAL PARA MONITOREAR EL NIVEL DE
BATERÍA.
• ACCESORIOS INCLUIDOS: VIENE CON
PEINES GUÍA INTERCAMBIABLES, ACEITE
LUBRICANTE, CEPILLO DE LIMPIEZA Y UN
CABLE DE CARGA USB.",images/DL-1730.jpg,1205,0.9
DL-9245,AFEITADORA ELECTRICA KEMEI,,35.0,"• CUENTA CON BATERIA RECARGABLE
• DISEÑADA CON TRES CABEZALES
FLEXIBLES PARA UN AFEITADO AL RAS
• USO INALAMBRICO
• CABEZALES ROTATIVOS",images/DL-9245.jpg,1206,0.9
KM-3382,PULIDOR SHAVER KEMEI,,45.0,"• PULIDOR  RECARGABLE PARA BARBA
• DISEÑO MATE
• CEPILLO PARA MANTENIMIENTO
• CABLE DE CARGA
• PANTALLA INDICADORA DE NIVEL DE
CARGA
• CON PATILLERO",images/KM-3382.jpg,1207,0.9
DL-1191,MAQUINA CORTAPELO,,35.0,"• PRODUCTO: CORTADORA DE PELO
INALÁMBRICA.
• INCLUYE: PEINES GUÍA DE DIFERENTES
MEDIDAS, UN CEPILLO DE LIMPIEZA,
ACEITE LUBRICANTE Y UN CABLE DE
CARGA.
• USO: DISEÑADA TANTO PARA USO
PROFESIONAL EN BARBERÍAS COMO
PARA USO PERSONAL EN EL HOGAR.
• DISEÑO: CUENTA CON CUCHILLAS DE
ACERO INOXIDABLE DE ALTA PRECISIÓN
Y UN DISEÑO ERGONÓMICO.",images/DL-1191.jpg,1208,0.9
DL-1197,PELUQUERA DALING,,35.0,"• MAQUINA CORTAPELO  CLIPPER
RECARGABLE
• INCLUYE PANTALLA LED PARA
VISUALIZAR EL NIVEL DE CARGA Y
ESTADO DE FUNCIONAMIENTO.
• MOTOR DE ALTA VELOCIDAD Y
CUCHILLAS DE ACERO INOXIDABLE
• PEINES DE TAMAÑOS
• CEPILLO PARA MANTENIMIENTO
• CABLE DE CARGA",images/DL-1197.jpg,1209,0.9
DL-0051,PELUQUERA,,35.0,"• PRODUCTO: MAQUINA CORTAPELO
• MODELO: DALING
• DISEÑO: METALIZADO
• MATERIALES: ACERO INOXIDABLE
• COLOR: ORO
• VOLTAJE: 5V
• POTENCIA:8W
• BATERÍA: 150MIN
• BATERIA:2000MAH
• CARACTERÍSTICAS: INDICADOR PORCENTAJE
DE BATERÍA
• INCLUYE: 4 PEINETAS, 1 ACEITE, 1 ESCOBILLA
DE MANTENIMIENTO, CARGA CON CABLE",images/DL-0051.jpg,1210,0.9
DL-1192,MAQUINA CORTAPELO,,35.0,"• PRODUCTO: CORTADORA DE
PELO PROFESIONAL
• CONECTIVIDAD: INALÁMBRICA
• BATERÍA:  LITIO 1800MAH
• OFRECE: 4H DE USO CONTINUO
• CARACTERISTÍCAS: PANTALLA LED
• DISEÑO: RETRO
• INCLUYE: 4 PEINES DE TAMAÑOS
DIFERENTES , 1 PEINILLA, CABLE
DE CARGA",images/DL-1192.jpg,1211,0.9
DL-1911,PELUQUERA DALING,,35.0,"• MAQUINA CORTAPELO RECARGABLE
• MOTOR:HASTA DE 8000RPM
• INCLUYE UNA PANTALLA LED PARA
INDICAR EL NIVEL DE CARGA DE LA
BATERÍA.
• PEINES DE DIFERENTES TAMAÑOS
• CEPILLO PARA MANTENIMIENTO Y
ACEITE .
• CABLE DE CARGA",images/DL-1911.jpg,1212,0.9
DL-0033,PELUQUERA,,35.0,"• PRODUCTO: MAQUINA CORTAPELO
• MODELO: DALING
• DISEÑO: METALIZADO
• MATERIALES: ACERO INOXIDABLE
• VOLTAJE: 5V
• POTENCIA:8W
• BATERÍA: 120MIN
• BATERIA:2000MAH
• CARACTERÍSTICAS: INDICADOR PORCENTAJE
DE BATERÍA
• INCLUYE: 4 PEINETAS, 1 ACEITE, 1 ESCOBILLA
DE MANTENIMIENTO, CARGA CON CABLE",images/DL-0033.jpg,1213,0.9
DL-0061,MAQUINA CORTAPELO DALING,,35.0,"• MAQUINA CORTAPELO RECARGABLE
• INCLUYE UNA PANTALLA LED PARA
INDICAR EL NIVEL DE CARGA DE LA
BATERÍA.
• PEINES DE TAMAÑOS
• CEPILLO PARA MANTENIMIENTO Y
ACEITE .
• CABLE DE CARGA",images/DL-0061.jpg,1214,0.9
DL-1963,PELUQUERA DALING,,35.0,"• MAQUINA CORTAPELO RECARGABLE
• MOTOR:HASTA DE 7000RPM
• INCLUYE UNA PANTALLA LED PARA
INDICAR EL NIVEL DE CARGA DE LA
BATERÍA.
• PEINES DE DIFERENTES TAMAÑOS
• CEPILLO PARA MANTENIMIENTO Y
ACEITE .
• CABLE DE CARGA",images/DL-1963.jpg,1215,0.9
DL-0023,PELUQUERA DALING,,35.0,"• MAQUINA CORTAPELO CUENTA
CON UNA PANTALLA LCD
• UTILIZA CUCHILLAS DE ACERO
INOXIDABLE
• INCLUYE MÚLTIPLES PEINES GUÍA
PARA AJUSTAR LA LONGITUD DEL
CORTE Y UN CABLE DE CARGA
USB.
• OFRECE PROTECCIÓN CONTRA
SOBRECARGAS",images/DL-0023.jpg,1216,0.9
DL-9215,SHAVER DALING,,45.0,"• PULIDOR  RECARGABLE PARA
BARBA Y RASURADOR
• CEPILLO PARA
MANTENIMIENTO
• CABLE DE CARGA
• INDICADOR DE CARGA",images/DL-9215.jpg,1217,0.9
KM-2299,MAQUINA CORTAPELO,,45.0,"• PRODUCTO: MAQUINA
CORTAPELO
• MODELO: KEMEI
• CAPACIDAD : 1200 MAH.
• BATERÍA BUFALO : 180 MIN (3H)
• MOTOR: 7000-7500 RPM
• POTENCIA: 5 WATTS.
• INCLUIYE: 3 PEINES, 1 CEPILLO,1
ACEITE,1 TAPA PROTECTOR, 1
CABLE DE CARGA
• COLOR: NEGRO",images/KM-2299.jpg,1218,0.9
KM-1727,MAQUINA CORTAPELO,,45.0,"• PRODUCTO: CORTADORA DE PELO
INALÁMBRICA.
• MOTOTR:7000RPM
• INCLUYE: 5 PEINES GUÍA DE DIFERENTES
MEDIDAS, UN CEPILLO DE LIMPIEZA,
ACEITE LUBRICANTE Y UN CABLE DE
CARGA.
• USO: DISEÑADA TANTO PARA USO
PROFESIONAL EN BARBERÍAS COMO
PARA USO PERSONAL EN EL HOGAR.
• DISEÑO: CUENTA CON CUCHILLAS DE
ACERO INOXIDABLE DE ALTA PRECISIÓN
Y UN DISEÑO ERGONÓMICO.",images/KM-1727.jpg,1219,0.9
KM-2296,PELUQUERA KEMEI,,65.0,"• HOJA DE ACERO AL CARBONO
NEGRO.
• INCLUYE 8 PEINETAS GUÍA DE
DIFERENTES TAMAÑOS
(3/6/10/13/16/19/22/25 MM).
• POTENCIA DE 5W Y MOTOR
ROTATIVO.
• TIEMPO DE CARGA DE 3.5 HORAS.
• BASE DE CARGA Y CARGADOR USB
INCLUIDOS
• FUNCIONA CON UNA BATERÍA DE
LITIO DE 2500 MA",images/KM-2296.jpg,1220,0.9
KM-2026,PULIDOR KEMEI,,55.0,"• PRODUCTO: PULIDOR  RECARGABLE
• USO: PARA BARBA
• INCLUYE: CEPILLO PARA
MANTENIMIENTO, CABLE DE
CARGA , BOQUILLA
INTERCAMBIABLE Y ESTUCHE
• INCORPORADO PANTALLA
INDICADORA DE CARGA
• BATERIA: 1400MAH
• TIEMPO DR CARGA 2H
• ALIMENTACIÓN: RECARGABLE Y
ELÉCTRICA",images/KM-2026.jpg,1221,0.9
V-001,MAQUINA CORTAPELO VGR,,160.0,"• MAQUINA CORTAPELO RECARGABLE
• PEINES DE TAMAÑOS
• CEPILLO PARA MANTENIMIENTO
• CABLE DE CARGA
• PANTALLA INDICADORA DE NIVEL DE
CARGA
• BASE PARA CARGAR
• ACEITE PARA MANTENIMIENTO",images/V-001.jpg,1222,0.9
HR-806,PLANCHA ROZIA,,20.0,"• PRODUCTO: ALISADOR DE
CABELLO
• TEMP:980° F
• POTENCIA: 40W
• TENSIÓN NOMINAL: 100-
240V
• FRECUENCIA: 50/60HZ
• CALENTADOR DE: RÁPIDO
CALEFACCIÓN PTC
• TIPO DE PLACA:
REVESTIMIENTO DE
CERÁMICA
• PANTALLA: LED",images/HR-806.jpg,1223,0.9
SF-9675,PLANCHA SONIFER,,25.0,"• CUENTA CON PLACAS ANCHAS
REVESTIDAS DE CERÁMICA
PARA REDUCIR EL DAÑO AL
CABELLO.
• ALCANZA UNA TEMPERATURA
DE HASTA 200°C Y CUENTA CON
INDICADOR DE ENCENDIDO.
• DISEÑO DE PUNTA FRÍA DE
SEGURIDAD PARA EVITAR
QUEMADURAS.",images/SF-9675.jpg,1224,0.9
BM-821,PLANCHA DE CABELLO,,35.0,"• PLANCHA DE CABELLO
• TEMPERATURA MAX 200°
• INDICADOR DE
TEMPERATURA
• POTENCIA 60W
• CALENTAMIENTO RAPIDO
PARA AHORRAR TIEMPO",images/BM-821.jpg,1225,0.9
HR745,PLANCHA ROZIA PRO,,38.0,"• PLANCHA DE CABELLO ROZIA
• TEMP: 470°F
• CABLE DE CARGA DIRECTA A
CORRIENTE
• CABLE DE CORRIENTE 360°",images/HR745.jpg,1226,0.9
HR859,PLANCHA ROZIA PRO,,40.0,"• PLANCHA DE CABELLO ROZIA
• TEMP: 980°F
• PEINE Y GANCHOS PARA CABELLO
• CABLE DE CORRIENTE 360°
• PANTALLA INDICADORA DE NIVEL
DE CARGA",images/HR859.jpg,1227,0.9
HR823,PLANCHA ROZIA PRO,,48.0,"• PRODUCTO: PLANCHA DE
CABELLO
• POTENCIA: 450-950°​F
• CARACTERÍSTICAS: PANTALLA
LED
• REGULADOR DE TEMPERATURA
• CABLE GIRATORIO: 360°
• PLACAS DE CERÁMICA
• CALENTAMIENTO ULTRA
RAPIDO (30 SS-SUBE  +90 SS)
• INCLUYE:  PEINE Y GANCHOS
PARA CABELLO",images/HR823.jpg,1228,0.9
HR817,PLANCHA ROZIA,,48.0,"• PRODUCTO: ALISADOR
• USO:CREAR LISOS PULIDOS O
SUAVES ONDAS
• TEMPERATURA: 470-950°
• CARACTERÍSTICAS: REDUCE EL
DAÑO POR CALOR Y SELLA LA
HUMEDAD
• DISEÑO:  ERGONÓMICO Y
LIGERO
• CABLE GIRATORIO : 360°
• INCLUYE: PEINE, GANCHOS
PARA CABELLO",images/HR817.jpg,1229,0.9
DL-5258,RIZADORA DALING,,35.0,"• PRODUCTO: TENAZA
PROFESIONAL (ONDULADORA)
• CUENTA CON UNA PINZA
INTEGRADA PARA ASEGURAR EL
CABELLO Y TECNOLOGIA DE
CALOR RAPIDO PARA UN
PEINADO EFICIENTE EN POCO
TIEMPO.
• PANTALLA LED PARA
VISUALIZAR LA TEMPERATURA
DE CALOR .",images/DL-5258.jpg,1230,0.9
DL-3036,SECADORA DALING,DALING,25.0,"• PRODUCTO: SECADORA DE
CABELLO
• MARCA: DALING
• POTENCIA:1800W
• CUENTA CON TECNOLOGIA IÓNICA
PARA REDUCIR EL FRIZZ Y APORTAR
BRILLO AL CABELLO.
• OFRECE AJUSTE DE TEMPERATURA
Y VELOCIDAD PARA CONTROLAR EL
PEINADO.",images/DL-3036.jpg,1231,1.0
DL-3026,SECADOR DALING,,25.0,"• VOLTAJE: 2200V
• CONTROL DE TEMPERATURA
• 2 VELOCIDADES DE VIENTO
• 3 AJUSTES DE TEMPERATURA
• ACCESORIOS: INCLUYE
BOQUILLA DE AIRE
DESMONTABLE",images/DL-3026.jpg,1232,0.9
DL-8820A,SECADOR DALING,DALING,25.0,"• PRODUCTO: SECADORA DE
CABELLO
• MARCA: DALING
• CONECTIVIDAD : A CORRIENTE
• USO:PROFESIONAL
• POTENCIA: 2200W
• VELOCIDAD: 3 NIVELES DE AIRE",images/DL-8820A.jpg,1233,1.0
SN-61,SECADORA,,25.0,"• SECADORA A CORRIENTE
• POTENCIA :4500W
• AIRE CALIENTE Y FRIO
• CEPILLO Y PEINE",images/SN-61.jpg,1234,0.9
KM-6857,SECADORA KEMEI,,25.0,"• POTENCIA: 900W
• VOLTAJE: 220V
• CONTROL DE TEMPERATURA
• 2 VELOCIDADES
• 3 CONFIGURACIONES DE TEM.
• ACCESORIOS: INCLUYE
BOQUILLA DE AIRE
DESMONTABLE",images/KM-6857.jpg,1235,0.9
H7011,D- SECADORA,DEMGEL,25.0,"• PRODUCTO: SECADORA DE
CABELLO
• MARCA: DEMGEL
• CONECTIVIDAD : A CORRIENTE
• USO:PROFESIONAL
• POTENCIA: 1800W
• VELOCIDAD: 3 NIVELES DE AIRE",images/H7011.jpg,1236,1.0
HC8195,SECADORA ROZIA,ROZIA,28.0,"• PRODUCTO: SECADORA DE
CABELLO
• MARCA: ROZIA
• CONECTIVIDAD : A CORRIENE
• POTENCIA: 3000W
• 3 AJUSTES DE CALOR
• CABLE DE 2M PARA MANEJO
COMODO",images/HC8195.jpg,1237,1.0
DL-5256,RIZADORA DALING,,38.0,"• PRODUCTO: RIZADORA
PROFESIONAL
(ONDULADORA)
• POTENCIA: 45W
• TEMP: 220°
• CABLE GIRATORIO DE 360°
PARA FACILITAR SU USO
• USO: OPERA CREANDO
ONDAS “S” SUELTAS,
GRANDES Y HERMOSAS
DOBLE",images/DL-5256.jpg,1238,0.9
SF-9534,SECADORA ROZIA,SONIFER,40.0,"• PRODUCTO: SECADORA DE
CABELLO
• MARCA: SONIFER
• CONECTIVIDAD : A CORRIENTE
• POTENCIA: DE 1900 - 2300W
• INCLUYE 2 VELOCIDADES, TRES
NIVELES DE TEMPERATURA Y UNA
FUNCION DE GOLPE FRIO.",images/SF-9534.jpg,1239,1.0
SF-9535,SECADORA SONIFER,,65.0,"• SECADORA A CORRIENTE
• POTENCIA :2600W
• AIRE CALIENTE Y FRIO",images/SF-9535.jpg,1240,0.9
DL-5255,SET DE PELUQUERIA,,75.0,"• SET DE DE PLANCHA Y TENAZA DALING
• INCLUYE PLANCHA DE PELO CON
PLACAS DE CERAMICA, PANTALLA LCD
PARA VISUALIZAR LA
TEMPERATURA,QUE PUEDE ALCANZAR
HASTA 950°F.
• TIENE UN RIZADOR DE BARRIL
ESTRECHO CON UN ESTILO SENCILLO
PARA ONDAS MAS
DEFINIDAS,OFRECIENDO
CALENTAMIENTO RAPIDO.",images/DL-5255.jpg,1241,0.9
HC8115,CEPILLO SECADOR,,130.0,"• COMBINA LAS FUNCIONES DE
SECADO, PEINADO, ALISADO Y
MODELADO DEL CABELLO.
• CUENTA CON UN SISTEMA DE
ROTACIÓN AUTOMÁTICA QUE IMITA
EL MOVIMIENTO DE UN ESTILISTA
PROFESIONAL.
• FACILITA EL PEINADO Y ES IDEAL
PARA DAR VOLUMEN Y BRILLO AL
CABELLO.
• VIENE CON MÚLTIPLES ACCESORIOS
INTERCAMBIABLES PARA
DIFERENTES ESTILOS DE PEINADO.",images/HC8115.jpg,1242,0.9
HC8116,CEPILLO SECADOR 5 EN 1,,130.0,"• COMBINA LAS FUNCIONES DE
SECADO, PEINADO, ALISADO Y
MODELADO DEL CABELLO.
• CUENTA CON UN SISTEMA DE
ROTACIÓN AUTOMÁTICA QUE IMITA
EL MOVIMIENTO DE UN ESTILISTA
PROFESIONAL.
• FACILITA EL PEINADO Y ES IDEAL
PARA DAR VOLUMEN Y BRILLO AL
CABELLO.
• VIENE CON MÚLTIPLES ACCESORIOS
INTERCAMBIABLES PARA
DIFERENTES ESTILOS DE PEINADO.",images/HC8116.jpg,1243,0.9
V-483,CEPILLO SECADOR 5 EN 1,,160.0,"• CEPILLO SECADOR
• MOTOR BLDC 110.000RPM
• POTENCIA: 1300W
• CUENTA CON 5 CABEZALES DE
PEINADOS
INTERCAMBIABLES,INCLUYENDO
RIZADORES DE AUTO-ENVOLTURA
• TIENE CONTROL DE TEMPERATURA,
ALCANZANDO NIVEL MAXIMO DE
105°C.
• INCLUYE 2 PINZAS.",images/V-483.jpg,1244,0.9
,2837 RELOJ DESPERTADOR MINI,,10.0,"• RELOJ DESPERTADOR BO
SHENG
• PRODUCTO: RELOJ
DESPERTADOR DE MESA DE
ESTILO RETRO CON DOBLE
CAMPANA, DISPONIBLE EN
COLOR ROSA Y CON UN DISEÑO
ANALÓGICO DE CUARZO.",images/page_1246_product_001.jpg,1246,0.75
,"2833 RELOJ 
DESPERTADOR",,12.0,"• RELOJ DESPERTADOR DE
MESA CON DOBLE
CAMPAÑILLA",images/page_1247_product_001.jpg,1247,0.75
DE-K309,RELOJ DIGITAL,,12.0,"• RELOJ DIGITAL DE MESA
• INCLUYE ALARMA Y
VISUALIZACION DE
TEMPERATURA.
• FUNCIONA CON BATERIA
DOBLE AA",images/DE-K309.jpg,1248,0.9
CJ8082T,RELOJ BOSSNEY,,14.0,"• PRODUCTO: RELOJ DIGITAL
DESPERTADOR DE MESA
• ADEMAS DE LA HORA
MUESTRA LA FECHA Y
TEMPERATURA AMBIENTE
• PUEDE COLOCARSE EN PARED,
OFICINA O EN MESA
• INCLUYE CABLE USB PARA
CONECTAR DIRECTAMENTE A
LA CORRIENTE",images/CJ8082T.jpg,1249,0.9
TS-001,RELOJ DIGITAL,,15.0,"• RELOJ DESPERTADOR CON
PROYECTOR LED
• INCLUYE FUNCIONES DE
TERMOMETRO Y
ALARMA,Y FUNCIONA
CONECTADO MEDIANTE
UN CABLE USB INCLUIDO.
• PERMITE PROYECTAR LA
HORA EN PAREDES O
TECHOS CON ANVGGULO
AJUSTABLE DE 180
GRADOS PARRA FACILITAR
SU VISUALIZACION.",images/TS-001.jpg,1250,0.9
BS-K2571,RELOJ DESPERTADOR,,28.0,"• PRODUCTO: RELOJ DIGITAL
DESPERTADOR DE MESA
• ADEMAS DE LA HORA
MUESTRA LA FECHA Y
TEMPERATURA AMBIENTE
• PUEDE COLOCARSE EN PARED,
OFICINA O EN MESA
• INCLUYE CABEZA Y CABLE USB
PARA CONECTAR
DIRECTAMENTE A LA
CORRIENTE",images/BS-K2571.jpg,1251,0.9
JH3615N,RELOJ DESPERTADOR,,40.0,"• PRODUCTO: RELOJ DIGITAL
DESPERTADOR DE MESA
• ADEMAS DE LA HORA
MUESTRA LA FECHA Y
TEMPERATURA AMBIENTE
• PUEDE COLOCARSE EN PARED,
OFICINA O EN MESA
• INCLUYE CABEZA Y CABLE USB
PARA CONECTAR
DIRECTAMENTE A LA
CORRIENTE",images/JH3615N.jpg,1252,0.9
JH3604,RELOJ DESPERTADOR,,45.0,"• PRODUCTO: RELOJ DIGITAL
DESPERTADOR DE MESA
• ADEMAS DE LA HORA
MUESTRA LA FECHA Y
TEMPERATURA AMBIENTE
• PUEDE COLOCARSE EN PARED,
OFICINA O EN MESA
• INCLUYE CABLE USB PARA
CONECTAR DIRECTAMENTE A
LA CORRIENTE",images/JH3604.jpg,1253,0.9
BS-K2551,RELOJ DESPERTADOR,,50.0,"• RELOJ DESPERTADOR BOSSNEY
• PRODUCTO: RELOJ DIGITAL
DESPERTADOR DE MESA
• ADEMAS DE LA HORA
MUESTRA LA FECHA Y
TEMPERATURA AMBIENTE
• PUEDE COLOCARSE EN PARED,
OFICINA O EN MESA
• INCLUYE CABLE USB PARA
CONECTAR DIRECTAMENTE A
LA CORRIENTE",images/BS-K2551.jpg,1254,0.9
JH4622-4,RELOJ DIGITAL,,50.0,"• RELOJ DIGITAL
• NUMEROS LED COLOR VERDE
• INDICADOR DE DIA, MES, AÑO, DIA
DE SEMANA Y TEMPERATURA.",images/JH4622-4.jpg,1255,0.9
ET-K6690,RELOJ,EWTTO,7.5,"• PRODUCTO: RELOJ
PULSERA
• MODELO: ANIMALITOS
PRODUCTO: RELOJ
• CARACTERISTÍCAS:
INDICA HORA
• COLORES:
CELESTE,NEGRO, VERDE
• USO: NIÑOS",images/ET-K6690.jpg,1256,1.0
C511354,RELOJ  DEPORTIVO,,8.0,"• PRODUCTO: RELOJ
• MODELO: DEPORTIVO
• INDICA : HORA, FECHA, DÍA
Y MES
• CARACTERÍSTICAS :
• CON LUZ DE
PANTALLA,ALARMA,CRONO
METRO",images/C511354.jpg,1257,0.9
WR626,RELOJ,,7.0,"• PRODUCTO: RELOJ PULSERA
• CARACTERISTICAS: PANTALLA DIGITAL
• INDICA :
HORA,FECHA,SEMANA,MUESTRA/
SNOOZE, CRONÓMETRO Y LUZ DE
PANTALLA
• ALARMA: REPETICIÓN,CADA HORA
• SISTEMA DE CONVERSIÓN : 12-24H
• COLORES: NEGRO C/BLANCO, NEGRO
C/ROSADO, NEGRO C/LILA, NEGRO
C/FUSCIA, NEGRO C/TURQUEZA, FUSCIA,
ROSADO C/TURQUEZA, TURQUEZA
C/ROSADO, BLANCO, LILA.",images/WR626.jpg,1258,0.9
HUIKER-617,RELOJ,,7.0,"• PRODUCTO: RELOJ PULSERA
• CARACTERISTICAS: PANTALLA DIGITAL
• INDICA :
HORA,FECHA,SEMANA,MUESTRA/
SNOOZE, CRONÓMETRO Y LUZ DE
PANTALLA
• ALARMA: REPETICIÓN,CADA HORA
• SISTEMA DE CONVERSIÓN : 12-24H
• COLORES: TURQUEZA,BLANCO,
ROSADO,LILA,NEGRO.",images/HUIKER-617.jpg,1259,0.9
ET-K6284,RELOJ,EWTTO,10.0,"• PRODUCTO: RELOJ
• MODELO: PULSERA
• CARACTE´RISTÍCAS:
RESISTENTE AL AGUA
• INDICA: HORA,FECHA
• COLORES:
NEGRO,ROSADO,AZÚL,ROJO,
MARRON Y VERDE MILITAR
• USO:NIÑOS,NIÑAS",images/ET-K6284.jpg,1260,1.0
ET-K6617,RELOJ,EWTTO,10.0,"• PRODUCTO: RELOJ PULSERA
• MARCA: EWTTO
• CARACTERISTICAS: PANTALLA DIGITAL
• INDICA :
HORA,FECHA,SEMANA,MUESTRA/
SNOOZE, CRONÓMETRO Y LUZ DE
PANTALLA
• ALARMA: REPETICIÓN,CADA HORA
• SISTEMA DE CONVERSIÓN : 12-24H
• LUZ: RETROILUMINACIÓN
• IMPERMEABILIDAD: 30M
• COLORES:RELOJ (GRIS ) CORREAS (
NEGRO,ROSA,FUCSIA )",images/ET-K6617.jpg,1261,1.0
S621,RELOJ,,10.0,"• PRODUCTO: RELOJ PULSERA
• CARACTERISTICAS: PANTALLA DIGITAL
• INDICA :
HORA,FECHA,SEMANA,MUESTRA/
SNOOZE, CRONÓMETRO Y LUZ DE
PANTALLA
• ALARMA: REPETICIÓN,CADA HORA
• SISTEMA DE CONVERSIÓN : 12-24H
• COLORES:AMARILLO NEON, VERDE, AZUL
MARINO,NEGRO , ROJO, BLANCO.",images/S621.jpg,1262,0.9
Y110,RELOJ,,10.0,"• PRODUCTO: RELOJ PULSERA
• CARACTERISTICAS: PANTALLA DIGITAL
• INDICA :
HORA,FECHA,SEMANA,MUESTRA/
SNOOZE, CRONÓMETRO Y LUZ DE
PANTALLA
• ALARMA: REPETICIÓN,CADA HORA
• SISTEMA DE CONVERSIÓN : 12-24H
• COLORES:CREMA, VERDE,
TURQUEZA,AZUL MARINO, ROJO, LILA,
NEGRO",images/Y110.jpg,1263,0.9
Y115,RELOJ,,10.0,"• PRODUCTO: RELOJ PULSERA
• CARACTERISTICAS: PANTALLA DIGITAL
• INDICA :
HORA,FECHA,SEMANA,MUESTRA/
SNOOZE, CRONÓMETRO Y LUZ DE
PANTALLA
• ALARMA: REPETICIÓN,CADA HORA
• SISTEMA DE CONVERSIÓN : 12-24H
• COLORES:ROJO, NEGRO, VERDE,AZUL
MARINO,AMARILLO",images/Y115.jpg,1264,0.9
RPM-100,RELOJ,,10.0,"• PRODUCTO: RELOJ
PULSERA
• PRODUCTO: RELOJ
• CARACTERISTÍCAS:
INDICA HORA
• COLORES:NEGRO,
BLANCO, CELESTE,
MARON, ROSADO,
VINOTINTO, AZUL, VERDE",images/RPM-100.jpg,1268,0.9
F156,W- RELOJ LASIKA DEPORTIVO,,10.0,"• RELOJ PULSERA DEPORTIVO
PEQUEÑO
• RESISTENTE AL AGUA
• INDICA HORA, FECHA, DÍA Y MES
• ALARMA
• LUZ DE PANTALLA
• CRONOMETRO",images/F156.jpg,1282,0.9
F152,W- RELOJ LASSIKA,,10.0,"• PRODUCTO: RELOJ PULSERA
• CARACTERISTÍCAS:  RESISTENTE
AL AGUA, INDICA HORA, FECHA,
DÍA Y MES
• LUZ DE PANTALLA
• CRONOMETRO
• COLORES:
AZUL,GRIS,NEGRO,VERDE
MILITAR, BEIGER",images/F152.jpg,1283,0.9
H9058,W- RELOJ LASSIKA DEPORTIVO,,10.0,"• RELOJ PULSERA DEPORTIVO
PEQUEÑO
• RESISTENTE AL AGUA
• INDICA HORA, FECHA, DÍA Y MES
• ALARMA
• LUZ DE PANTALLA
• CRONOMETRO",images/H9058.jpg,1284,0.9
H9052,W- RELOJ LASSIKA DEPORTIVO,,10.0,"• RELOJ PULSERA DEPORTIVO
PEQUEÑO
• RESISTENTE AL AGUA
• INDICA HORA, FECHA, DÍA Y MES
• ALARMA
• LUZ DE PANTALLA
• CRONOMETRO",images/H9052.jpg,1285,0.9
H9043,W- RELOJ PULSERA LASIKA,,10.0,"• PRODUCTO: RELOJ
• MODELO: DEPORTIVO
• CARACTERISTÍCAS: INDICA
HORA, FECHA, DÍA Y MES
• CRONOMETRO
• COLORES: VARIEDAD DE
COLORES",images/H9043.jpg,1286,0.9
ZB-617,RELOJ PULSERA,,10.0,"• PRODUCTO: RELOJ
• MODELO: DEPORTIVO
• CARACTERISTÍCAS: INDICA
HORA, FECHA, DÍA Y MES
• CRONOMETRO
• COLORES: VARIEDAD DE
COLORES",images/ZB-617.jpg,1287,0.9
S-641,RELOJ PULSERA AIMEIK,,10.0,"• PRODUCTO: RELOJ
• MODELO: DEPORTIVO
• CARACTERISTÍCAS: INDICA
HORA, FECHA, DÍA Y MES
• CRONOMETRO
• COLORES: VARIEDAD DE
COLORES",images/S-641.jpg,1288,0.9
,S-647B RELOJ PULSERA AIMEIKE,,10.0,"• PRODUCTO: RELOJ
• MODELO: DEPORTIVO
• CARACTERISTÍCAS: INDICA
HORA, FECHA, DÍA Y MES
• CRONOMETRO
• COLORES: VARIEDAD DE
COLORES",images/page_1289_product_001.jpg,1289,0.75
F101,W- RELOJ PULSERA LASIKA,,10.0,"• PRODUCTO: RELOJ
• MODELO: DEPORTIVO
• CARACTERISTÍCAS: INDICA
HORA, FECHA, DÍA Y MES
• CRONOMETRO
• COLORES: VARIEDAD DE
COLORES",images/F101.jpg,1290,0.9
F96,W- RELOJ PULSERA LASIKA,,10.0,"• PRODUCTO: RELOJ
• MODELO: DEPORTIVO
• CARACTERISTÍCAS: INDICA
HORA, FECHA, DÍA Y MES
• CRONOMETRO
• COLORES: VARIEDAD DE
COLORES",images/F96.jpg,1291,0.9
,S-645CD RELOJ PULSERA AIMEIKE,,10.0,"• PRODUCTO: RELOJ
• MODELO: DEPORTIVO
• CARACTERISTÍCAS: INDICA
HORA, FECHA, DÍA Y MES
• CRONOMETRO
• COLORES: VARIEDAD DE
COLORES",images/page_1292_product_001.jpg,1292,0.75
,S-647P RELOJ PULSERA AIMEIKE,,10.0,"• PRODUCTO: RELOJ
• MODELO: DEPORTIVO
• CARACTERISTÍCAS: INDICA
HORA, FECHA, DÍA Y MES
• CRONOMETRO
• COLORES: VARIEDAD DE
COLORES",images/page_1293_product_001.jpg,1293,0.75
F158,W- RELOJ PULSERA,,10.0,"• PRODUCTO: RELOJ
• MODELO: DEPORTIVO
• CARACTERISTÍCAS: INDICA
HORA, FECHA, DÍA Y MES
• CRONOMETRO
• COLORES: VARIEDAD DE
COLORES",images/F158.jpg,1294,0.9
,S-640B RELOJ AIMEIKE,,11.0,"• PRODUCTO: RELOJ
• MODELO: DEPORTIVO
• CARACTERISTÍCAS: INDICA
HORA, FECHA, DÍA Y MES
• INCLUYE: LUZ DE PANTALLA
• CRONOMETRO
• COLORES: NEGRO,AZÚL,
AMARILLO,VERDE
MILITAR,GRIS
• DISEÑO:MILITAR",images/page_1295_product_001.jpg,1295,0.75
,B-647WJ RELOJ DEPORTIVO,BIG-GER,11.0,"• RELOJ PULSERA DEPORTIVO
PEQUEÑO
• RESISTENTE AL AGUA
• INDICA HORA, FECHA, DÍA Y MES
• ALARMA
• LUZ DE PANTALLA
• CRONOMETRO",images/page_1296_product_001.jpg,1296,0.85
F7004,W- RELOJ  PULSERA LASIKA,,11.0,"• PANTALLA MUESTRA LA HORA,
MINUTOS, SEGUNDOS, FECHA Y
DÍA DE LA SEMANA.
• DISEÑO RESISTENTE AL AGUA,
IDEAL PARA ACTIVIDADES
DEPORTIVAS.
• FUNCIONES COMO ALARMA,
CRONÓMETRO Y LUZ TRASERA
PARA VISIBILIDAD NOCTURNA.
• DISPONIBLE EN VARIOS COLORES
CON CORREAS DE RESINA
DURADERA.",images/F7004.jpg,1297,0.9
S-640,RELOJ AIMEIKE,,11.0,"• PRODUCTO: RELOJ
• MODELO: DEPORTIVO
• CARACTERISTÍCAS:
ALARMA, DÍA/FECHA,
BUZO, LED PANTALLA,
LUMINOSO
• DIAMETRO: 28MM
• RESISTENTE AL AGUA: 3",images/S-640.jpg,1298,0.9
,S-640HC RELOJ PULSERA AIMEIKE,,11.0,"• PRODUCTO: RELOJ
• MODELO: DEPORTIVO
• RESISTENTE AL AGUA
• INDICA HORA, FECHA, DÍA Y MES
• ALARMA
• LUZ DE PANTALLA
• CRONOMETRO",images/page_1299_product_001.jpg,1299,0.75
S-638,RELOJ PULSERA AIMEIKE,,11.0,"• PRODUCTO: RELOJ
• MODELO: DEPORTIVO
• RESISTENTE AL AGUA
• INDICA HORA, FECHA, DÍA Y
MES
• ALARMA
• LUZ DE PANTALLA
• CRONOMETRO",images/S-638.jpg,1300,0.9
,S-647HC RELOJ PULSERA AIMEIKE,,11.0,"• PRODUCTO: RELOJ
• MODELO: DEPORTIVO
• CARACTERISTÍCAS:
RESISTENTE AL AGUA
• INDICA : HORA, FECHA, DÍA
Y MES",images/page_1301_product_001.jpg,1301,0.75
ET-K6893,RELOJ,EWTTO,11.0,"• PRODUCTO: RELOJ
• MODELO: PULSERA
• CARACTERISTÍCAS: INDICA
HORA, FECHA, DÍA Y MES
• INCLUYE: LUZ DE PANTALLA
• CRONOMETRO
• COLORES : NEGRO , AZÚL,
PASTELES (
BLANCO,ROSADO,VERDE)",images/ET-K6893.jpg,1302,1.0
BS-K2118,RELOJ  PULSERA BOSSNEY,,12.0,"• PANTALLA MUESTRA LA HORA,
MINUTOS, SEGUNDOS, FECHA Y
DÍA DE LA SEMANA.
• DISEÑO RESISTENTE AL AGUA,
IDEAL PARA ACTIVIDADES
DEPORTIVAS.
• FUNCIONES COMO ALARMA,
CRONÓMETRO Y LUZ PARA
VISIBILIDAD NOCTURNA.
• DISPONIBLE EN VARIOS COLORES
CON CORREAS DE RESINA
DURADERA.",images/BS-K2118.jpg,1303,0.9
ET-K6066,RELOJ  DEPORTIVO,EWTTO,11.0,"• PRODUCTO: RELOJ
• MODELO: DEPORTIVO
• INDICA: HORA, FECHA, DÍA Y
MES
• COLORES:
AZUL,ROSADO,VERDE,PLOMO
Y NEGRO
• USO:CABALLEROS Y DAMAS",images/ET-K6066.jpg,1304,1.0
S6452,RELOJ PULSERA,,12.0,"• PRODUCTO: RELOJ
• MODELO: PULSERA
• INDICA: HORA
• INCLUYE RELOJ DE
CABALLERO,Y TRES
PULSERAS DE DISEÑO.",images/S6452.jpg,1305,0.9
SZB-013,RELOJ PULSERA BOSSNEY,,12.0,"• PRODUCTO: RELOJ
• MODELO: DEPORTIVO
• RESISTENTE AL AGUA
• INDICA HORA, FECHA, DÍA Y
MES
• ALARMA
• LUZ DE PANTALLA
• CRONOMETRO",images/SZB-013.jpg,1306,0.9
ZB-05,RELOJ PULSERA DAMA,,15.0,"• PRODUCTO: SET DE
REGALO
• INCLUYE: UN RELOJ DE
PULSERA PARA MUJER,
UNA PULSERA A JUEGO Y
UN COLLAR CON ANILLO.",images/ZB-05.jpg,1307,0.9
T3000,SMARTWATCH,,28.0,"• PRODUCTO: SMARTWATCH T3000
• MODALIDADES: RESPONDER
LLAMADAS
• MONITORIZACIÓN: RITMO
CARDÍACO, SUEÑO, CONTROL DE LA
PRESIÓN ARTERIAL Y CONTROL DEL
OXÍGENO EN SANGRE, RECUENTO
DE PASOS, CALORÍAS
• INCLUYE: CABLE DE CARGA, 7
DIFERENTES MODELOS DE CORREAS",images/T3000.jpg,1308,0.9
,P9 ULTRA 2 AUDIFONO + SMARTWATCH,,30.0,"• PACK DE AUDIFONO Y RELOJ
SMARTWATCH
• EL RELOJ TIENE PANTALLA DE 2.20
PULGADAS
• AUDIFONOS SON TIPO VINCHA CON
CONEXIÓN BLUETOOTH, MICROFONO
INCORPORADO Y CANCELACION DE
RUIDO.
• 7 CORREAS DE RESPUESTO
• CABLES DE CARGA",images/page_1309_product_001.jpg,1309,0.75
ZT-005,SMART WATCH + PARLANTE,,35.0,"• 7EN1
• SMARTWATCH
• 4 CORREAS INTERCAMBIABLES
• MINI PARLANTE BLUETOOTH
• MICROFONO
• CABLE DE CARGA",images/ZT-005.jpg,1310,0.9
ZT-40,SMART WATCH + PARLANTE,,35.0,"• 7EN1
• SMARTWATCH
• 4 CORREAS INTERCAMBIABLES
• MINI PARLANTE BLUETOOTH
• MICROFONO
• CABLE DE CARGA",images/ZT-40.jpg,1311,0.9
ZT-K8,SMARTWATCH,,35.0,"• PRODUCTO: SMARTWATCH ZT-K8
• INCLUYE: CABLE DE CARGA, 7
DIFERENTES MODELOS DE CORREAS
Y MICROFONO LAVALIER
• FUNCIONES: LLAMADAS,
BLUETOOTH, MONITOREO DE ECG Y
MODOS DEPORTIVOS",images/ZT-K8.jpg,1312,0.9
ZT-X2,SMARTWATCH,,35.0,"• PRODUCTO: SMARTWATCH ZT-X2
• INCLUYE: CABLE DE CARGA, 7
DIFERENTES MODELOS DE CORREAS
Y CONECTIVIDAD BLUETOOTH
• FUNCIONES: LLAMADAS,
BLUETOOTH, MONITOREO DE ECG,
FRECUENCIA CARDIACA ,
PRONOSTICO DEL TIEMPO, PRESION
ARTERIAL Y MODOS DEPORTIVOS",images/ZT-X2.jpg,1313,0.9
BS-K2307,SMARTWATCH BOSSNEY,,36.0,"• CONTADOR DE PASOS
• MICROFONO Y ALTAVOZ
• CONTESTA LLAMADAS (FUNCION
MANOS LIBRES)
• MODOS DEPORTIVOS
• CON RELOJ CASUAL Y ANILLOS",images/BS-K2307.jpg,1314,0.9
BS-K2306,SMARTWATCH,,45.0,"• CONTADOR DE PASOS
• MICROFONO Y ALTAVOZ
• CONTESTA LLAMADAS (FUNCION
MANOS LIBRES)
• MODOS DEPORTIVOS
• CON RELOJ CASUAL Y ARETES",images/BS-K2306.jpg,1315,0.9
BS-K2301,SMART WATCH BOSSNEY,,30.0,"• PRODUCTO: SMARTWATCH
• INCLUYE PODOMETRO, MODO
DEPORTIVOS Y CAPACIDAD PARA
REALIZAR Y CONTESTAR LLAMADAS ,
CON MICROFONO INCORPORADO Y
ALTAVOZ
• CONECTIVIDAD BLUETOOTH PARA
SINCRONIZAR APLICACIONES COMO
WHATSAPP Y FACEBOOK
• VIENE CON CABLE DE CARGA",images/BS-K2301.jpg,1316,0.9
SM06,RELOJ SMART WATCH MICCELL,,35.0,"• PRODUCTO: MARTWATCH
• PANTALLA: CUENTA CON UNA
PANTALLA AMOLED DE 2.02
PULGADAS.
• BATERÍA: DISPONE DE UNA CAPACIDAD
DE BATERÍA DE 200MAH.
• RESISTENCIA: ESTÁ CLASIFICADO CON
RESISTENCIA AL AGUA IP65.
• CONTENIDO: INCLUYE TRES CORREAS
INTERCAMBIABLES DE DIFERENTES
COLORES Y UN CABLE DE CARGA USB.",images/SM06.jpg,1317,0.9
HOT-1,SMART WATCH + AUDIFONO,,35.0,"• SMARTWATCH CON PANTALLA
AMOLED DE 2.3’’
• AUDIFONO DE DIADEMA CON
BLUETOOTH
• INCLUYE 4 CORREAS
INTERCAMBIABLES
• PARLANTE MINI
• INCLUYE CABLE DE CARGA",images/HOT-1.jpg,1318,0.9
BS-K2302,SMART WATCH,,50.0,"• PRODUCTO: SMARTWATCH
• RESOLUCION 360*360
• TAMAÑO DE LA PANTALLA:1.52
PULGADAS
• DURACION DE BATERIA:4-5 DIAS
APROX
• INCLUYE:ASISTENTE DE VOZ CON
INTELIGENCIA ARTIFICIAL
• MIDE FRECUENCIA
CARDIACA,PRESION ARTERIAL Y
NIVELES DE OXIGENO EN SANGRE
• RESISTENCIA CON CERTIFICACION
IP67, RESISTENCIA A SALPICADURAS
Y POLVO",images/BS-K2302.jpg,1319,0.9
,WATCH U SMART WATCH MOVISUN,,80.0,"• PRODUCTO: SMARTWATCH
• PANTALLA HD D 1.85 PULGADAS.
• RESOLUCION 320X386 PIXELES.
• MONITOREO DE SALUD , RITMO
CARDIACO,OXIGENO EN SANGRE,
SUEÑO Y RESISTENCIA AL AGUA
IP67
• CONECTIVIDAD BLUETOOTH PARA
SINCRONIZAR APLICACIONES COMO
WHATSAPP Y FACEBOOK
• VIENE CON CABLE DE CARGA",images/page_1320_product_001.jpg,1320,0.75
SM03,SMARTWATCH MICCELL,,95.0,"• FUNCIONES DE SALUD: CUENTA CON
MONITOREO DE FRECUENCIA
CARDÍACA, MEDICIÓN DE OXÍGENO EN
SANGRE Y SEGUIMIENTO DEL SUEÑO.
• COMPATIBILIDAD: ES COMPATIBLE CON
DISPOSITIVOS ANDROID E IPHONE.
• DISEÑO: PRESENTA UN DISEÑO
MODERNO CON PANTALLA TIPO IPS.
• MODOS DEPORTIVOS: INCLUYE VARIOS
MODOS DE MOVIMIENTO PARA EL
SEGUIMIENTO DE ACTIVIDADES
FÍSICAS",images/SM03.jpg,1321,0.9
